"Reef","ReefID","Longitude","Latitude","date_edna","perc_pos","conc_mean","n_samples","cpue_category","category"
"Andersen Reef (15-090)","15-090",145.80300725,-15.78697225,2026-01-30,37.5,3.93115493934601,24,"< 0.01 CPUE","Non-target reef with eDNA"
"Bacchi Reef (21-495)","21-495",152.3858725,-21.6319575,2025-11-03,45.8333333333333,4.22634424176067,24,"< 0.01 CPUE","Non-target reef with eDNA"
"Corbett Reef (14-016)","14-016",144.179833333333,-13.8905555566667,2025-05-30,50,9.39591121855556,36,"0.01–0.04 CPUE","Non-target reef with eDNA"
"Davie Reef (13-130)","13-130",144.4412389,-13.97595,2025-05-30,2.77777777777778,0.430960518611111,36,"< 0.01 CPUE","Non-target reef with eDNA"
"Dicks Reef (22-141)","22-141",152.6596085,-22.30402375,2026-01-13,20.8333333333333,5.88415253441781,24,"< 0.01 CPUE","Non-target reef with eDNA"
"Hedge Reef (13-108)","13-108",144.001416666667,-13.78388889,2025-05-29,97.2222222222222,54.7157474341944,36,"> 0.08 CPUE","Non-target reef with eDNA"
"Houdini Reef (21-524)","21-524",152.42182375,-21.823205,2026-01-12,8.33333333333333,1.29431274253875,24,"< 0.01 CPUE","Non-target reef with eDNA"
"Lavers Reef (21-235)","21-235",152.00885225,-21.21861125,2026-01-10,70.8333333333333,13.4023945080116,24,"0.04–0.08 CPUE","Non-target reef with eDNA"
"Littles Reef (21-589)","21-589",152.54295875,-21.97565375,2025-11-05,20.8333333333333,4.09512249752879,24,"< 0.01 CPUE","Non-target reef with eDNA"
"Long Reef (21-543)","21-543",152.39234275,-21.92119475,2025-11-06,37.5,4.18457160703838,24,"< 0.01 CPUE","Non-target reef with eDNA"
"North West Reef (16-072)","16-072",146.39527475,-16.87501925,2026-01-24,4.16666666666667,1.10192196443677,24,"< 0.01 CPUE","Non-target reef with eDNA"
"Pellowe Reef (16-070)","16-070",146.348786,-16.85281,2026-01-24,66.6666666666667,21.2370602414012,24,"0.04–0.08 CPUE","Non-target reef with eDNA"
"Rachel Carson Reef (15-092)","15-092",145.816084782609,-15.8261839130435,2026-01-26,34.7826086956522,3.0700569000581,23,"< 0.01 CPUE","Non-target reef with eDNA"
"Rib Reef (18-032)","18-032",146.871847766667,-18.4774555566667,2025-08-02,91.6666666666667,65.1450076104722,36,"> 0.08 CPUE","Non-target reef with eDNA"
"Ribbon No 5 Reef (15-038)","15-038",145.7834222,-15.37398333,2025-06-01,13.8888888888889,1.14655463644444,36,"< 0.01 CPUE","Non-target reef with eDNA"
"Ribbon No 9 Reef (14-154)","14-154",145.7075722,-14.9962111133333,2025-05-31,0,0,36,"< 0.01 CPUE","Non-target reef with eDNA"
"Ruby Reef (15-088)","15-088",145.77805526087,-15.7435317391304,2026-01-30,21.7391304347826,2.06255920879219,23,"< 0.01 CPUE","Non-target reef with eDNA"
"Turner Reef (21-562)","21-562",152.56031875,-21.71986,2026-01-11,29.1666666666667,2.95805842615664,24,"< 0.01 CPUE","Non-target reef with eDNA"
"U/N Reef (13-093a)","13-093a",143.989449966667,-13.7474555566667,2025-05-29,86.1111111111111,46.0115447019722,36,"> 0.08 CPUE","Non-target reef with eDNA"
"U/N Reef (13-124)","13-124",144.0488889,-13.8673555566667,2025-05-29,77.7777777777778,29.4145235486944,36,"0.04–0.08 CPUE","Non-target reef with eDNA"
"U/N Reef (15-043)","15-043",145.49217625,-15.41910925,2026-01-27,79.1666666666667,26.5476956730708,24,"0.04–0.08 CPUE","Non-target reef with eDNA"
"U/N Reef (20-383)","20-383",151.2100055,-20.93064425,2025-02-09,25,2.31771995325,24,"< 0.01 CPUE","Non-target reef with eDNA"
"U/N Reef (21-057)","21-057",150.45094,-21.1393925,2025-08-22,16.6666666666667,1.56799391841667,24,"< 0.01 CPUE","Non-target reef with eDNA"
"U/N Reef (21-067)","21-067",150.89632175,-21.11535175,2025-02-07,50,18.4416108281667,24,"0.04–0.08 CPUE","Non-target reef with eDNA"
"U/N Reef (21-069)","21-069",150.99388275,-21.1126435,2025-02-08,4.16666666666667,0.347517128083333,24,"< 0.01 CPUE","Non-target reef with eDNA"
"U/N Reef (21-071)","21-071",150.76085675,-21.13554775,2025-02-08,12.5,1.03384603279167,24,"< 0.01 CPUE","Non-target reef with eDNA"
"U/N Reef (21-092)","21-092",151.1596935,-21.0125805,2025-02-11,79.1666666666667,41.9382075084583,24,"0.04–0.08 CPUE","Non-target reef with eDNA"
"U/N Reef (21-093)","21-093",151.10085075,-21.03259575,2025-02-12,45.8333333333333,14.8347705367083,24,"0.01–0.04 CPUE","Non-target reef with eDNA"
"U/N Reef (21-094)","21-094",151.1478695,-21.0344935,2025-02-11,66.6666666666667,11.7273100646667,24,"0.04–0.08 CPUE","Non-target reef with eDNA"
"U/N Reef (21-256)","21-256",152.47898475,-21.349583,2025-11-01,79.1666666666667,41.9643095927313,24,"0.04–0.08 CPUE","Non-target reef with eDNA"
"U/N Reef (21-263)","21-263",152.48314275,-21.4118285,2025-01-12,16.6666666666667,1.65066912283333,24,"< 0.01 CPUE","Non-target reef with eDNA"
"U/N Reef (21-264)","21-264",152.40085275,-21.420348,2025-10-31,66.6666666666667,38.2019141456112,24,"0.04–0.08 CPUE","Non-target reef with eDNA"
"U/N Reef (21-270)","21-270",152.3882195,-21.47811825,2025-01-13,12.5,0.986639154166667,24,"< 0.01 CPUE","Non-target reef with eDNA"
"U/N Reef (21-443)","21-443",151.70586,-21.5658275,2025-01-09,37.5,6.15489834420833,24,"< 0.01 CPUE","Non-target reef with eDNA"
"U/N Reef (21-444)","21-444",151.6202325,-21.57266,2025-01-08,45.8333333333333,6.39011925108333,24,"0.01–0.04 CPUE","Non-target reef with eDNA"
"U/N Reef (21-453)","21-453",151.6902925,-21.650803,2025-01-09,8.33333333333333,1.34486951833333,24,"< 0.01 CPUE","Non-target reef with eDNA"
"U/N Reef (21-460)","21-460",151.7398025,-21.712155,2025-04-10,8.33333333333333,1,24,"< 0.01 CPUE","Non-target reef with eDNA"
"U/N Reef (21-466)","21-466",151.9710375,-21.8309925,2025-04-12,8.33333333333333,0.9375,24,"< 0.01 CPUE","Non-target reef with eDNA"
"U/N Reef (21-476)","21-476",152.19530025,-21.5504065,2025-01-10,8.33333333333333,0.659130187708333,24,"< 0.01 CPUE","Non-target reef with eDNA"
"U/N Reef (21-477)","21-477",152.3966195,-21.54423675,2025-01-14,8.33333333333333,0.706128566541667,24,"< 0.01 CPUE","Non-target reef with eDNA"
"U/N Reef (21-479)","21-479",152.4540625,-21.55899825,2025-11-02,50,13.8645574683323,24,"0.04–0.08 CPUE","Non-target reef with eDNA"
"U/N Reef (21-486)","21-486",152.40471675,-21.59107415,2025-11-02,41.6666666666667,4.64739045128226,24,"< 0.01 CPUE","Non-target reef with eDNA"
"U/N Reef (21-488)","21-488",152.0708375,-21.59084925,2025-01-10,4.16666666666667,0.332479085791667,24,"< 0.01 CPUE","Non-target reef with eDNA"
"U/N Reef (21-489)","21-489",152.19192,-21.60287,2025-01-10,4.16666666666667,0.339871086166667,24,"< 0.01 CPUE","Non-target reef with eDNA"
"U/N Reef (21-520)","21-520",152.466076,-21.80338475,2026-01-12,33.3333333333333,6.50331035722047,24,"< 0.01 CPUE","Non-target reef with eDNA"
"U/N Reef (21-590)","21-590",152.56425825,-21.97961975,2025-11-05,0,0,24,"< 0.01 CPUE","Non-target reef with eDNA"
"U/N Reef (22-143)","22-143",152.7264715,-22.3264875,2026-01-13,8.33333333333333,0.709497160278261,24,"< 0.01 CPUE","Non-target reef with eDNA"
"Yonge Reef (14-138)","14-138",145.623016666667,-14.6062722233333,2025-05-31,5.55555555555556,1.14023533336111,36,"< 0.01 CPUE","Non-target reef with eDNA"
"(Little) Broadhurst Reef (18-106)","18-106",147.694,-18.956,NA,NA,NA,NA,NA,"Target reef (no eDNA)"
"Agincourt Reefs (No 1) (15-099c)","15-099c",145.867,-16.052,NA,NA,NA,NA,NA,"Target reef (no eDNA)"
"Agincourt Reefs (No 3) (15-099a)","15-099a",145.832,-15.99,NA,NA,NA,NA,NA,"Target reef (no eDNA)"
"Agincourt Reefs (No 5) (15-099d)","15-099d",145.835,-16.035,NA,NA,NA,NA,NA,"Target reef (no eDNA)"
"Arlington Reef (16-064)","16-064",146.055,-16.695,NA,NA,NA,NA,NA,"Target reef (no eDNA)"
"Backnumbers Reef (18-069a)","18-069a",147.148,-18.509,NA,NA,NA,NA,NA,"Target reef (no eDNA)"
"Bait Reef (19-137)","19-137",149.074,-19.807,NA,NA,NA,NA,NA,"Target reef (no eDNA)"
"Banfield Reef (South) (18-105b)","18-105b",147.909,-18.939,NA,NA,NA,NA,NA,"Target reef (no eDNA)"
"Black Island Reef (20-017)","20-017",148.893,-20.081,NA,NA,NA,NA,NA,"Target reef (no eDNA)"
"Boulder Reef (15-012)","15-012",145.431,-15.414,NA,NA,NA,NA,NA,"Target reef (no eDNA)"
"Boult Reef (23-079)","23-079",152.272,-23.757,NA,NA,NA,NA,NA,"Target reef (no eDNA)"
"Bowles Reef (11-214)","11-214",143.684,-11.623,NA,NA,NA,NA,NA,"Target reef (no eDNA)"
"Breaking Patches (16-042)","16-042",145.98,-16.582,NA,NA,NA,NA,NA,"Target reef (no eDNA)"
"Briggs Reef (16-074)","16-074",146.207,-16.938,NA,NA,NA,NA,NA,"Target reef (no eDNA)"
"Chinaman Reef (16-024)","16-024",145.792,-16.213,NA,NA,NA,NA,NA,"Target reef (no eDNA)"
"Coates Reef (17-011)","17-011",146.369,-17.197,NA,NA,NA,NA,NA,"Target reef (no eDNA)"
"Cochin Reef (11-057)","11-057",143.439,-11.431,NA,NA,NA,NA,NA,"Target reef (no eDNA)"
"Cockburn Reef (11-173)","11-173",143.363,-11.821,NA,NA,NA,NA,NA,"Target reef (no eDNA)"
"Detour Reef (21-514)","21-514",152.414,-21.761,NA,NA,NA,NA,NA,"Target reef (no eDNA)"
"East Cay Reef (21-305)","21-305",152.565,-21.483,NA,NA,NA,NA,NA,"Target reef (no eDNA)"
"Egret Reef (15-013)","15-013",145.418,-15.474,NA,NA,NA,NA,NA,"Target reef (no eDNA)"
"Elford Reef (16-073)","16-073",146.249,-16.912,NA,NA,NA,NA,NA,"Target reef (no eDNA)"
"Emily Reef (15-082)","15-082",145.626,-15.606,NA,NA,NA,NA,NA,"Target reef (no eDNA)"
"Emperor Reef (21-538)","21-538",152.444,-21.884,NA,NA,NA,NA,NA,"Target reef (no eDNA)"
"Endeavour Reef (15-089)","15-089",145.582,-15.777,NA,NA,NA,NA,NA,"Target reef (no eDNA)"
"Evening Reef (15-095)","15-095",145.657,-15.905,NA,NA,NA,NA,NA,"Target reef (no eDNA)"
"Eye Reef (14-134)","14-134",145.478,-14.895,NA,NA,NA,NA,NA,"Target reef (no eDNA)"
"Fitzroy Island Reef (No 1) (16-054a)","16-054a",145.994,-16.925,NA,NA,NA,NA,NA,"Target reef (no eDNA)"
"Fitzroy Island Reef (No 2) (16-054b)","16-054b",145.985,-16.933,NA,NA,NA,NA,NA,"Target reef (no eDNA)"
"Fitzroy Reef (23-077)","23-077",152.147,-23.633,NA,NA,NA,NA,NA,"Target reef (no eDNA)"
"Flora Reef (17-010)","17-010",146.291,-17.185,NA,NA,NA,NA,NA,"Target reef (no eDNA)"
"Flynn Reef (16-065)","16-065",146.275,-16.729,NA,NA,NA,NA,NA,"Target reef (no eDNA)"
"Forrester Reef (15-009)","15-009",145.496,-15.167,NA,NA,NA,NA,NA,"Target reef (no eDNA)"
"Gull Reef (15-016)","15-016",145.569,-15.005,NA,NA,NA,NA,NA,"Target reef (no eDNA)"
"Hardy Reef (19-135)","19-135",149.233,-19.76,NA,NA,NA,NA,NA,"Target reef (no eDNA)"
"Hastings Reef (16-057)","16-057",146.008,-16.518,NA,NA,NA,NA,NA,"Target reef (no eDNA)"
"Hayman Island Reef (20-014)","20-014",148.891,-20.061,NA,NA,NA,NA,NA,"Target reef (no eDNA)"
"Helix Reef (18-076)","18-076",147.298,-18.625,NA,NA,NA,NA,NA,"Target reef (no eDNA)"
"Helsdon Reef (14-135)","14-135",145.488,-14.939,NA,NA,NA,NA,NA,"Target reef (no eDNA)"
"Heron Reef (23-052a)","23-052a",151.971,-23.446,NA,NA,NA,NA,NA,"Target reef (no eDNA)"
"Hook Island Reef (No 6) (20-028f)","20-028f",148.908,-20.077,NA,NA,NA,NA,NA,"Target reef (no eDNA)"
"Hook Island Reef (No 7) (20-028g)","20-028g",148.925,-20.073,NA,NA,NA,NA,NA,"Target reef (no eDNA)"
"Hook Island Reef (No 9) (20-028h)","20-028h",148.958,-20.063,NA,NA,NA,NA,NA,"Target reef (no eDNA)"
"Hopkinson Reef (18-073)","18-073",147.193,-18.551,NA,NA,NA,NA,NA,"Target reef (no eDNA)"
"Indefatigable Reef (11-103)","11-103",143.637,-11.474,NA,NA,NA,NA,NA,"Target reef (no eDNA)"
"Irene Reef (15-084)","15-084",145.715,-15.648,NA,NA,NA,NA,NA,"Target reef (no eDNA)"
"Jorgensen Patch (16-041)","16-041",145.953,-16.543,NA,NA,NA,NA,NA,"Target reef (no eDNA)"
"Kelso Reef (18-030)","18-030",146.99,-18.436,NA,NA,NA,NA,NA,"Target reef (no eDNA)"
"Knife Reef (18-081)","18-081",147.572,-18.576,NA,NA,NA,NA,NA,"Target reef (no eDNA)"
"Knuckle Reef (19-116)","19-116",149.273,-19.534,NA,NA,NA,NA,NA,"Target reef (no eDNA)"
"Lady Elliot Island Reef (24-008)","24-008",152.715,-24.113,NA,NA,NA,NA,NA,"Target reef (no eDNA)"
"Lady Musgrave Reef (23-082a)","23-082a",152.387,-23.902,NA,NA,NA,NA,NA,"Target reef (no eDNA)"
"Lamont Reef (23-076)","23-076",152.027,-23.599,NA,NA,NA,NA,NA,"Target reef (no eDNA)"
"Lark Reef (15-033)","15-033",145.574,-15.288,NA,NA,NA,NA,NA,"Target reef (no eDNA)"
"Linnet Reef (14-126)","14-126",145.344,-14.787,NA,NA,NA,NA,NA,"Target reef (no eDNA)"
"Little Fitzroy Island Reef (16-055)","16-055",146.006,-16.923,NA,NA,NA,NA,NA,"Target reef (no eDNA)"
"Little Kelso Reef (18-031)","18-031",146.993,-18.469,NA,NA,NA,NA,NA,"Target reef (no eDNA)"
"Lizard Island Reef (Coconut Bay) (14-116c)","14-116c",145.472,-14.681,NA,NA,NA,NA,NA,"Target reef (no eDNA)"
"Llewellyn Reef (23-078)","23-078",152.181,-23.695,NA,NA,NA,NA,NA,"Target reef (no eDNA)"
"Long Reef (15-019)","15-019",145.57,-15.051,NA,NA,NA,NA,NA,"Target reef (no eDNA)"
"Low Islands Reef (16-028)","16-028",145.564,-16.386,NA,NA,NA,NA,NA,"Target reef (no eDNA)"
"Low Wooded Reef (15-003)","15-003",145.38,-15.094,NA,NA,NA,NA,NA,"Target reef (no eDNA)"
"MacGillivray Reef (14-114)","14-114",145.491,-14.652,NA,NA,NA,NA,NA,"Target reef (no eDNA)"
"Mackay Reef (16-015)","16-015",145.647,-16.049,NA,NA,NA,NA,NA,"Target reef (no eDNA)"
"Mackay Reefs (15-024)","15-024",145.571,-15.139,NA,NA,NA,NA,NA,"Target reef (no eDNA)"
"Martin Reef (14-123)","14-123",145.356,-14.763,NA,NA,NA,NA,NA,"Target reef (no eDNA)"
"Marx Reef (15-027)","15-027",145.621,-15.198,NA,NA,NA,NA,NA,"Target reef (no eDNA)"
"McSweeney Reef (11-016)","11-016",143.243,-11.023,NA,NA,NA,NA,NA,"Target reef (no eDNA)"
"Mervs Reef (21-536)","21-536",152.364,-21.892,NA,NA,NA,NA,NA,"Target reef (no eDNA)"
"Michaelmas Reef (16-060)","16-060",146.019,-16.582,NA,NA,NA,NA,NA,"Target reef (no eDNA)"
"Mid Reef (19-029)","19-029",148.077,-19.071,NA,NA,NA,NA,NA,"Target reef (no eDNA)"
"Monkman Reef (11-059)","11-059",143.157,-11.472,NA,NA,NA,NA,NA,"Target reef (no eDNA)"
"Monsoon Reef (11-029)","11-029",143.253,-11.129,NA,NA,NA,NA,NA,"Target reef (no eDNA)"
"Morning Reef (15-098)","15-098",145.665,-15.976,NA,NA,NA,NA,NA,"Target reef (no eDNA)"
"Norman Reef (16-030)","16-030",145.997,-16.428,NA,NA,NA,NA,NA,"Target reef (no eDNA)"
"Normanby-Mabel Reef (17-012)","17-012",146.077,-17.21,NA,NA,NA,NA,NA,"Target reef (no eDNA)"
"One Tree Island Reef (23-055a)","23-055a",152.061,-23.496,NA,NA,NA,NA,NA,"Target reef (no eDNA)"
"Opal Reef (16-025)","16-025",145.89,-16.221,NA,NA,NA,NA,NA,"Target reef (no eDNA)"
"Pasco Reef (15-018)","15-018",145.533,-15.045,NA,NA,NA,NA,NA,"Target reef (no eDNA)"
"Pickersgill Reef (15-093)","15-093",145.574,-15.873,NA,NA,NA,NA,NA,"Target reef (no eDNA)"
"Pixie Reef (16-040)","16-040",145.862,-16.547,NA,NA,NA,NA,NA,"Target reef (no eDNA)"
"Recreation Reef (21-501)","21-501",152.441,-21.678,NA,NA,NA,NA,NA,"Target reef (no eDNA)"
"Risk Reef (11-098)","11-098",143.768,-11.423,NA,NA,NA,NA,NA,"Target reef (no eDNA)"
"Rocky Islets Reef (14-132a)","14-132a",145.48,-14.855,NA,NA,NA,NA,NA,"Target reef (no eDNA)"
"Rosser Reef (15-081)","15-081",145.515,-15.607,NA,NA,NA,NA,NA,"Target reef (no eDNA)"
"Round-Russell Reef (17-013)","17-013",146.092,-17.224,NA,NA,NA,NA,NA,"Target reef (no eDNA)"
"Saville-Kent Reef (18-099)","18-099",147.883,-18.859,NA,NA,NA,NA,NA,"Target reef (no eDNA)"
"Saxon Reef (16-032)","16-032",145.99,-16.465,NA,NA,NA,NA,NA,"Target reef (no eDNA)"
"Siddons Reef (11-200)","11-200",143.642,-11.513,NA,NA,NA,NA,NA,"Target reef (no eDNA)"
"Sinker Reef (19-133)","19-133",149.199,-19.719,NA,NA,NA,NA,NA,"Target reef (no eDNA)"
"Small Reef (21-517)","21-517",152.424,-21.776,NA,NA,NA,NA,NA,"Target reef (no eDNA)"
"South Direction Reef (North) (14-147a)","14-147a",145.524,-14.824,NA,NA,NA,NA,NA,"Target reef (no eDNA)"
"South Direction Reef (South) (14-147b)","14-147b",145.521,-14.812,NA,NA,NA,NA,NA,"Target reef (no eDNA)"
"Spitfire Reefs (East) (16-012b)","16-012b",145.635,-16.015,NA,NA,NA,NA,NA,"Target reef (no eDNA)"
"Spoon Reef (North) (18-085a)","18-085a",147.566,-18.658,NA,NA,NA,NA,NA,"Target reef (no eDNA)"
"St Crispin Reef (16-019)","16-019",145.833,-16.104,NA,NA,NA,NA,NA,"Target reef (no eDNA)"
"Startle Reefs (15-028)","15-028",145.556,-15.207,NA,NA,NA,NA,NA,"Target reef (no eDNA)"
"Swinger Reef (15-030)","15-030",145.537,-15.242,NA,NA,NA,NA,NA,"Target reef (no eDNA)"
"Sylvan Reef (16-017)","16-017",145.721,-16.08,NA,NA,NA,NA,NA,"Target reef (no eDNA)"
"Tern Reef (20-309)","20-309",150.033,-20.909,NA,NA,NA,NA,NA,"Target reef (no eDNA)"
"Three Islands Reef (15-005)","15-005",145.422,-15.115,NA,NA,NA,NA,NA,"Target reef (no eDNA)"
"Turning Point Patches (No 1) (11-048a)","11-048a",143.406,-11.329,NA,NA,NA,NA,NA,"Target reef (no eDNA)"
"Turtle Reef (21-519)","21-519",152.383,-21.8,NA,NA,NA,NA,NA,"Target reef (no eDNA)"
"Twin Cays Reef (South) (21-168)","21-168",151.982,-21.227,NA,NA,NA,NA,NA,"Target reef (no eDNA)"
"Two Islands Reef (15-002)","15-002",145.442,-15.023,NA,NA,NA,NA,NA,"Target reef (no eDNA)"
"U/N Reef (10-384)","10-384",143.964,-10.71,NA,NA,NA,NA,NA,"Target reef (no eDNA)"
"U/N Reef (10-385)","10-385",143.959,-10.725,NA,NA,NA,NA,NA,"Target reef (no eDNA)"
"U/N Reef (10-386)","10-386",143.98,-10.723,NA,NA,NA,NA,NA,"Target reef (no eDNA)"
"U/N Reef (10-400)","10-400",143.99,-10.794,NA,NA,NA,NA,NA,"Target reef (no eDNA)"
"U/N Reef (10-403)","10-403",143.996,-10.824,NA,NA,NA,NA,NA,"Target reef (no eDNA)"
"U/N Reef (10-412)","10-412",144.014,-10.887,NA,NA,NA,NA,NA,"Target reef (no eDNA)"
"U/N Reef (10-414)","10-414",144.018,-10.927,NA,NA,NA,NA,NA,"Target reef (no eDNA)"
"U/N Reef (10-418b)","10-418b",144.018,-10.986,NA,NA,NA,NA,NA,"Target reef (no eDNA)"
"U/N Reef (10-426)","10-426",144.014,-10.951,NA,NA,NA,NA,NA,"Target reef (no eDNA)"
"U/N Reef (11-049)","11-049",143.336,-11.361,NA,NA,NA,NA,NA,"Target reef (no eDNA)"
"U/N Reef (11-050)","11-050",143.161,-11.377,NA,NA,NA,NA,NA,"Target reef (no eDNA)"
"U/N Reef (11-054)","11-054",143.165,-11.434,NA,NA,NA,NA,NA,"Target reef (no eDNA)"
"U/N Reef (11-056a)","11-056a",143.401,-11.505,NA,NA,NA,NA,NA,"Target reef (no eDNA)"
"U/N Reef (11-056b)","11-056b",143.27,-11.462,NA,NA,NA,NA,NA,"Target reef (no eDNA)"
"U/N Reef (11-056c)","11-056c",143.31,-11.397,NA,NA,NA,NA,NA,"Target reef (no eDNA)"
"U/N Reef (11-087b)","11-087b",143.959,-11.372,NA,NA,NA,NA,NA,"Target reef (no eDNA)"
"U/N Reef (11-155)","11-155",143.178,-11.532,NA,NA,NA,NA,NA,"Target reef (no eDNA)"
"U/N Reef (11-158)","11-158",143.232,-11.58,NA,NA,NA,NA,NA,"Target reef (no eDNA)"
"U/N Reef (11-159)","11-159",143.178,-11.59,NA,NA,NA,NA,NA,"Target reef (no eDNA)"
"U/N Reef (11-162)","11-162",143.291,-11.604,NA,NA,NA,NA,NA,"Target reef (no eDNA)"
"U/N Reef (11-164)","11-164",143.434,-11.691,NA,NA,NA,NA,NA,"Target reef (no eDNA)"
"U/N Reef (11-216)","11-216",143.578,-11.659,NA,NA,NA,NA,NA,"Target reef (no eDNA)"
"U/N Reef (11-251)","11-251",143.37,-11.552,NA,NA,NA,NA,NA,"Target reef (no eDNA)"
"U/N Reef (14-132b)","14-132b",145.528,-14.866,NA,NA,NA,NA,NA,"Target reef (no eDNA)"
"U/N Reef (14-132c)","14-132c",145.489,-14.869,NA,NA,NA,NA,NA,"Target reef (no eDNA)"
"U/N Reef (14-133)","14-133",145.516,-14.917,NA,NA,NA,NA,NA,"Target reef (no eDNA)"
"U/N Reef (14-145)","14-145",145.586,-14.79,NA,NA,NA,NA,NA,"Target reef (no eDNA)"
"U/N Reef (14-149)","14-149",145.618,-14.843,NA,NA,NA,NA,NA,"Target reef (no eDNA)"
"U/N Reef (14-150)","14-150",145.557,-14.883,NA,NA,NA,NA,NA,"Target reef (no eDNA)"
"U/N Reef (14-163)","14-163",145.454,-14.909,NA,NA,NA,NA,NA,"Target reef (no eDNA)"
"U/N Reef (15-022)","15-022",145.636,-15.098,NA,NA,NA,NA,NA,"Target reef (no eDNA)"
"U/N Reef (15-023)","15-023",145.67,-15.094,NA,NA,NA,NA,NA,"Target reef (no eDNA)"
"U/N Reef (15-035)","15-035",145.639,-15.319,NA,NA,NA,NA,NA,"Target reef (no eDNA)"
"U/N Reef (15-036)","15-036",145.647,-15.331,NA,NA,NA,NA,NA,"Target reef (no eDNA)"
"U/N Reef (15-041)","15-041",145.766,-15.4,NA,NA,NA,NA,NA,"Target reef (no eDNA)"
"U/N Reef (15-044)","15-044",145.613,-15.428,NA,NA,NA,NA,NA,"Target reef (no eDNA)"
"U/N Reef (15-045)","15-045",145.658,-15.43,NA,NA,NA,NA,NA,"Target reef (no eDNA)"
"U/N Reef (15-047)","15-047",145.677,-15.462,NA,NA,NA,NA,NA,"Target reef (no eDNA)"
"U/N Reef (15-048)","15-048",145.655,-15.484,NA,NA,NA,NA,NA,"Target reef (no eDNA)"
"U/N Reef (15-049)","15-049",145.503,-15.486,NA,NA,NA,NA,NA,"Target reef (no eDNA)"
"U/N Reef (15-071a)","15-071a",145.534,-15.513,NA,NA,NA,NA,NA,"Target reef (no eDNA)"
"U/N Reef (15-071b)","15-071b",145.546,-15.506,NA,NA,NA,NA,NA,"Target reef (no eDNA)"
"U/N Reef (15-071c)","15-071c",145.57,-15.51,NA,NA,NA,NA,NA,"Target reef (no eDNA)"
"U/N Reef (15-072)","15-072",145.779,-15.515,NA,NA,NA,NA,NA,"Target reef (no eDNA)"
"U/N Reef (16-011)","16-011",145.764,-16.007,NA,NA,NA,NA,NA,"Target reef (no eDNA)"
"U/N Reef (16-014a)","16-014a",145.7,-16.024,NA,NA,NA,NA,NA,"Target reef (no eDNA)"
"U/N Reef (16-014b)","16-014b",145.71,-16.033,NA,NA,NA,NA,NA,"Target reef (no eDNA)"
"U/N Reef (16-016)","16-016",145.739,-16.055,NA,NA,NA,NA,NA,"Target reef (no eDNA)"
"U/N Reef (16-018a)","16-018a",145.756,-16.077,NA,NA,NA,NA,NA,"Target reef (no eDNA)"
"U/N Reef (16-054f)","16-054f",145.988,-16.941,NA,NA,NA,NA,NA,"Target reef (no eDNA)"
"U/N Reef (16-054g)","16-054g",146.002,-16.934,NA,NA,NA,NA,NA,"Target reef (no eDNA)"
"U/N Reef (18-103)","18-103",147.892,-18.906,NA,NA,NA,NA,NA,"Target reef (no eDNA)"
"U/N Reef (20-348)","20-348",150.953,-20.887,NA,NA,NA,NA,NA,"Target reef (no eDNA)"
"U/N Reef (20-350)","20-350",151.003,-20.832,NA,NA,NA,NA,NA,"Target reef (no eDNA)"
"U/N Reef (20-370b)","20-370b",151.058,-20.882,NA,NA,NA,NA,NA,"Target reef (no eDNA)"
"U/N Reef (20-375)","20-375",151.003,-20.817,NA,NA,NA,NA,NA,"Target reef (no eDNA)"
"U/N Reef (20-380)","20-380",151.043,-20.915,NA,NA,NA,NA,NA,"Target reef (no eDNA)"
"U/N Reef (20-540)","20-540",151.014,-20.814,NA,NA,NA,NA,NA,"Target reef (no eDNA)"
"U/N Reef (21-056b)","21-056b",150.455,-21.079,NA,NA,NA,NA,NA,"Target reef (no eDNA)"
"U/N Reef (21-088)","21-088",151.325,-21.024,NA,NA,NA,NA,NA,"Target reef (no eDNA)"
"U/N Reef (21-103)","21-103",151.369,-21.079,NA,NA,NA,NA,NA,"Target reef (no eDNA)"
"U/N Reef (21-155)","21-155",151.69,-21.16,NA,NA,NA,NA,NA,"Target reef (no eDNA)"
"U/N Reef (21-159)","21-159",151.799,-21.162,NA,NA,NA,NA,NA,"Target reef (no eDNA)"
"U/N Reef (21-162)","21-162",151.542,-21.205,NA,NA,NA,NA,NA,"Target reef (no eDNA)"
"U/N Reef (21-164)","21-164",151.529,-21.218,NA,NA,NA,NA,NA,"Target reef (no eDNA)"
"U/N Reef (21-169)","21-169",151.69,-21.239,NA,NA,NA,NA,NA,"Target reef (no eDNA)"
"U/N Reef (21-170)","21-170",151.668,-21.244,NA,NA,NA,NA,NA,"Target reef (no eDNA)"
"U/N Reef (21-177)","21-177",151.703,-21.333,NA,NA,NA,NA,NA,"Target reef (no eDNA)"
"U/N Reef (21-179)","21-179",151.724,-21.347,NA,NA,NA,NA,NA,"Target reef (no eDNA)"
"U/N Reef (21-180)","21-180",151.826,-21.346,NA,NA,NA,NA,NA,"Target reef (no eDNA)"
"U/N Reef (21-182)","21-182",151.673,-21.377,NA,NA,NA,NA,NA,"Target reef (no eDNA)"
"U/N Reef (21-183)","21-183",151.711,-21.374,NA,NA,NA,NA,NA,"Target reef (no eDNA)"
"U/N Reef (21-187)","21-187",151.648,-21.419,NA,NA,NA,NA,NA,"Target reef (no eDNA)"
"U/N Reef (21-188)","21-188",151.586,-21.444,NA,NA,NA,NA,NA,"Target reef (no eDNA)"
"U/N Reef (21-189)","21-189",151.675,-21.452,NA,NA,NA,NA,NA,"Target reef (no eDNA)"
"U/N Reef (21-245)","21-245",152.437,-21.305,NA,NA,NA,NA,NA,"Target reef (no eDNA)"
"U/N Reef (21-271)","21-271",152.132,-21.493,NA,NA,NA,NA,NA,"Target reef (no eDNA)"
"U/N Reef (21-439)","21-439",151.653,-21.518,NA,NA,NA,NA,NA,"Target reef (no eDNA)"
"U/N Reef (21-478)","21-478",152.273,-21.563,NA,NA,NA,NA,NA,"Target reef (no eDNA)"
"U/N Reef (21-499)","21-499",152.452,-21.664,NA,NA,NA,NA,NA,"Target reef (no eDNA)"
"U/N Reef (21-506)","21-506",152.29,-21.715,NA,NA,NA,NA,NA,"Target reef (no eDNA)"
"U/N Reef (21-512)","21-512",152.334,-21.758,NA,NA,NA,NA,NA,"Target reef (no eDNA)"
"U/N Reef (21-513)","21-513",152.201,-21.752,NA,NA,NA,NA,NA,"Target reef (no eDNA)"
"U/N Reef (21-526)","21-526",152.312,-21.832,NA,NA,NA,NA,NA,"Target reef (no eDNA)"
"U/N Reef (21-537)","21-537",152.395,-21.881,NA,NA,NA,NA,NA,"Target reef (no eDNA)"
"U/N Reef (21-539)","21-539",152.271,-21.94,NA,NA,NA,NA,NA,"Target reef (no eDNA)"
"U/N Reef (21-542)","21-542",152.466,-21.917,NA,NA,NA,NA,NA,"Target reef (no eDNA)"
"U/N Reef (21-550)","21-550",152.313,-21.951,NA,NA,NA,NA,NA,"Target reef (no eDNA)"
"U/N Reef (21-551)","21-551",152.056,-21.961,NA,NA,NA,NA,NA,"Target reef (no eDNA)"
"U/N Reef (21-558)","21-558",152.546,-21.549,NA,NA,NA,NA,NA,"Target reef (no eDNA)"
"U/N Reef (22-088a)","22-088a",152.158,-22.026,NA,NA,NA,NA,NA,"Target reef (no eDNA)"
"Undine Reef (East) (16-020b)","16-020b",145.775,-16.117,NA,NA,NA,NA,NA,"Target reef (no eDNA)"
"Upolu Reef (16-046)","16-046",145.937,-16.674,NA,NA,NA,NA,NA,"Target reef (no eDNA)"
"Vlasoff Reef (16-044b)","16-044b",145.993,-16.655,NA,NA,NA,NA,NA,"Target reef (no eDNA)"
"Wheeler Reef (18-095)","18-095",147.526,-18.798,NA,NA,NA,NA,NA,"Target reef (no eDNA)"
"(Big) Broadhurst Reef (No 1) (18-100a)","18-100a",147.742,-18.907,2025-04-06,50,7.625,24,"0.01–0.04 CPUE","Target reef with eDNA"
"Banfield Reef (North) (18-105a)","18-105a",147.897,-18.925,2025-04-02,83.3333333333333,42.1040624875417,24,"> 0.08 CPUE","Target reef with eDNA"
"Banfield Reef (North) (18-105a)","18-105a",147.897,-18.925,2025-08-04,100,90.8664838145417,24,"> 0.08 CPUE","Target reef with eDNA"
"Batt Reef (16-029)","16-029",145.768,-16.414,2025-06-03,76.1904761904762,16.1279925150238,42,"0.04–0.08 CPUE","Target reef with eDNA"
"Bowden Reef (19-019)","19-019",147.928,-19.033,2025-08-03,76.1904761904762,16.1508173148333,42,"0.04–0.08 CPUE","Target reef with eDNA"
"Bushy-Redbill Reef (20-310)","20-310",150.08,-20.962,2025-08-23,87.5,54.6670385205833,24,"> 0.08 CPUE","Target reef with eDNA"
"Cairns Reef (15-086)","15-086",145.509,-15.672,2025-06-02,47.2222222222222,5.50036506438889,36,"< 0.01 CPUE","Target reef with eDNA"
"Davies Reef (18-096)","18-096",147.645,-18.822,2025-08-03,95.2380952380952,71.8017341748333,42,"> 0.08 CPUE","Target reef with eDNA"
"Eyrie Reef (14-118)","14-118",145.379,-14.711,2025-09-26,78.5714285714286,18.122487329,42,"0.04–0.08 CPUE","Target reef with eDNA"
"Green Island Reef (16-049)","16-049",145.999,-16.767,2025-08-01,22.2222222222222,3.20106328788889,36,"< 0.01 CPUE","Target reef with eDNA"
"John Brewer Reef (18-075)","18-075",147.053,-18.631,2025-08-02,66.6666666666667,23.1488904653095,42,"0.04–0.08 CPUE","Target reef with eDNA"
"Judith Wright Reef (18-101)","18-101",147.951,-18.9,2025-08-05,79.1666666666667,131.47765900625,24,"0.04–0.08 CPUE","Target reef with eDNA"
"Lizard Island Reef (Lagoon) (14-116d)","14-116d",145.45,-14.686,2025-09-23,76.6666666666667,26.8814201105833,60,"0.04–0.08 CPUE","Target reef with eDNA"
"Lizard Island Reef (North East) (14-116b)","14-116b",145.466,-14.655,2025-09-24,45,7.6742113476,20,"0.01–0.04 CPUE","Target reef with eDNA"
"Lizard Island Reef (North West) (14-116a)","14-116a",145.447,-14.659,2025-09-24,15,1.72490727175,20,"< 0.01 CPUE","Target reef with eDNA"
"Milln Reef (16-067)","16-067",146.265,-16.778,2026-01-25,79.1666666666667,40.3169405879453,24,"0.04–0.08 CPUE","Target reef with eDNA"
"Moore Reef (16-071)","16-071",146.213,-16.874,2025-06-04,58.3333333333333,8.54754845319444,36,"0.01–0.04 CPUE","Target reef with eDNA"
"Mystery Reef (21-258)","21-258",152.017,-21.377,2026-01-09,12.5,1.99339906685054,24,"< 0.01 CPUE","Target reef with eDNA"
"North Direction Reef (14-143)","14-143",145.511,-14.746,2025-09-23,59.5238095238095,81.3365141420714,42,"0.04–0.08 CPUE","Target reef with eDNA"
"Osterlund Reef (15-078)","15-078",145.532,-15.556,2025-06-01,50,9.79907742869048,42,"0.01–0.04 CPUE","Target reef with eDNA"
"Pike Reef (21-549)","21-549",152.423,-21.948,2026-01-12,16.6666666666667,1.2979834806174,24,"< 0.01 CPUE","Target reef with eDNA"
"Rudder Reef (16-023)","16-023",145.693,-16.192,2025-06-03,50,7.35883818325,36,"0.01–0.04 CPUE","Target reef with eDNA"
"Thetford Reef (16-068)","16-068",146.181,-16.803,2025-08-01,27.7777777777778,2.36937681525,36,"< 0.01 CPUE","Target reef with eDNA"
"Tongue Reef (16-026)","16-026",145.793,-16.321,2025-06-03,38.8888888888889,4.74132909413889,36,"< 0.01 CPUE","Target reef with eDNA"
"Twin Cays Reef (North) (21-166)","21-166",151.984,-21.215,2026-01-10,87.5,58.3826897200197,24,"> 0.08 CPUE","Target reef with eDNA"
"U/N Reef (15-077)","15-077",145.65,-15.558,2026-01-31,79.1666666666667,21.1638498818502,24,"0.04–0.08 CPUE","Target reef with eDNA"
"U/N Reef (20-386)","20-386",151.184,-20.96,2025-02-10,41.6666666666667,7.779216929625,24,"0.01–0.04 CPUE","Target reef with eDNA"
"U/N Reef (20-386)","20-386",151.184,-20.96,2025-08-19,62.5,21.8441327576667,24,"0.04–0.08 CPUE","Target reef with eDNA"
"U/N Reef (20-387)","20-387",151.247,-20.97,2025-02-09,25,3.28565505366667,24,"< 0.01 CPUE","Target reef with eDNA"
"U/N Reef (21-186)","21-186",151.793,-21.411,2026-01-08,12.5,1.66185703128576,24,"< 0.01 CPUE","Target reef with eDNA"
"U/N Reef (21-250a)","21-250a",152.402,-21.328,2025-10-30,83.3333333333333,15.5363501515239,24,"0.04–0.08 CPUE","Target reef with eDNA"
"U/N Reef (21-491)","21-491",152.474,-21.611,2025-11-03,54.1666666666667,67.5370526267215,24,"0.04–0.08 CPUE","Target reef with eDNA"
"Undine Reef (West) (16-020a)","16-020a",145.687,-16.123,2025-06-02,71.4285714285714,145.507650107095,42,"0.04–0.08 CPUE","Target reef with eDNA"
"Vicki Harriott Reef (15-070)","15-070",145.618,-15.503,2026-01-26,79.1666666666667,26.2549199629575,24,"0.04–0.08 CPUE","Target reef with eDNA"
"Williamson Reefs (15-039)","15-039",145.582,-15.359,2026-02-01,37.5,7.6105898944661,24,"< 0.01 CPUE","Target reef with eDNA"
