"","Reef","Collection.org","Year","grp","date_edna","conc_mean","perc_pos","n_samples"
"1","(Big) Broadhurst Reef (No 1) (18-100a)","Other","2025",1,2025-04-06,7.625,50,24
"2","Bait Reef (19-137)","AIMS","2019",1,2019-05-06,8.14243480555555,22.2222222222222,9
"3","Bait Reef (19-137)","Other","2023",1,2023-11-03,5.88427339783333,19.4444444444444,36
"4","Banfield Reef (North) (18-105a)","AIMS","2023",1,2023-03-31,25.960336197125,83.3333333333333,24
"5","Banfield Reef (North) (18-105a)","Other","2025",1,2025-04-02,42.1040624875417,83.3333333333333,24
"6","Banfield Reef (North) (18-105a)","Other","2025",2,2025-08-04,90.8664838145417,100,24
"7","Batt Reef (16-029)","AIMS","2021",1,2021-05-16,52.7305201252222,91.6666666666667,36
"8","Batt Reef (16-029)","AIMS","2022",1,2022-05-18,20.62412059575,72.2222222222222,36
"9","Batt Reef (16-029)","AIMS","2023",1,2023-07-03,54.9081079048333,91.6666666666667,36
"10","Batt Reef (16-029)","AIMS","2025",1,2025-06-03,16.1279925150238,76.1904761904762,42
"11","Bowden Reef (19-019)","AIMS","2019",1,2019-05-08,182.890612138,75,60
"12","Bowden Reef (19-019)","AIMS","2020",1,2020-05-14,93.375,91.6666666666667,60
"13","Bowden Reef (19-019)","AIMS","2021",1,2021-05-23,143.612610456111,97.2222222222222,36
"14","Bowden Reef (19-019)","AIMS","2022",1,2022-05-22,92.3476109454444,97.2222222222222,36
"15","Bowden Reef (19-019)","AIMS","2023",1,2023-07-07,53.0129445724167,97.2222222222222,36
"16","Bowden Reef (19-019)","AIMS","2025",1,2025-08-03,16.1508173148333,76.1904761904762,42
"17","Bushy-Redbill Reef (20-310)","Other","2025",1,2025-08-23,54.6670385205833,87.5,24
"18","Cairns Reef (15-086)","AIMS","2021",1,2021-05-17,1.13825332522222,11.1111111111111,36
"19","Cairns Reef (15-086)","AIMS","2022",1,2022-05-15,1.27834999002778,11.1111111111111,36
"20","Cairns Reef (15-086)","AIMS","2023",1,2023-06-28,5.03126426283333,47.2222222222222,36
"21","Cairns Reef (15-086)","AIMS","2025",1,2025-06-02,5.50036506438889,47.2222222222222,36
"22","Clack Reef (14-017)","AIMS","2021",1,2021-05-20,4.77732187255556,33.3333333333333,36
"23","Cobham Reef (North) (19-074a)","Other","2023",1,2023-11-07,3.85460065047222,30.5555555555556,36
"24","Corbett Reef (14-016)","AIMS","2021",1,2021-05-19,10.2555248659722,13.8888888888889,36
"25","Corbett Reef (14-016)","AIMS","2023",1,2023-06-29,44.3829793026111,88.8888888888889,36
"26","Corbett Reef (14-016)","AIMS","2025",1,2025-05-30,9.39591121855556,50,36
"27","Corbett Reef (14-016)","Other","2022",1,2022-10-26,134.587087374972,97.2222222222222,36
"28","Darley Reef (19-043)","AIMS","2023",1,2023-03-28,10.7024802471458,47.9166666666667,48
"29","Davie Reef (13-130)","AIMS","2021",1,2021-05-19,0.446899810583333,5.55555555555556,36
"30","Davie Reef (13-130)","AIMS","2023",1,2023-06-29,2.02223360530556,16.6666666666667,36
"31","Davie Reef (13-130)","AIMS","2025",1,2025-05-30,0.430960518611111,2.77777777777778,36
"32","Davies Reef (18-096)","AIMS","2019",1,2019-05-10,172.798739894177,97.4683544303797,79
"33","Davies Reef (18-096)","AIMS","2020",1,2020-05-16,46.35,88.3333333333333,60
"34","Davies Reef (18-096)","AIMS","2021",1,2021-05-24,97.1972472083056,91.6666666666667,36
"35","Davies Reef (18-096)","AIMS","2022",1,2022-05-22,50.6551927074444,83.3333333333333,36
"36","Davies Reef (18-096)","AIMS","2022",2,2022-12-27,59.0766026534857,94.4444444444444,36
"37","Davies Reef (18-096)","AIMS","2023",1,2023-03-25,11.9897634220417,54.1666666666667,24
"38","Davies Reef (18-096)","AIMS","2023",2,2023-07-08,57.8024615542222,97.2222222222222,36
"39","Davies Reef (18-096)","AIMS","2024",1,2024-01-04,504.403960277778,100,36
"40","Davies Reef (18-096)","AIMS","2024",2,2024-08-19,61.7297736322222,100,36
"41","Davies Reef (18-096)","AIMS","2024",3,2024-12-21,59.1367282447222,97.2222222222222,36
"42","Davies Reef (18-096)","AIMS","2025",1,2025-08-03,71.8017341748333,95.2380952380952,42
"43","Elford Reef (16-073)","AIMS","2022",1,2022-05-20,4.88927609577778,38.8888888888889,36
"44","Elford Reef (16-073)","AIMS","2023",1,2023-07-05,0.446926942083333,5.55555555555556,36
"45","Elford Reef (16-073)","Other","2020",1,2020-09-16,17.4584687528667,73.3333333333333,30
"46","Elizabeth Reef (19-082)","AIMS","2019",1,2019-05-07,1.73066370166667,5.55555555555556,18
"47","Elizabeth Reef (19-082)","AIMS","2020",1,2020-05-12,0.713114754098361,6.55737704918033,61
"48","Erub Island","AIMS","2022",1,2022-03-31,266.6207281435,97.9166666666667,48
"49","Eyrie Reef (14-118)","AIMS","2021",1,2021-08-22,12.04304084025,72.2222222222222,36
"50","Eyrie Reef (14-118)","AIMS","2022",1,2022-08-22,8.19058247525,44.4444444444444,36
"51","Eyrie Reef (14-118)","AIMS","2023",1,2023-09-16,18.2344550581111,77.7777777777778,36
"52","Eyrie Reef (14-118)","AIMS","2025",1,2025-09-26,18.122487329,78.5714285714286,42
"53","Faith Reef (19-044)","AIMS","2023",1,2023-03-30,154.63194590375,75,12
"54","Gould Reef (No 1) (19-072a)","Other","2023",1,2023-11-07,0.442336266861111,5.55555555555556,36
"55","Green Island Reef (16-049)","AIMS","2021",1,2021-05-15,10.6300042483143,57.1428571428571,35
"56","Green Island Reef (16-049)","AIMS","2022",1,2022-05-19,24.80342465775,77.7777777777778,36
"57","Green Island Reef (16-049)","AIMS","2023",1,2023-07-04,10.9502226888333,72.2222222222222,36
"58","Green Island Reef (16-049)","AIMS","2025",1,2025-08-01,3.20106328788889,22.2222222222222,36
"59","Hedge Reef (13-108)","AIMS","2023",1,2023-06-30,44.0370432890556,88.8888888888889,36
"60","Hedge Reef (13-108)","AIMS","2025",1,2025-05-29,54.7157474341944,97.2222222222222,36
"61","Jacqueline Reef (19-061)","Other","2023",1,2023-11-05,8.31864108422857,42.8571428571429,35
"62","John Brewer Reef (18-075)","AIMS","2025",1,2025-08-02,23.1488904653095,66.6666666666667,42
"63","Judith Wright Reef (18-101)","Other","2025",1,2025-08-05,131.47765900625,79.1666666666667,24
"64","Keeper Reef (18-079)","AIMS","2020",1,2020-05-18,30.3,80,30
"65","Kelso Reef (18-030)","Other","2020",1,2020-09-19,27.617034981,90,30
"66","Lizard Island Reef (Lagoon) (14-116d)","AIMS","2019",1,2019-08-26,16.6666666666667,24.4444444444444,90
"67","Lizard Island Reef (Lagoon) (14-116d)","AIMS","2020",1,2020-08-26,3.23282814492222,24.4444444444444,90
"68","Lizard Island Reef (Lagoon) (14-116d)","AIMS","2021",1,2021-08-20,9.19535818487778,45.5555555555556,90
"69","Lizard Island Reef (Lagoon) (14-116d)","AIMS","2022",1,2022-08-21,16.7011057280889,57.7777777777778,90
"70","Lizard Island Reef (Lagoon) (14-116d)","AIMS","2023",1,2023-09-15,31.1575270993111,71.1111111111111,90
"71","Lizard Island Reef (Lagoon) (14-116d)","AIMS","2024",1,2024-09-14,33.3594850262833,83.3333333333333,60
"72","Lizard Island Reef (Lagoon) (14-116d)","AIMS","2025",1,2025-09-23,26.8814201105833,76.6666666666667,60
"73","Lizard Island Reef (North East) (14-116b)","AIMS","2019",1,2019-08-28,3.6,16.6666666666667,30
"74","Lizard Island Reef (North East) (14-116b)","AIMS","2020",1,2020-08-28,4.3743973841,33.3333333333333,30
"75","Lizard Island Reef (North East) (14-116b)","AIMS","2021",1,2021-08-23,5.35804552763333,40,30
"76","Lizard Island Reef (North East) (14-116b)","AIMS","2022",1,2022-08-23,4.75968511756667,36.6666666666667,30
"77","Lizard Island Reef (North East) (14-116b)","AIMS","2023",1,2023-09-15,19.4232732425,80,30
"78","Lizard Island Reef (North East) (14-116b)","AIMS","2024",1,2024-09-14,6.9807570562,45,20
"79","Lizard Island Reef (North East) (14-116b)","AIMS","2025",1,2025-09-24,7.6742113476,45,20
"80","Lizard Island Reef (North West) (14-116a)","AIMS","2019",1,2019-08-29,13.9,30,30
"81","Lizard Island Reef (North West) (14-116a)","AIMS","2020",1,2020-08-28,21.4446040675,53.3333333333333,30
"82","Lizard Island Reef (North West) (14-116a)","AIMS","2021",1,2021-08-20,53.3754216111,93.3333333333333,30
"83","Lizard Island Reef (North West) (14-116a)","AIMS","2022",1,2022-08-22,27.7820905481667,76.6666666666667,30
"84","Lizard Island Reef (North West) (14-116a)","AIMS","2023",1,2023-09-15,21.9019845868667,83.3333333333333,30
"85","Lizard Island Reef (North West) (14-116a)","AIMS","2024",1,2024-09-14,46.49549630455,100,20
"86","Lizard Island Reef (North West) (14-116a)","AIMS","2025",1,2025-09-24,1.72490727175,15,20
"87","Lynchs Reef (18-091)","AIMS","2023",1,2023-04-01,17.7184463516875,64.5833333333333,48
"88","McSweeney Reef (11-016)","AIMS","2023",1,2023-12-23,239.607690395222,94.4444444444444,36
"89","McSweeney Reef (11-016)","Other","2021",1,2021-11-27,954.835401976444,100,36
"90","McSweeney Reef (11-016)","Other","2022",1,2022-10-31,1356.37157502361,100,36
"91","Mer Island","AIMS","2022",1,2022-03-28,793.208031191022,93.4782608695652,46
"92","Monsoon Reef (11-029)","AIMS","2023",1,2023-12-24,247.446731321861,97.2222222222222,36
"93","Monsoon Reef (11-029)","Other","2022",1,2022-10-31,293.640664175417,97.2222222222222,36
"94","Moore Reef (16-071)","AIMS","2021",1,2021-05-14,391.490065237944,75,36
"95","Moore Reef (16-071)","AIMS","2022",1,2022-05-20,9.04026916163889,36.1111111111111,36
"96","Moore Reef (16-071)","AIMS","2023",1,2023-07-05,40.4483961066111,69.4444444444444,36
"97","Moore Reef (16-071)","AIMS","2025",1,2025-06-04,8.54754845319444,58.3333333333333,36
"98","Moore Reef (16-071)","Other","2020",1,2020-09-14,15.9994447654375,59.375,32
"99","North Direction Reef (14-143)","AIMS","2021",1,2021-08-24,4.91561198522222,30.5555555555556,36
"100","North Direction Reef (14-143)","AIMS","2022",1,2022-08-21,2.59166744841667,30.5555555555556,36
"101","North Direction Reef (14-143)","AIMS","2023",1,2023-09-18,16.2449872745833,77.7777777777778,36
"102","North Direction Reef (14-143)","AIMS","2025",1,2025-09-23,81.3365141420714,59.5238095238095,42
"103","Osterlund Reef (15-078)","AIMS","2021",1,2021-05-18,0.238892798805556,2.77777777777778,36
"104","Osterlund Reef (15-078)","AIMS","2022",1,2022-05-15,0.227527258305556,2.77777777777778,36
"105","Osterlund Reef (15-078)","AIMS","2023",1,2023-06-28,2.69246093611111,19.4444444444444,36
"106","Osterlund Reef (15-078)","AIMS","2025",1,2025-06-01,9.79907742869048,50,42
"107","Prawn Reef (19-024)","AIMS","2023",1,2023-03-27,8.248793474375,45.8333333333333,24
"108","Rib Reef (18-032)","AIMS","2023",1,2023-07-06,61.4676264116667,66.6666666666667,36
"109","Rib Reef (18-032)","AIMS","2025",1,2025-08-02,65.1450076104722,91.6666666666667,36
"110","Rib Reef (18-032)","Other","2020",1,2020-09-19,26.1503958754,76.6666666666667,30
"111","Ribbon No 5 Reef (15-038)","AIMS","2022",1,2022-05-17,0,0,36
"112","Ribbon No 5 Reef (15-038)","AIMS","2023",1,2023-07-02,0.430667974666667,5.55555555555556,36
"113","Ribbon No 5 Reef (15-038)","AIMS","2025",1,2025-06-01,1.14655463644444,13.8888888888889,36
"114","Ribbon No 9 Reef (14-154)","AIMS","2022",1,2022-05-16,0,0,36
"115","Ribbon No 9 Reef (14-154)","AIMS","2023",1,2023-07-02,0.210633175444444,2.77777777777778,36
"116","Ribbon No 9 Reef (14-154)","AIMS","2025",1,2025-05-31,0,0,36
"117","Rudder Reef (16-023)","AIMS","2021",1,2021-05-17,4.52297838419444,38.8888888888889,36
"118","Rudder Reef (16-023)","AIMS","2022",1,2022-05-14,0.441888455944444,5.55555555555556,36
"119","Rudder Reef (16-023)","AIMS","2023",1,2023-06-27,7776.87608057689,19.4444444444444,36
"120","Rudder Reef (16-023)","AIMS","2025",1,2025-06-03,7.35883818325,50,36
"121","Seagull Reef (19-107)","Other","2023",1,2023-11-08,1.46987340655556,11.1111111111111,36
"122","Showers Reef (19-076)","Other","2023",1,2023-11-08,5.70753688611111,36.1111111111111,36
"123","Shrimp Reef (18-118)","AIMS","2023",1,2023-03-26,5.14942981,50,12
"124","Thetford Reef (16-068)","AIMS","2021",1,2021-05-15,7.58864119027778,41.6666666666667,36
"125","Thetford Reef (16-068)","AIMS","2022",1,2022-05-19,1.72401376383333,13.8888888888889,36
"126","Thetford Reef (16-068)","AIMS","2023",1,2023-07-04,1.78943920569444,16.6666666666667,36
"127","Thetford Reef (16-068)","AIMS","2025",1,2025-08-01,2.36937681525,27.7777777777778,36
"128","Thetford Reef (16-068)","Other","2020",1,2020-09-15,13.612025975,50,30
"129","Tongue Reef (16-026)","AIMS","2021",1,2021-05-16,15.3032554075,55.5555555555556,36
"130","Tongue Reef (16-026)","AIMS","2022",1,2022-05-18,4.72317648433333,30.5555555555556,36
"131","Tongue Reef (16-026)","AIMS","2023",1,2023-07-03,11.989270648,44.4444444444444,36
"132","Tongue Reef (16-026)","AIMS","2025",1,2025-06-03,4.74132909413889,38.8888888888889,36
"133","U/N Reef (11-049)","AIMS","2023",1,2023-12-24,11.31143032875,66.6666666666667,36
"134","U/N Reef (11-049)","Other","2021",1,2021-11-28,1.70980678444444,22.2222222222222,36
"135","U/N Reef (11-049)","Other","2022",1,2022-10-30,324.692389306667,100,36
"136","U/N Reef (11-160)","AIMS","2023",1,2023-12-25,95.0264563931944,88.8888888888889,36
"137","U/N Reef (11-160)","Other","2022",1,2022-10-30,531.608615762125,100,24
"138","U/N Reef (11-162)","Other","2021",1,2021-11-29,11.60311510025,30.5555555555556,36
"139","U/N Reef (11-164)","Other","2022",1,2022-10-30,546.356947716667,100,12
"140","U/N Reef (13-093a)","AIMS","2023",1,2023-06-30,22.42485584375,94.4444444444444,36
"141","U/N Reef (13-093a)","AIMS","2025",1,2025-05-29,45.874770783125,84.375,32
"142","U/N Reef (13-093a)","AIMS","Jul-05",1,2025-05-29,47.10573605275,100,4
"143","U/N Reef (13-093a)","Other","2022",1,2022-10-28,414.709258779444,100,36
"144","U/N Reef (13-124)","AIMS","2021",1,2021-05-20,5.44758418841667,38.8888888888889,36
"145","U/N Reef (13-124)","AIMS","2023",1,2023-06-29,52.0661203825278,77.7777777777778,36
"146","U/N Reef (13-124)","AIMS","2025",1,2025-05-29,29.4145235486944,77.7777777777778,36
"147","U/N Reef (13-124)","Other","2022",1,2022-10-27,241.819511717806,91.6666666666667,36
"148","U/N Reef (19-065)","Other","2023",1,2023-11-07,7.10665582058333,41.6666666666667,36
"149","U/N Reef (20-383)","Other","2025",1,2025-02-09,2.31771995325,25,24
"150","U/N Reef (20-386)","Other","2025",1,2025-02-10,7.779216929625,41.6666666666667,24
"151","U/N Reef (20-386)","Other","2025",2,2025-08-19,21.8441327576667,62.5,24
"152","U/N Reef (20-387)","Other","2025",1,2025-02-09,3.28565505366667,25,24
"153","U/N Reef (21-057)","Other","2025",1,2025-08-22,1.56799391841667,16.6666666666667,24
"154","U/N Reef (21-067)","Other","2025",1,2025-02-07,18.4416108281667,50,24
"155","U/N Reef (21-069)","Other","2025",1,2025-02-08,0.347517128083333,4.16666666666667,24
"156","U/N Reef (21-071)","Other","2025",1,2025-02-08,1.03384603279167,12.5,24
"157","U/N Reef (21-092)","Other","2025",1,2025-02-11,41.9382075084583,79.1666666666667,24
"158","U/N Reef (21-093)","Other","2025",1,2025-02-12,14.8347705367083,45.8333333333333,24
"159","U/N Reef (21-094)","Other","2025",1,2025-02-11,11.7273100646667,66.6666666666667,24
"160","U/N Reef (21-263)","Other","2025",1,2025-01-12,1.65066912283333,16.6666666666667,24
"161","U/N Reef (21-270)","Other","2025",1,2025-01-13,0.986639154166667,12.5,24
"162","U/N Reef (21-443)","Other","2025",1,2025-01-09,6.15489834420833,37.5,24
"163","U/N Reef (21-444)","Other","2025",1,2025-01-08,6.39011925108333,45.8333333333333,24
"164","U/N Reef (21-453)","Other","2025",1,2025-01-09,1.34486951833333,8.33333333333333,24
"165","U/N Reef (21-460)","Other","2025",1,2025-04-10,1,8.33333333333333,24
"166","U/N Reef (21-466)","Other","2025",1,2025-04-12,0.9375,8.33333333333333,24
"167","U/N Reef (21-476)","Other","2025",1,2025-01-10,0.659130187708333,8.33333333333333,24
"168","U/N Reef (21-477)","Other","2025",1,2025-01-14,0.706128566541667,8.33333333333333,24
"169","U/N Reef (21-488)","Other","2025",1,2025-01-10,0.332479085791667,4.16666666666667,24
"170","U/N Reef (21-489)","Other","2025",1,2025-01-10,0.339871086166667,4.16666666666667,24
"171","Ugar Island","AIMS","2022",1,2022-04-01,14.4157424386944,72.2222222222222,36
"172","Undine Reef (West) (16-020a)","AIMS","2021",1,2021-05-17,5.84196476777778,44.4444444444444,36
"173","Undine Reef (West) (16-020a)","AIMS","2022",1,2022-05-14,0.224577278527778,2.77777777777778,36
"174","Undine Reef (West) (16-020a)","AIMS","2023",1,2023-06-27,0.423159527916667,5.55555555555556,36
"175","Undine Reef (West) (16-020a)","AIMS","2025",1,2025-06-02,145.507650107095,71.4285714285714,42
"176","Wallaby Reef (19-071)","Other","2023",1,2023-11-07,4.50497080222222,33.3333333333333,36
"177","Yonge Reef (14-138)","AIMS","2021",1,2021-08-21,0,0,36
"178","Yonge Reef (14-138)","AIMS","2022",1,2022-05-16,0.428897111361111,5.55555555555556,36
"179","Yonge Reef (14-138)","AIMS","2023",1,2023-07-01,0.207881970944444,2.77777777777778,36
"180","Yonge Reef (14-138)","AIMS","2025",1,2025-05-31,1.14023533336111,5.55555555555556,36
