"term","mean","sd","0.025quant","0.5quant","0.975quant","mode","kld"
"(Intercept)",-3.87976489832677,0.21157231697053,-4.30697896350699,-3.87607771680814,-3.47338369827866,-3.87613216495242,5.7079230481662e-08
"edna_prop_z",0.10170316568167,0.0666697183503544,-0.0291075284716475,0.101725928502535,0.232384414545251,0.101726074371405,3.4896543165972e-11
"edna_conc_z",0.10958022642825,0.0490937806403989,0.0133105708029464,0.109577282515957,0.205866668323095,0.109577277733101,5.52239436828983e-12
"distance_z",-0.0910651807045958,0.0261321191309719,-0.142310580162018,-0.0910657559351795,-0.0398165061043213,-0.0910657582960807,8.62738903572822e-12
"lag_z",-0.0537156948366278,0.0297796597335579,-0.112107570354953,-0.053718667262411,0.00469310485007043,-0.0537186795484752,1.00711917415819e-11
"edna_prop_z:edna_conc_z",-0.0826046685009568,0.0339578122185816,-0.14922590254387,-0.0825952054463686,-0.0160372991519084,-0.0825951601305852,2.64269682411781e-11
"edna_prop_z:distance_z",0.0473711090175889,0.0420898186042551,-0.0351603887443163,0.0473678435801694,0.129921191140274,0.047367826756429,1.18857435767866e-11
"edna_prop_z:lag_z",0.0593278556513503,0.040604239448143,-0.0202754908405748,0.0593189534299299,0.138981855718176,0.0593189035869394,1.83062014421354e-11
"edna_conc_z:distance_z",-0.171486158530106,0.0398003891769777,-0.249537448826281,-0.17148625071626,-0.0934343381950217,-0.171486249626155,8.42406798144686e-12
"edna_conc_z:lag_z",-0.0770308899013857,0.0410845361374753,-0.15761877207105,-0.077024997316012,0.00352344754410458,-0.0770249705100801,9.76714337002743e-12
"distance_z:lag_z",0.120881651967396,0.0271833848255294,0.0675701573658976,0.120882643985036,0.174187497916162,0.120882647684637,8.71952975893943e-12
