Year,ReefName,ReefLabel,Total_Dives,Total_Diver_Hours,Wasted_Diver_Hours,Borderline_Diver_Hours,Needed_Diver_Hours,NeededLow_Diver_Hours,NeededHigh_Diver_Hours,Total_COTS_Culled,Proportion_Wasted,Proportion_Borderline,Proportion_Needed,Proportion_NeededLow,Proportion_NeededHigh,Scout_Diver_Hours,Initial_CPUE,Total_Tows,Mean_COTS_per_Tow,Tows_With_Scars,Pct_Tows_With_Scars,Total_eDNA_Samples,eDNA_Positives,eDNA_Mean_Conc,eDNA_Date,eDNA_Pct_Positive
2020,(Big) Broadhurst Reef (No 1) (18-100a),18-100a,184,928.0333333333333,398.1166666666667,128.9,401.01666666666665,138.95,262.06666666666666,4578,0.42898961962573184,0.1388958729930678,0.4321145073812004,0.14972522538701913,0.28238928199418123,20.05,0.00831255195344971,987,0.1276595744680851,217,21.98581560283688,NA,NA,NA,NA,NA
2020,Trunk Reef (18-027),18-027,181,816.5,267.5,231.88333333333333,317.1166666666667,190.4,126.71666666666667,2370,0.32761788120024493,0.28399673402735254,0.38838538477240253,0.23319044703000613,0.1551949377423964,18.666666666666668,0.055357142857142855,2690,0.02379182156133829,123,4.5724907063197024,NA,NA,NA,NA,NA
2020,Keeper Reef (18-079),18-079,339,1000.4666666666667,208.98333333333332,181.28333333333333,610.2,342.3,267.9,3866,0.2088858532684747,0.18119877390551076,0.6099153728260146,0.34214033451056175,0.26777503831545274,19.833333333333332,0.13949579831932774,290,0.09655172413793103,96,33.10344827586207,30,24,30.3,2020-05-18,80
2020,Lady Musgrave Reef (23-082a),23-082a,200,738.95,178.41666666666666,244.21666666666667,316.31666666666666,235.68333333333334,80.63333333333334,1877,0.24144619617926333,0.33049146311207345,0.42806234070866317,0.3189435460225094,0.10911879468615378,3.2,0.13541666666666666,916,0.05349344978165939,121,13.209606986899564,NA,NA,NA,NA,NA
2020,Fitzroy Reef (23-077),23-077,194,749.1166666666667,174.23333333333332,123.38333333333334,451.5,180.66666666666666,270.8333333333333,6799,0.23258504460809395,0.16470509711437917,0.6027098582775269,0.24117293701470618,0.3615369212628206,15.383333333333333,0.02600216684723727,637,0.22291993720565148,101,15.855572998430143,NA,NA,NA,NA,NA
2020,John Brewer Reef (18-075),18-075,737,2195.766666666667,119.66666666666667,228.11666666666667,1847.9833333333333,482.31666666666666,1365.6666666666667,15522,0.05449880831296586,0.10388930214200051,0.8416118895450335,0.2196575228090416,0.6219543667359919,5.2,0.057692307692307696,1009,0.11000991080277503,477,47.27452923686818,NA,NA,NA,NA,NA
2020,Arlington Reef (16-064),16-064,20,84.08333333333333,84.08333333333333,0,0,0,0,4,1,0,0,0,0,17.366666666666667,0,623,0,7,1.1235955056179776,NA,NA,NA,NA,NA
2020,Lynchs Reef (18-091),18-091,70,329.3333333333333,80.66666666666667,102,146.66666666666666,114.66666666666667,32,864,0.24493927125506076,0.30971659919028344,0.44534412955465585,0.3481781376518219,0.09716599190283401,21.333333333333332,0.04765625,498,0.004016064257028112,9,1.8072289156626504,NA,NA,NA,NA,NA
2020,Michaelmas Reef (16-060),16-060,24,92.35,69.41666666666667,7.55,15.383333333333333,11.383333333333333,4,100,0.7516693737592494,0.08175419599350298,0.1665764302472478,0.12326294892618661,0.043313481321061185,7.25,0,261,0,9,3.4482758620689653,NA,NA,NA,NA,NA
2020,St Crispin Reef (16-019),16-019,14,65.3,65.3,0,0,0,0,1,1,0,0,0,0,19.866666666666667,0,278,0.0035971223021582736,3,1.079136690647482,NA,NA,NA,NA,NA
2020,Eddy Reef (17-047),17-047,58,283.56666666666666,64.3,41.083333333333336,178.18333333333334,48.46666666666667,129.71666666666667,1420,0.22675443752204066,0.14488068649347596,0.6283648759844834,0.17091806747384508,0.4574468085106383,10.666666666666666,0.015625,324,0.024691358024691357,19,5.864197530864197,NA,NA,NA,NA,NA
2020,Bramble Reef (18-029),18-029,16,84.5,54.266666666666666,10.233333333333333,20,10,10,152,0.6422090729783038,0.12110453648915187,0.23668639053254437,0.11834319526627218,0.11834319526627218,14,0.034523809523809526,496,0,6,1.2096774193548387,NA,NA,NA,NA,NA
2020,Fairfax Islands Reef (23-081),23-081,57,275.3666666666667,53.083333333333336,77.06666666666666,145.21666666666667,55.65,89.56666666666666,1313,0.19277327200096842,0.27986926522212807,0.5273574627769035,0.20209417746035588,0.32526328531654763,4.083333333333333,0,271,0.033210332103321034,48,17.712177121771216,NA,NA,NA,NA,NA
2020,Chicken Reef (18-086),18-086,10,50.666666666666664,50.666666666666664,0,0,0,0,5,1,0,0,0,0,21.333333333333332,0.0015625,121,0,5,4.132231404958678,NA,NA,NA,NA,NA
2020,Llewellyn Reef (23-078),23-078,87,319.0833333333333,47.8,59.166666666666664,212.11666666666667,59.43333333333333,152.68333333333334,2143,0.14980412640376078,0.1854270044398015,0.6647688691564377,0.18626273178375555,0.4785061373726822,19.1,0.4886561954624782,297,0.14814814814814814,49,16.4983164983165,NA,NA,NA,NA,NA
2020,Fore And Aft Reef (18-043),18-043,57,253.05,44.93333333333333,104.83333333333333,103.28333333333333,51.333333333333336,51.95,700,0.17756701574128958,0.414279127972074,0.40815385628663636,0.2028584601198709,0.20529539616676545,18.666666666666668,0.033035714285714286,508,0.017716535433070866,84,16.535433070866144,NA,NA,NA,NA,NA
2020,Agincourt Reefs (No 5) (15-099d),15-099d,12,44.9,44.9,0,0,0,0,0,1,0,0,0,0,14.866666666666667,0,49,0,6,12.244897959183673,NA,NA,NA,NA,NA
2020,Agincourt Reefs (No 3) (15-099a),15-099a,12,43.583333333333336,43.583333333333336,0,0,0,0,0,1,0,0,0,0,14.033333333333333,0,94,0,3,3.1914893617021276,NA,NA,NA,NA,NA
2020,Barnett Patches (18-019),18-019,12,55.266666666666666,42,0,13.266666666666667,0,13.266666666666667,151,0.7599517490952955,0,0.24004825090470447,0,0.24004825090470447,18.666666666666668,0.00625,163,0.006134969325153374,7,4.294478527607362,NA,NA,NA,NA,NA
2020,Rosser Reef (15-081),15-081,8,41.233333333333334,41.233333333333334,0,0,0,0,4,1,0,0,0,0,20.516666666666666,0.003249390739236393,67,0,2,2.9850746268656714,NA,NA,NA,NA,NA
2021,John Brewer Reef (18-075),18-075,610,1928.8833333333334,262.81666666666666,384.8,1281.2666666666667,812.6,468.6666666666667,6935,0.13625327261887274,0.19949366213612366,0.6642530652450035,0.42128001520741704,0.2429730500375865,26.733333333333334,0.06109725685785536,447,0.011185682326621925,132,29.53020134228188,NA,NA,NA,NA,NA
2021,Heron Reef (23-052a),23-052a,113,429.78333333333336,235.18333333333334,91.71666666666667,102.88333333333334,82.43333333333334,20.45,690,0.547213712335673,0.21340210183425756,0.23938418583006943,0.1918020708108737,0.047582115019195716,6.233333333333333,0.08288770053475936,531,0.030131826741996232,81,15.254237288135593,NA,NA,NA,NA,NA
2021,Keeper Reef (18-079),18-079,195,640.0833333333334,183.03333333333333,147.35,309.7,193.43333333333334,116.26666666666667,1787,0.28595234995443297,0.23020440046868895,0.48384324957687797,0.3022002343444864,0.1816430152323916,7.466666666666667,0.078125,241,0.029045643153526972,75,31.12033195020747,NA,NA,NA,NA,NA
2021,(Big) Broadhurst Reef (No 1) (18-100a),18-100a,241,1057,181.9,80.46666666666667,794.6333333333333,131.23333333333332,663.4,9793,0.17209082308420057,0.0761274046042258,0.7517817723115736,0.12415641753390097,0.6276253547776727,18.666666666666668,0.008035714285714285,1052,0.07034220532319392,165,15.684410646387834,NA,NA,NA,NA,NA
2021,Lady Musgrave Reef (23-082a),23-082a,164,677.8833333333333,162.65,163.58333333333334,351.65,216.48333333333332,135.16666666666666,2047,0.23993804243601408,0.2413148771912571,0.5187470803727288,0.31935190421163917,0.19939517616108965,4.7,0.010638297872340425,649,0.05084745762711865,134,20.647149460708782,NA,NA,NA,NA,NA
2021,Britomart Reef (18-024),18-024,103,450.3666666666667,161.1,92.16666666666667,197.1,96.76666666666667,100.33333333333333,1379,0.3577085337872844,0.20464806454000445,0.4376434016727111,0.2148619643253645,0.2227814373473466,16,0.05,800,0,26,3.25,NA,NA,NA,NA,NA
2021,Fitzroy Reef (23-077),23-077,133,510.9,138,117.66666666666667,255.23333333333332,123.68333333333334,131.55,2802,0.2701115678214915,0.23031252038885627,0.49957591178965227,0.2420891237685131,0.2574867880211392,17.65,0.06421152030217187,269,0.3271375464684015,65,24.1635687732342,NA,NA,NA,NA,NA
2021,Trunk Reef (18-027),18-027,87,389.95,133.23333333333332,116.71666666666667,140,104,36,908,0.3416677351797239,0.2993118775911442,0.35902038722913193,0.26670085908449803,0.09231952814463393,16,0.041666666666666664,387,0.028423772609819122,41,10.594315245478036,NA,NA,NA,NA,NA
2021,Pike Reef (21-549),21-549,39,118.71666666666667,116.46666666666667,0,2.25,0,2.25,27,0.9810473115260424,0,0.0189526884739576,0,0.0189526884739576,5.816666666666666,0.0028653295128939827,325,0.006153846153846154,51,15.692307692307692,NA,NA,NA,NA,NA
2021,Farquharson Reef (No 1) (17-063a),17-063a,125,545.25,97.95,100,347.3,80.55,266.75,3197,0.1796423658872077,0.18340210912425492,0.6369555249885374,0.14773039889958733,0.48922512608895,16,0.16979166666666667,166,0.024096385542168676,17,10.240963855421686,NA,NA,NA,NA,NA
2021,Batt Reef (16-029),16-029,136,605.75,94,107.61666666666666,404.1333333333333,173.08333333333334,231.05,2823,0.1551795295088733,0.17765855000687852,0.6671619204842482,0.28573393864355484,0.3814279818406934,12,0.001388888888888889,233,0.04721030042918455,67,28.75536480686695,36,33,52.73052012522222,2021-05-16,91.66666666666666
2021,Elford Reef (16-073),16-073,42,171.05,85.81666666666666,38.36666666666667,46.86666666666667,31.25,15.616666666666667,331,0.5017051544382733,0.2243008866803079,0.2739939588814187,0.1826951183864367,0.09129884049498196,11.2,0.11011904761904762,291,0,18,6.185567010309279,NA,NA,NA,NA,NA
2021,Tongue Reef (16-026),16-026,32,131,82.66666666666667,23.666666666666668,24.666666666666668,3.6666666666666665,21,208,0.6310432569974556,0.1806615776081425,0.18829516539440205,0.027989821882951654,0.16030534351145037,18.666666666666668,0.009821428571428571,649,0.0015408320493066256,16,2.465331278890601,36,20,15.3032554075,2021-05-16,55.55555555555556
2021,Barnett Patches (18-019),18-019,39,163.33333333333334,78.66666666666667,8,76.66666666666667,4.666666666666667,72,1169,0.4816326530612245,0.04897959183673469,0.46938775510204084,0.02857142857142857,0.4408163265306122,16,0.42083333333333334,163,0.012269938650306749,30,18.404907975460123,NA,NA,NA,NA,NA
2021,Hastings Reef (16-057),16-057,16,76.91666666666667,76.91666666666667,0,0,0,0,5,1,0,0,0,0,21.333333333333332,0.00390625,140,0,3,2.142857142857143,NA,NA,NA,NA,NA
2021,Briggs Reef (16-074),16-074,40,173.75,76,32.333333333333336,65.41666666666667,33.4,32.016666666666666,393,0.437410071942446,0.18609112709832135,0.37649880095923266,0.19223021582733812,0.18426858513189448,9.333333333333334,0.03571428571428571,67,0,19,28.35820895522388,NA,NA,NA,NA,NA
2021,Pith Reef (18-033),18-033,23,111.33333333333333,72.66666666666667,4,34.666666666666664,4.666666666666667,30,494,0.6526946107784432,0.03592814371257485,0.31137724550898205,0.04191616766467066,0.2694610778443114,16,0.3625,170,0,3,1.7647058823529411,NA,NA,NA,NA,NA
2021,Backnumbers Reef (18-069a),18-069a,28,137.11666666666667,70.03333333333333,40.666666666666664,26.416666666666668,26.416666666666668,0,196,0.5107572626716907,0.2965844171629998,0.19265832016530934,0.19265832016530934,0,21.333333333333332,0.01796875,211,0.02843601895734597,22,10.42654028436019,NA,NA,NA,NA,NA
2021,Wheeler Reef (18-095),18-095,203,491.2,57.06666666666667,39.6,394.53333333333336,99.16666666666667,295.3666666666667,4087,0.11617806731813247,0.08061889250814333,0.8032030401737242,0.20188653637350706,0.6013165038002172,18.066666666666666,0.24538745387453875,127,0.047244094488188976,44,34.645669291338585,NA,NA,NA,NA,NA
2021,Hardy Reef (19-135),19-135,36,100.8,53.28333333333333,11.633333333333333,35.88333333333333,15.05,20.833333333333332,216,0.5286044973544973,0.11541005291005291,0.35598544973544977,0.14930555555555558,0.20667989417989419,1.9,0.12280701754385964,264,0.04924242424242424,51,19.318181818181817,NA,NA,NA,NA,NA
2022,(Big) Broadhurst Reef (No 1) (18-100a),18-100a,308,1510.55,445.55,375.4166666666667,689.5833333333334,384.3666666666667,305.21666666666664,4760,0.29495878984475854,0.24852978495691416,0.4565114251983274,0.2544547791643221,0.20205664603400525,32,0.06927083333333334,427,0.0468384074941452,52,12.177985948477751,NA,NA,NA,NA,NA
2022,Lady Musgrave Reef (23-082a),23-082a,213,911.5166666666667,409.3666666666667,241.18333333333334,260.96666666666664,210.71666666666667,50.25,1661,0.449104971567534,0.26459563730778374,0.2862993911246823,0.23117149073887844,0.05512790038580388,28.666666666666668,0.019767441860465116,888,0.05292792792792793,162,18.243243243243242,NA,NA,NA,NA,NA
2022,Martin Reef (14-123),14-123,95,567.9833333333333,369.48333333333335,67.25,131.25,93.58333333333333,37.666666666666664,858,0.6505179142580475,0.11840136154229877,0.23108072419965375,0.16476422430235627,0.06631649989729745,6.333333333333333,0.013157894736842105,199,0.05527638190954774,70,35.175879396984925,NA,NA,NA,NA,NA
2022,Fitzroy Reef (23-077),23-077,129,589.4666666666667,356.8666666666667,100.75,131.85,99.78333333333333,32.06666666666667,929,0.6054060167382945,0.17091721330015833,0.22367676996154714,0.16927731282515268,0.054399457136394484,21.15,0.013396375098502758,857,0.061843640606767794,98,11.435239206534423,NA,NA,NA,NA,NA
2022,Fore And Aft Reef (18-043),18-043,86,418.8333333333333,296.65,85.93333333333334,36.25,36.25,0,429,0.7082769598089932,0.2051730998806208,0.086549940310386,0.086549940310386,0,22.233333333333334,0.008245877061469266,126,0.023809523809523808,29,23.015873015873016,NA,NA,NA,NA,NA
2022,Heron Reef (23-052a),23-052a,85,448.93333333333334,265.1,88.23333333333333,95.6,80.91666666666667,14.683333333333334,641,0.5905108405108406,0.19653994653994655,0.21294921294921293,0.18024205524205525,0.03270715770715771,5.683333333333334,0.002932551319648094,513,0.050682261208576995,78,15.204678362573098,NA,NA,NA,NA,NA
2022,Eyrie Reef (14-118),14-118,62,424.75,234.41666666666666,88.08333333333333,102.25,94.25,8,598,0.5518932705513047,0.2073768883657053,0.24072984108299,0.22189523248969983,0.01883460859329017,4.75,0.06666666666666667,178,0.02247191011235955,72,40.44943820224719,36,16,8.19058247525,2022-08-22,44.44444444444444
2022,Trunk Reef (18-027),18-027,52,248.5,224.5,24,0,0,0,59,0.903420523138833,0.096579476861167,0,0,0,16,0,601,0,37,6.156405990016639,NA,NA,NA,NA,NA
2022,Escape Reef (15-094),15-094,38,215.33333333333334,215.33333333333334,0,0,0,0,0,1,0,0,0,0,16.333333333333332,0,239,0,10,4.184100418410042,NA,NA,NA,NA,NA
2022,Nathan Reef (17-035),17-035,39,187.5,187.5,0,0,0,0,8,1,0,0,0,0,6.666666666666667,0,409,0,20,4.88997555012225,NA,NA,NA,NA,NA
2022,Backnumbers Reef (18-069a),18-069a,34,206.08333333333334,170.41666666666666,31.75,3.9166666666666665,0,3.9166666666666665,147,0.8269308532147189,0.154063890012131,0.019005256773150018,0,0.019005256773150018,15.666666666666666,0.05106382978723404,104,0.09615384615384616,26,25,NA,NA,NA,NA,NA
2022,Kelso Reef (18-030),18-030,57,279.3666666666667,167.71666666666667,40.25,71.4,56.583333333333336,14.816666666666666,406,0.6003460207612457,0.14407588593246629,0.25557809330628806,0.20254146283259755,0.05303663047369049,20,0.0033333333333333335,179,0.00558659217877095,19,10.614525139664805,NA,NA,NA,NA,NA
2022,U/N Reef (21-551),21-551,72,325.78333333333336,166.41666666666666,49.2,110.16666666666667,36.1,74.06666666666666,1237,0.5108200746917685,0.15102061697447178,0.3381593083337596,0.11080984294265105,0.2273494653911086,17.85,0.0028011204481792717,361,0.09418282548476455,54,14.958448753462603,NA,NA,NA,NA,NA
2022,Batt Reef (16-029),16-029,104,520.05,144.23333333333332,192.75,183.06666666666666,137.65,45.416666666666664,1203,0.27734512707111497,0.37063743870781657,0.3520174342210685,0.26468608787616577,0.08733134634490274,16.666666666666668,0.03899999999999999,613,0.01468189233278956,71,11.582381729200652,36,26,20.62412059575,2022-05-18,72.22222222222221
2022,Llewellyn Reef (23-078),23-078,64,314.95,120.35,94.4,100.2,54.2,46,834,0.38212414668995076,0.29973011589141135,0.3181457374186379,0.1720908080647722,0.1460549293538657,7.55,0.24944812362030905,302,0.056291390728476824,65,21.52317880794702,NA,NA,NA,NA,NA
2022,Round-Russell Reef (17-013),17-013,36,165.01666666666668,117.9,28.533333333333335,18.583333333333332,18.583333333333332,0,133,0.7144732855267144,0.1729118270881729,0.1126148873851126,0.1126148873851126,0,15.65,0.01597444089456869,45,0.06666666666666667,17,37.77777777777778,NA,NA,NA,NA,NA
2022,Thetford Reef (16-068),16-068,25,117.88333333333334,117.88333333333334,0,0,0,0,25,1,0,0,0,0,22.333333333333332,0.002238805970149254,158,0,13,8.227848101265822,36,5,1.7240137638333333,2022-05-19,13.88888888888889
2022,Lynchs Reef (18-091),18-091,170,327.6666666666667,115.81666666666666,53.7,158.15,73.95,84.2,1135,0.35345879959308235,0.16388606307222786,0.48265513733468973,0.22568667344862664,0.2569684638860631,19.4,0.02577319587628866,NA,NA,NA,NA,NA,NA,NA,NA,NA
2022,Normanby-Mabel Reef (17-012),17-012,23,118.66666666666667,114.5,4.166666666666667,0,0,0,29,0.9648876404494382,0.0351123595505618,0,0,0,15.833333333333334,0.014736842105263158,35,0,9,25.71428571428571,NA,NA,NA,NA,NA
2022,U/N Reef (21-544),21-544,27,113.4,113.4,0,0,0,0,18,1,0,0,0,0,11.233333333333333,0.002967359050445104,223,0.013452914798206279,33,14.798206278026907,NA,NA,NA,NA,NA
2023,(Big) Broadhurst Reef (No 1) (18-100a),18-100a,215,1262.9166666666667,888.5,255.86666666666667,118.55,90.53333333333333,28.016666666666666,1255,0.7035301880567469,0.20259980204552952,0.09387000989772351,0.07168591224018475,0.022184097657538763,25.333333333333332,0.01381578947368421,877,0.011402508551881414,147,16.76168757126568,NA,NA,NA,NA,NA
2023,Kelso Reef (18-030),18-030,113,665.4666666666667,481.4166666666667,85.58333333333333,98.46666666666667,76.66666666666667,21.8,695,0.7234271689040273,0.12860649168503305,0.1479663394109397,0.1152073732718894,0.03275896613905029,26.666666666666668,0.00125,263,0.0076045627376425855,38,14.44866920152091,NA,NA,NA,NA,NA
2023,Trunk Reef (18-027),18-027,70,413.55,401.0833333333333,12.466666666666667,0,0,0,176,0.9698545117478741,0.0301454882521259,0,0,0,26.666666666666668,0,577,0.005199306759098787,31,5.37261698440208,NA,NA,NA,NA,NA
2023,U/N Reef (21-465),21-465,220,857.8666666666667,387.7,196.23333333333332,273.93333333333334,129.48333333333332,144.45,3113,0.45193503263910473,0.22874572583152003,0.3193192415293752,0.15093643145788,0.16838281007149516,9.133333333333333,0.01824817518248175,1033,0.10551790900290416,136,13.165537270087125,NA,NA,NA,NA,NA
2023,Lady Musgrave Reef (23-082a),23-082a,110,550.9333333333333,314.6333333333333,161.43333333333334,74.86666666666666,72.63333333333334,2.2333333333333334,729,0.571091481122943,0.2930179090029042,0.13589060987415294,0.13183688286544049,0.004053727008712488,8.333333333333334,0.015999999999999997,725,0.041379310344827586,84,11.586206896551724,NA,NA,NA,NA,NA
2023,Round-Russell Reef (17-013),17-013,56,300.1666666666667,292.1666666666667,8,0,0,0,88,0.9733481399222654,0.02665186007773459,0,0,0,22.166666666666668,0,93,0,27,29.03225806451613,NA,NA,NA,NA,NA
2023,Martin Reef (14-123),14-123,91,601,269.8333333333333,132.83333333333334,198.33333333333334,76.5,121.83333333333333,1551,0.4489739323349972,0.22102052135330008,0.33000554631170276,0.12728785357737105,0.20271769273433166,12.666666666666666,0.019736842105263157,184,0.010869565217391304,21,11.41304347826087,NA,NA,NA,NA,NA
2023,Fore And Aft Reef (18-043),18-043,57,322.3,244.06666666666666,59.833333333333336,18.4,18.4,0,232,0.7572654876409142,0.18564484434791603,0.057089668011169714,0.057089668011169714,0,26.666666666666668,0.005,251,0.01593625498007968,42,16.733067729083665,NA,NA,NA,NA,NA
2023,Michaelmas Reef (16-060),16-060,33,243.33333333333334,243.33333333333334,0,0,0,0,23,1,0,0,0,0,33.333333333333336,0.0014999999999999998,330,0,20,6.0606060606060606,NA,NA,NA,NA,NA
2023,Moore Reef (16-071),16-071,42,231.58333333333334,231.58333333333334,0,0,0,0,26,1,0,0,0,0,14.5,0.004597701149425287,213,0,28,13.145539906103288,36,25,40.44839610661111,2023-07-05,69.44444444444444
2023,Eddy Reef (17-047),17-047,38,224.66666666666666,224.66666666666666,0,0,0,0,27,1,0,0,0,0,26.666666666666668,0.00125,164,0,12,7.317073170731707,NA,NA,NA,NA,NA
2023,Heron Reef (23-052a),23-052a,59,296.81666666666666,223.26666666666668,24.366666666666667,49.18333333333333,35.7,13.483333333333333,318,0.7522039418271661,0.08209332360042676,0.1657027345724072,0.12027626480992758,0.045426469762479646,17.483333333333334,0.01811248808388942,406,0.029556650246305417,30,7.389162561576355,NA,NA,NA,NA,NA
2023,Batt Reef (16-029),16-029,85,400.25,210.35,76.41666666666667,113.48333333333333,81.65,31.833333333333332,725,0.5255465334166146,0.19092234020403914,0.28353112637934624,0.20399750156152407,0.0795336248178222,13,0.07307692307692308,547,0.012797074954296161,60,10.968921389396709,36,33,54.90810790483334,2023-07-03,91.66666666666666
2023,Rocky Islets Reef (14-132a),14-132a,34,246,206,40,0,0,0,129,0.8373983739837398,0.16260162601626016,0,0,0,32.666666666666664,0.004591836734693878,86,0,24,27.906976744186046,NA,NA,NA,NA,NA
2023,Britomart Reef (18-024),18-024,66,389.5,199.75,62.916666666666664,126.83333333333333,92.83333333333333,34,690,0.5128369704749679,0.1615318784766795,0.32563115104835255,0.2383397518185708,0.08729139922978177,28.666666666666668,0.01744186046511628,603,0.001658374792703151,16,2.6533996683250414,NA,NA,NA,NA,NA
2023,Arlington Reef (16-064),16-064,33,184.25,184.25,0,0,0,0,20,1,0,0,0,0,11.166666666666666,0,345,0,15,4.3478260869565215,NA,NA,NA,NA,NA
2023,Fitzroy Reef (23-077),23-077,47,243.8,164.98333333333332,59.78333333333333,19.033333333333335,19.033333333333335,0,237,0.6767158873393491,0.2452146568225321,0.07806945583811868,0.07806945583811868,0,11.4,0.014619883040935672,473,0.02536997885835095,42,8.879492600422834,NA,NA,NA,NA,NA
2023,Lady Elliot Island Reef (24-008),24-008,26,155.43333333333334,146.5,4.433333333333334,4.5,4.5,0,73,0.9425262706412181,0.028522410465365647,0.028951318893416254,0.028951318893416254,0,10,0.008333333333333333,147,0.006802721088435374,31,21.08843537414966,NA,NA,NA,NA,NA
2023,(Little) Broadhurst Reef (18-106),18-106,67,369.03333333333336,144.2,132.26666666666668,92.56666666666666,86.5,6.066666666666666,658,0.3907506097010206,0.3584138740854485,0.25083551621353084,0.23439617017432932,0.016439346039201514,13.6,0.056372549019607844,236,0.05508474576271186,71,30.08474576271186,NA,NA,NA,NA,NA
2023,Beaver Reef (17-051),17-051,26,143.5,143.5,0,0,0,0,27,1,0,0,0,0,11.166666666666666,0.008955223880597015,66,0,8,12.121212121212121,NA,NA,NA,NA,NA
2024,Heron Reef (23-052a),23-052a,131,728.1833333333333,556.8333333333334,88.15,83.2,74.23333333333333,8.966666666666667,548,0.764688379757845,0.12105467945343436,0.1142569407887208,0.10194319196173125,0.01231374882698954,4.133333333333334,0.012096774193548385,634,0.00946372239747634,58,9.14826498422713,NA,NA,NA,NA,NA
2024,(Big) Broadhurst Reef (No 1) (18-100a),18-100a,156,937.8333333333334,512.35,184.46666666666667,241.01666666666668,137.16666666666666,103.85,1689,0.5463124222498668,0.19669450861915763,0.25699306913097564,0.14625910787275634,0.11073396125821929,19,0.014035087719298246,777,0.003861003861003861,90,11.583011583011583,NA,NA,NA,NA,NA
2024,U/N Reef (21-551),21-551,234,1277.6833333333334,353.85,241.01666666666668,682.8166666666667,164.68333333333334,518.1333333333333,16058,0.2769465569194245,0.18863568176778284,0.5344177613127927,0.1288921355056678,0.40552562580712487,16.833333333333332,0.9346534653465347,692,0.7875722543352601,143,20.664739884393065,NA,NA,NA,NA,NA
2024,Martin Reef (14-123),14-123,66,453,288.6666666666667,70.58333333333333,93.75,76.66666666666667,17.083333333333332,647,0.637233259749816,0.155813097866078,0.20695364238410596,0.16924208977189112,0.037711552612214864,25.333333333333332,0.05921052631578947,259,0.019305019305019305,45,17.374517374517374,NA,NA,NA,NA,NA
2024,Batt Reef (16-029),16-029,160,842.4166666666666,288.1333333333333,203.75,350.53333333333336,220.28333333333333,130.25,2209,0.3420318528044317,0.24186368582451281,0.41610446137105556,0.2614897615985755,0.15461469977247996,21.583333333333332,0.05405405405405406,484,0.006198347107438017,37,7.644628099173553,NA,NA,NA,NA,NA
2024,Hopkinson Reef (18-073),18-073,38,246.66666666666666,211.41666666666666,28.166666666666668,7.083333333333333,7.083333333333333,0,166,0.8570945945945946,0.1141891891891892,0.028716216216216218,0.028716216216216218,0,18,0.009259259259259259,79,0.02531645569620253,14,17.72151898734177,NA,NA,NA,NA,NA
2024,Davies Reef (18-096),18-096,156,489.3666666666667,203.9,145.66666666666666,139.8,107.75,32.05,968,0.4166609903957496,0.29766364689053876,0.28567536271371163,0.2201825488726926,0.065492813841019,6.333333333333333,0.06578947368421052,330,0.015151515151515152,53,16.060606060606062,108,107,208.42348738490742,2024-01-04,99.07407407407408
2024,U/N Reef (21-465),21-465,42,221.73333333333332,198.31666666666666,8.166666666666666,15.25,5.1,10.15,192,0.8943926638604931,0.03683102826217679,0.06877630787733013,0.023000601322910402,0.045775706554419725,14.6,0.04794520547945205,334,0.005988023952095809,11,3.293413173652695,NA,NA,NA,NA,NA
2024,U/N Reef (21-188),21-188,57,312.53333333333336,196.11666666666667,46.233333333333334,70.18333333333334,36.85,33.333333333333336,492,0.6275063993174061,0.14793088737201365,0.2245627133105802,0.11790742320819111,0.10665529010238908,22.3,0.10837070254110613,247,0.08097165991902834,32,12.955465587044534,NA,NA,NA,NA,NA
2024,Barnett Patches (18-019),18-019,42,203.83333333333334,191.58333333333334,4.75,7.5,7.5,0,60,0.9399018806214228,0.02330335241210139,0.03679476696647588,0.03679476696647588,0,22.666666666666668,0.0058823529411764705,372,0.002688172043010753,73,19.623655913978492,NA,NA,NA,NA,NA
2024,Eyrie Reef (14-118),14-118,70,466.78333333333336,188.58333333333334,117.75,160.45,92.95,67.5,1060,0.4040061413218124,0.25225836398043344,0.3437354946977541,0.19912878923126362,0.14460670546649051,25.333333333333332,0.0868421052631579,301,0.026578073089700997,49,16.27906976744186,NA,NA,NA,NA,NA
2024,Fitzroy Reef (23-077),23-077,47,207.46666666666667,181.65,25.816666666666666,0,0,0,85,0.8755623393316195,0.12443766066838045,0,0,0,12.75,0.01437908496732026,316,0.012658227848101266,13,4.113924050632911,NA,NA,NA,NA,NA
2024,U/N Reef (21-466),21-466,38,216.55,166.03333333333333,24.15,26.366666666666667,20.183333333333334,6.183333333333334,205,0.7667205418302162,0.1115215885476795,0.1217578696221042,0.09320403294081428,0.028553836681289926,11.716666666666667,0.00995732574679943,737,0.009497964721845319,33,4.477611940298507,NA,NA,NA,NA,NA
2024,Lark Reef (15-033),15-033,54,327.93333333333334,134,61.06666666666667,132.86666666666667,103.06666666666666,29.8,669,0.40861963813783286,0.18621671071355966,0.4051636511486075,0.3142915226672088,0.09087212848139865,19,0.0035087719298245615,296,0.030405405405405407,44,14.864864864864865,NA,NA,NA,NA,NA
2024,Wardle Reef (17-032),17-032,21,126,118.5,7.5,0,0,0,38,0.9404761904761905,0.05952380952380952,0,0,0,11.166666666666666,0.010447761194029851,85,0,6,7.0588235294117645,NA,NA,NA,NA,NA
2024,Backnumbers Reef (18-069a),18-069a,28,155.33333333333334,117.66666666666667,22.833333333333332,14.833333333333334,14.833333333333334,0,144,0.7575107296137339,0.1469957081545064,0.09549356223175966,0.09549356223175966,0,26.666666666666668,0.005625,239,0.012552301255230125,68,28.451882845188287,NA,NA,NA,NA,NA
2024,Kelso Reef (18-030),18-030,55,272.73333333333335,115.5,75.91666666666667,81.31666666666666,67.58333333333333,13.733333333333333,499,0.42349058909802,0.2783549254461012,0.29815448545587875,0.24780004888780247,0.05035443656807626,20,0.0125,233,0.004291845493562232,26,11.158798283261802,NA,NA,NA,NA,NA
2024,Centipede Reef (18-088),18-088,19,115.33333333333333,115.33333333333333,0,0,0,0,21,1,0,0,0,0,30,5.555555555555556e-4,60,0,14,23.333333333333332,NA,NA,NA,NA,NA
2024,U/N Reef (10-384),10-384,38,174.5,113,47.25,14.25,4.25,10,174,0.6475644699140402,0.2707736389684814,0.08166189111747851,0.024355300859598854,0.05730659025787966,18.5,0.03963963963963964,70,0.11428571428571428,29,41.42857142857143,NA,NA,NA,NA,NA
2024,Startle Reefs (15-028),15-028,149,898.8,112.93333333333334,119.65,666.2166666666667,249.2,417.01666666666665,4403,0.1256490134994808,0.13312194036493102,0.7412290461355883,0.2772585669781931,0.46397047915739503,30,0.1,243,0.053497942386831275,113,46.502057613168724,NA,NA,NA,NA,NA
2025,Heron Reef (23-052a),23-052a,60,360.4,272.9166666666667,68.9,18.583333333333332,7.083333333333333,11.5,337,0.7572604513503516,0.1911764705882353,0.05156307806141325,0.019654088050314465,0.03190899001109878,15.966666666666667,0.0020876826722338203,217,0.05069124423963134,43,19.81566820276498,NA,NA,NA,NA,NA
2025,(Big) Broadhurst Reef (No 1) (18-100a),18-100a,90,496.21666666666664,260.95,86.85,148.41666666666666,70.08333333333333,78.33333333333333,1122,0.5258791522520404,0.1750243509219763,0.29909649682598327,0.141235347462466,0.15786114936351728,15.066666666666666,0.004424778761061947,637,0.026687598116169546,126,19.78021978021978,24,12,7.625,2025-04-06,50
2025,U/N Reef (10-384),10-384,142,580.0166666666667,210.66666666666666,184.63333333333333,184.71666666666667,138.55,46.166666666666664,1283,0.3632079537944312,0.3183241860866067,0.3184678601189621,0.2388724461940749,0.07959541392488721,28,0.041666666666666664,410,0.11219512195121951,83,20.243902439024392,NA,NA,NA,NA,NA
2025,Darley Reef (19-043),19-043,66,212.91666666666666,168.55,17.233333333333334,27.133333333333333,19.333333333333332,7.8,166,0.7916242661448142,0.08093933463796478,0.12743639921722114,0.09080234833659491,0.036634050880626226,7.266666666666667,0.03669724770642202,335,0.008955223880597015,58,17.313432835820898,NA,NA,NA,NA,NA
2025,Hopkinson Reef (18-073),18-073,46,312.05,161.3,86,64.75,30.833333333333332,33.916666666666664,598,0.5169043422528441,0.2755968594776478,0.2074987982695081,0.09880895155690861,0.10868984671259946,38.333333333333336,0.01565217391304348,137,0.043795620437956206,47,34.306569343065696,NA,NA,NA,NA,NA
2025,U/N Reef (10-400),10-400,33,158.2,150.2,8,0,0,0,34,0.9494310998735778,0.050568900126422255,0,0,0,8,0.004166666666666667,145,0.027586206896551724,38,26.20689655172414,NA,NA,NA,NA,NA
2025,Fitzroy Reef (23-077),23-077,67,333.03333333333336,143.63333333333333,109.81666666666666,79.58333333333333,78.18333333333334,1.4,527,0.43128815934340903,0.32974677209488534,0.2389650685617055,0.23476128515664096,0.004203783405064557,12.8,0.053385416666666664,513,0.1364522417153996,111,21.637426900584796,NA,NA,NA,NA,NA
2025,Barnett Patches (18-019),18-019,24,149.16666666666666,142.83333333333334,6.333333333333333,0,0,0,54,0.9575418994413409,0.04245810055865922,0,0,0,21.833333333333332,0.0030534351145038168,144,0,37,25.694444444444443,NA,NA,NA,NA,NA
2025,Llewellyn Reef (23-078),23-078,100,410.1,138.93333333333334,89.61666666666666,181.55,134.88333333333333,46.666666666666664,970,0.33877915955458016,0.21852393725107694,0.44269690319434285,0.3289035194667967,0.11379338372754612,8.666666666666666,0.075,453,0.17880794701986755,83,18.322295805739515,NA,NA,NA,NA,NA
2025,Lady Musgrave Reef (23-082a),23-082a,66,371.81666666666666,135.1,85.28333333333333,151.43333333333334,79.75,71.68333333333334,930,0.3633511139002196,0.22936931283338563,0.40727957326639475,0.2144874265991304,0.19279214666726435,18.5,0.055855855855855854,483,0.07039337474120083,60,12.422360248447205,NA,NA,NA,NA,NA
2025,Low Islands Reef (16-028),16-028,20,130,130,0,0,0,0,4,1,0,0,0,0,30,0,60,0,17,28.333333333333332,NA,NA,NA,NA,NA
2025,Forrester Reef (15-009),15-009,45,281.15,124.31666666666666,51.583333333333336,105.25,44.666666666666664,60.583333333333336,710,0.44217203153713913,0.1834726421246073,0.37435532633825364,0.15887130238899758,0.21548402394925606,27,0.043827160493827164,135,0.007407407407407408,23,17.037037037037038,NA,NA,NA,NA,NA
2025,Emperor Reef (21-538),21-538,35,166.13333333333333,123.26666666666667,5.25,37.61666666666667,19.066666666666666,18.55,358,0.7419743178170145,0.03160112359550562,0.22642455858747995,0.11476725521669343,0.11165730337078653,19.333333333333332,0.004310344827586207,173,0.028901734104046242,45,26.011560693641616,NA,NA,NA,NA,NA
2025,U/N Reef (21-466),21-466,15,120.18333333333334,120.18333333333334,0,0,0,0,6,1,0,0,0,0,13.883333333333333,0,180,0.005555555555555556,10,5.555555555555555,24,2,0.9375,2025-04-12,8.333333333333332
2025,U/N Reef (21-465),21-465,19,106.58333333333333,103.05,0,3.533333333333333,3.533333333333333,0,42,0.9668491008600469,0,0.03315089913995309,0.03315089913995309,0,13.25,0.0025157232704402514,194,0.015463917525773196,14,7.216494845360824,NA,NA,NA,NA,NA
2025,Davies Reef (18-096),18-096,50,177.7,101.96666666666667,48.733333333333334,27,27,0,217,0.5738135434252486,0.27424498217970367,0.15194147439504785,0.15194147439504785,0,13.166666666666666,0.006329113924050633,177,0.096045197740113,35,19.774011299435028,42,40,71.80173417483333,2025-08-03,95.23809523809523
2025,Bowden Reef (19-019),19-019,42,147.55,101.08333333333333,11.8,34.666666666666664,30.666666666666668,4,182,0.6850785044617643,0.07997289054557777,0.23494860499265782,0.2078391505704281,0.02710945442222975,13.066666666666666,0.00510204081632653,244,0.05327868852459016,20,8.19672131147541,42,32,16.150817314833333,2025-08-03,76.19047619047619
2025,Centipede Reef (18-088),18-088,15,99.91666666666667,99.91666666666667,0,0,0,0,18,1,0,0,0,0,13.333333333333334,0.005,96,0,19,19.791666666666664,NA,NA,NA,NA,NA
2025,St Crispin Reef (16-019),16-019,11,92.4,92.4,0,0,0,0,13,1,0,0,0,0,27.1,0,303,0.006600660066006601,8,2.6402640264026402,NA,NA,NA,NA,NA
2025,U/N Reef (21-551),21-551,58,311.56666666666666,92.06666666666666,84.01666666666667,135.48333333333332,63.45,72.03333333333333,1077,0.29549588103134694,0.26965871402589064,0.43484540494276236,0.2036482293784102,0.2311971755643522,16.883333333333333,0.022704837117472853,255,0.1411764705882353,57,22.35294117647059,NA,NA,NA,NA,NA
2026,Emperor Reef (21-538),21-538,29,144.86666666666667,114.6,9.75,20.516666666666666,18.766666666666666,1.75,123,0.7910722503451448,0.06730326737229636,0.14162448228255867,0.12954440865163366,0.012080073630924988,22.05,0.0015117157974300832,148,0,53,35.810810810810814,NA,NA,NA,NA,NA
2026,U/N Reef (21-551),21-551,6,51.983333333333334,51.983333333333334,0,0,0,0,19,1,0,0,0,0,17.616666666666667,0.014191106906338695,114,0,4,3.508771929824561,NA,NA,NA,NA,NA
2026,Tongue Reef (16-026),16-026,30,111.18333333333334,51.95,5,54.233333333333334,29.6,24.633333333333333,390,0.4672462899115575,0.0449707690001499,0.4877829410882926,0.2662269524808874,0.22155598860740516,32.2,0.08695652173913042,310,0.0064516129032258064,45,14.516129032258066,NA,NA,NA,NA,NA
2026,Batt Reef (16-029),16-029,33,182.26666666666668,41.666666666666664,62.083333333333336,78.51666666666667,34.55,43.96666666666667,596,0.22860277980980245,0.3406181419166057,0.4307790782735918,0.1895574250182882,0.24122165325530356,33,0.03787878787878788,145,0.027586206896551724,42,28.965517241379313,NA,NA,NA,NA,NA
2026,Chinaman Reef (16-024),16-024,13,77.95,34.833333333333336,36.03333333333333,7.083333333333333,7.083333333333333,0,111,0.4468676502031217,0.46226213384648274,0.09087021595039554,0.09087021595039554,0,5.333333333333333,0.009375,60,0.06666666666666667,25,41.66666666666667,NA,NA,NA,NA,NA
2026,U/N Reef (21-531),21-531,6,27.333333333333332,27.333333333333332,0,0,0,0,2,1,0,0,0,0,17.833333333333332,0.001869158878504673,37,0,5,13.513513513513514,NA,NA,NA,NA,NA
2026,Lady Elliot Island Reef (24-008),24-008,6,46.416666666666664,27.083333333333332,11.083333333333334,8.25,8.25,0,68,0.5834829443447038,0.23877917414721725,0.177737881508079,0.177737881508079,0,27.083333333333332,0.03323076923076923,52,0,3,5.769230769230769,NA,NA,NA,NA,NA
2026,Wizard Reef (11-156),11-156,6,25.75,25.75,0,0,0,0,0,1,0,0,0,0,8.75,0,85,0,8,9.411764705882353,NA,NA,NA,NA,NA
2026,(Little) Broadhurst Reef (18-106),18-106,4,14.4,14.4,0,0,0,0,3,1,0,0,0,0,14.4,0.003472222222222222,55,0,4,7.2727272727272725,NA,NA,NA,NA,NA
2026,John Brewer Reef (18-075),18-075,4,11.25,11.25,0,0,0,0,0,1,0,0,0,0,11.25,0,91,0,2,2.197802197802198,NA,NA,NA,NA,NA
2026,Helix Reef (18-076),18-076,12,43.53333333333333,11.133333333333333,22.066666666666666,10.333333333333334,3.1333333333333333,7.2,99,0.2557427258805513,0.5068912710566615,0.23736600306278716,0.07197549770290965,0.1653905053598775,14.066666666666666,0.026066350710900472,NA,NA,NA,NA,NA,NA,NA,NA,NA
2026,Spitfire Reefs (East) (16-012b),16-012b,4,21,10.5,10.5,0,0,0,28,0.5,0.5,0,0,0,21,0.022222222222222223,22,0,9,40.909090909090914,NA,NA,NA,NA,NA
2026,U/N Reef (21-530),21-530,2,9.583333333333334,9.583333333333334,0,0,0,0,0,1,0,0,0,0,9.583333333333334,0,31,0,2,6.451612903225806,NA,NA,NA,NA,NA
2026,Irene Reef (15-084),15-084,13,68.66666666666667,9.333333333333334,10.833333333333334,48.5,33.916666666666664,14.583333333333334,259,0.13592233009708737,0.15776699029126212,0.7063106796116504,0.4939320388349514,0.21237864077669902,10,0.041666666666666664,NA,NA,NA,NA,NA,NA,NA,NA,NA
2026,Lady Musgrave Reef (23-082a),23-082a,11,45.43333333333333,7.816666666666666,36.8,0.8166666666666667,0.8166666666666667,0,68,0.17204695524578137,0.80997798972854,0.01797505502567865,0.01797505502567865,0,32.68333333333333,0.028556858745537993,88,0.03409090909090909,3,3.4090909090909087,NA,NA,NA,NA,NA
2026,Banfield Reef (North) (18-105a),18-105a,6,21.9,7.8,0,14.1,3.8666666666666667,10.233333333333333,81,0.35616438356164387,0,0.6438356164383562,0.17656012176560124,0.4672754946727549,21.9,0.06164383561643835,NA,NA,NA,NA,NA,NA,NA,NA,NA
2026,Wheeler Reef (18-095),18-095,12,41.06666666666667,6.4,18.866666666666667,15.8,8,7.8,114,0.15584415584415584,0.4594155844155844,0.3847402597402597,0.1948051948051948,0.18993506493506493,28.733333333333334,0.05626450116009281,NA,NA,NA,NA,NA,NA,NA,NA,NA
2026,Saville-Kent Reef (18-099),18-099,4,11,6,5,0,0,0,9,0.5454545454545454,0.45454545454545453,0,0,0,11,0.013636363636363636,72,0,0,0,NA,NA,NA,NA,NA
2026,U/N Reef (10-384),10-384,2,6,2,4,0,0,0,7,0.3333333333333333,0.6666666666666666,0,0,0,6,0.019444444444444445,123,0,10,8.130081300813007,NA,NA,NA,NA,NA
2026,Mackay Reef (16-015),16-015,4,22.833333333333332,0,17,5.833333333333333,5.833333333333333,0,51,0,0.7445255474452556,0.25547445255474455,0.25547445255474455,0,22.833333333333332,0.03722627737226277,NA,NA,NA,NA,NA,NA,NA,NA,NA
