Year,ReefName,ReefLabel,Total_Dives,Total_Diver_Hours,Wasted_Diver_Hours,Borderline_Diver_Hours,Needed_Diver_Hours,Total_COTS_Culled,Proportion_Wasted,Proportion_Borderline,Proportion_Needed,Total_Tows,Mean_COTS_per_Tow,Tows_With_Scars,Pct_Tows_With_Scars,Total_eDNA_Samples,eDNA_Positives,eDNA_Mean_Conc,eDNA_Pct_Positive
2020,(Big) Broadhurst Reef (No 1) (18-100a),18-100a,184,928.0333333333333,398.1166666666667,128.9,401.01666666666665,4578,0.42898961962573184,0.1388958729930678,0.4321145073812004,987,0.1276595744680851,217,21.98581560283688,NA,NA,NA,NA
2020,Keeper Reef (18-079),18-079,555,1575.3833333333334,335.93333333333334,291.18333333333334,948.2666666666667,5985,0.21323910582609523,0.18483332099065836,0.6019275731832463,290,0.09655172413793103,96,33.10344827586207,30,24,30.3,80
2020,Trunk Reef (18-027),18-027,181,816.5,267.5,231.88333333333333,317.1166666666667,2370,0.32761788120024493,0.28399673402735254,0.38838538477240253,2690,0.02379182156133829,123,4.5724907063197024,NA,NA,NA,NA
2020,Moore Reef (16-071),16-071,116,530.4,193.33333333333334,86.4,250.66666666666666,1822,0.3645047762694822,0.16289592760180996,0.4725992961287079,423,0,15,3.546099290780142,32,19,15.9994447654375,59.375
2020,Davies Reef (18-096),18-096,105,546.25,179,134.96666666666667,232.28333333333333,1271,0.3276887871853547,0.2470785659801678,0.4252326468344775,444,0.033783783783783786,37,8.333333333333332,60,53,46.35,88.33333333333333
2020,Lady Musgrave Reef (23-082a),23-082a,200,738.95,178.41666666666666,244.21666666666667,316.31666666666666,1877,0.24144619617926333,0.33049146311207345,0.42806234070866317,916,0.05349344978165939,121,13.209606986899564,NA,NA,NA,NA
2020,Fitzroy Reef (23-077),23-077,194,749.1166666666667,174.23333333333332,123.38333333333334,451.5,6799,0.23258504460809395,0.16470509711437917,0.6027098582775269,637,0.22291993720565148,101,15.855572998430143,NA,NA,NA,NA
2020,John Brewer Reef (18-075),18-075,737,2195.766666666667,119.66666666666667,228.11666666666667,1847.9833333333333,15522,0.05449880831296586,0.10388930214200051,0.8416118895450335,1009,0.11000991080277503,477,47.27452923686818,NA,NA,NA,NA
2020,Lizard Island Reef (Lagoon) (14-116d),14-116d,24,115.16666666666667,115.16666666666667,0,0,19,1,0,0,106,0,4,3.7735849056603774,90,22,3.2328281449222223,24.444444444444443
2020,Arlington Reef (16-064),16-064,20,84.08333333333333,84.08333333333333,0,0,4,1,0,0,623,0,7,1.1235955056179776,NA,NA,NA,NA
2020,Lynchs Reef (18-091),18-091,70,329.3333333333333,80.66666666666667,102,146.66666666666666,864,0.24493927125506076,0.30971659919028344,0.44534412955465585,498,0.004016064257028112,9,1.8072289156626504,NA,NA,NA,NA
2020,Thetford Reef (16-068),16-068,14,84,78,6,0,43,0.9285714285714286,0.07142857142857142,0,232,0,10,4.310344827586207,30,15,13.612025975,50
2020,Lizard Island Reef (North West) (14-116a),14-116a,17,74.88333333333334,74.88333333333334,0,0,16,1,0,0,128,0.0078125,10,7.8125,30,16,21.444604067500002,53.333333333333336
2020,Michaelmas Reef (16-060),16-060,24,92.35,69.41666666666667,7.55,15.383333333333333,100,0.7516693737592494,0.08175419599350298,0.1665764302472478,261,0,9,3.4482758620689653,NA,NA,NA,NA
2020,St Crispin Reef (16-019),16-019,14,65.3,65.3,0,0,1,1,0,0,278,0.0035971223021582736,3,1.079136690647482,NA,NA,NA,NA
2020,Eddy Reef (17-047),17-047,58,283.56666666666666,64.3,41.083333333333336,178.18333333333334,1420,0.22675443752204066,0.14488068649347596,0.6283648759844834,324,0.024691358024691357,19,5.864197530864197,NA,NA,NA,NA
2020,Lizard Island Reef (North East) (14-116b),14-116b,11,55.05,55.05,0,0,15,1,0,0,63,0,2,3.1746031746031744,30,10,4.3743973841,33.33333333333333
2020,Bramble Reef (18-029),18-029,16,84.5,54.266666666666666,10.233333333333333,20,152,0.6422090729783038,0.12110453648915187,0.23668639053254437,496,0,6,1.2096774193548387,NA,NA,NA,NA
2020,Fairfax Islands Reef (23-081),23-081,57,275.3666666666667,53.083333333333336,77.06666666666666,145.21666666666667,1313,0.19277327200096842,0.27986926522212807,0.5273574627769035,271,0.033210332103321034,48,17.712177121771216,NA,NA,NA,NA
2020,Chicken Reef (18-086),18-086,10,50.666666666666664,50.666666666666664,0,0,5,1,0,0,121,0,5,4.132231404958678,NA,NA,NA,NA
2021,John Brewer Reef (18-075),18-075,610,1928.8833333333334,262.81666666666666,384.8,1281.2666666666667,6935,0.13625327261887274,0.19949366213612366,0.6642530652450035,447,0.011185682326621925,132,29.53020134228188,NA,NA,NA,NA
2021,Heron Reef (23-052a),23-052a,113,429.78333333333336,235.18333333333334,91.71666666666667,102.88333333333334,690,0.547213712335673,0.21340210183425756,0.23938418583006943,531,0.030131826741996232,81,15.254237288135593,NA,NA,NA,NA
2021,Keeper Reef (18-079),18-079,195,640.0833333333334,183.03333333333333,147.35,309.7,1787,0.28595234995443297,0.23020440046868895,0.48384324957687797,241,0.029045643153526972,75,31.12033195020747,NA,NA,NA,NA
2021,(Big) Broadhurst Reef (No 1) (18-100a),18-100a,241,1057,181.9,80.46666666666667,794.6333333333333,9793,0.17209082308420057,0.0761274046042258,0.7517817723115736,1052,0.07034220532319392,165,15.684410646387834,NA,NA,NA,NA
2021,Lady Musgrave Reef (23-082a),23-082a,164,677.8833333333333,162.65,163.58333333333334,351.65,2047,0.23993804243601408,0.2413148771912571,0.5187470803727288,649,0.05084745762711865,134,20.647149460708782,NA,NA,NA,NA
2021,Britomart Reef (18-024),18-024,103,450.3666666666667,161.1,92.16666666666667,197.1,1379,0.3577085337872844,0.20464806454000445,0.4376434016727111,800,0,26,3.25,NA,NA,NA,NA
2021,Fitzroy Reef (23-077),23-077,133,510.9,138,117.66666666666667,255.23333333333332,2802,0.2701115678214915,0.23031252038885627,0.49957591178965227,269,0.3271375464684015,65,24.1635687732342,NA,NA,NA,NA
2021,Trunk Reef (18-027),18-027,87,389.95,133.23333333333332,116.71666666666667,140,908,0.3416677351797239,0.2993118775911442,0.35902038722913193,387,0.028423772609819122,41,10.594315245478036,NA,NA,NA,NA
2021,Pike Reef (21-549),21-549,39,118.71666666666667,116.46666666666667,0,2.25,27,0.9810473115260424,0,0.0189526884739576,325,0.006153846153846154,51,15.692307692307692,NA,NA,NA,NA
2021,Farquharson Reef (No 1) (17-063a),17-063a,125,545.25,97.95,100,347.3,3197,0.1796423658872077,0.18340210912425492,0.6369555249885374,166,0.024096385542168676,17,10.240963855421686,NA,NA,NA,NA
2021,Batt Reef (16-029),16-029,136,605.75,94,107.61666666666666,404.1333333333333,2823,0.1551795295088733,0.17765855000687852,0.6671619204842482,233,0.04721030042918455,67,28.75536480686695,36,33,52.73052012522222,91.66666666666666
2021,Moore Reef (16-071),16-071,33,159.8,88.66666666666667,51.13333333333333,20,188,0.5548602419691281,0.3199833124739257,0.12515644555694616,351,0.005698005698005698,21,5.982905982905983,36,27,391.49006523794446,75
2021,Elford Reef (16-073),16-073,42,171.05,85.81666666666666,38.36666666666667,46.86666666666667,331,0.5017051544382733,0.2243008866803079,0.2739939588814187,291,0,18,6.185567010309279,NA,NA,NA,NA
2021,Tongue Reef (16-026),16-026,32,131,82.66666666666667,23.666666666666668,24.666666666666668,208,0.6310432569974556,0.1806615776081425,0.18829516539440205,649,0.0015408320493066256,16,2.465331278890601,36,20,15.3032554075,55.55555555555556
2021,Barnett Patches (18-019),18-019,39,163.33333333333334,78.66666666666667,8,76.66666666666667,1169,0.4816326530612245,0.04897959183673469,0.46938775510204084,163,0.012269938650306749,30,18.404907975460123,NA,NA,NA,NA
2021,Hastings Reef (16-057),16-057,16,76.91666666666667,76.91666666666667,0,0,5,1,0,0,140,0,3,2.142857142857143,NA,NA,NA,NA
2021,Briggs Reef (16-074),16-074,40,173.75,76,32.333333333333336,65.41666666666667,393,0.437410071942446,0.18609112709832135,0.37649880095923266,67,0,19,28.35820895522388,NA,NA,NA,NA
2021,Pith Reef (18-033),18-033,23,111.33333333333333,72.66666666666667,4,34.666666666666664,494,0.6526946107784432,0.03592814371257485,0.31137724550898205,170,0,3,1.7647058823529411,NA,NA,NA,NA
2021,Backnumbers Reef (18-069a),18-069a,28,137.11666666666667,70.03333333333333,40.666666666666664,26.416666666666668,196,0.5107572626716907,0.2965844171629998,0.19265832016530934,211,0.02843601895734597,22,10.42654028436019,NA,NA,NA,NA
2021,Wheeler Reef (18-095),18-095,203,491.2,57.06666666666667,39.6,394.53333333333336,4087,0.11617806731813247,0.08061889250814333,0.8032030401737242,127,0.047244094488188976,44,34.645669291338585,NA,NA,NA,NA
2022,(Big) Broadhurst Reef (No 1) (18-100a),18-100a,308,1510.55,445.55,375.4166666666667,689.5833333333334,4760,0.29495878984475854,0.24852978495691416,0.4565114251983274,427,0.0468384074941452,52,12.177985948477751,NA,NA,NA,NA
2022,Batt Reef (16-029),16-029,236,1309.1833333333334,430.6333333333333,397.18333333333334,481.3666666666667,3018,0.32893279525403873,0.30338251581774894,0.3676846889282122,613,0.01468189233278956,71,11.582381729200652,36,26,20.62412059575,72.22222222222221
2022,Lady Musgrave Reef (23-082a),23-082a,213,911.5166666666667,409.3666666666667,241.18333333333334,260.96666666666664,1661,0.449104971567534,0.26459563730778374,0.2862993911246823,888,0.05292792792792793,162,18.243243243243242,NA,NA,NA,NA
2022,Martin Reef (14-123),14-123,95,567.9833333333333,369.48333333333335,67.25,131.25,858,0.6505179142580475,0.11840136154229877,0.23108072419965375,199,0.05527638190954774,70,35.175879396984925,NA,NA,NA,NA
2022,Fitzroy Reef (23-077),23-077,129,589.4666666666667,356.8666666666667,100.75,131.85,929,0.6054060167382945,0.17091721330015833,0.22367676996154714,857,0.061843640606767794,98,11.435239206534423,NA,NA,NA,NA
2022,Fore And Aft Reef (18-043),18-043,86,418.8333333333333,296.65,85.93333333333334,36.25,429,0.7082769598089932,0.2051730998806208,0.086549940310386,126,0.023809523809523808,29,23.015873015873016,NA,NA,NA,NA
2022,Heron Reef (23-052a),23-052a,85,448.93333333333334,265.1,88.23333333333333,95.6,641,0.5905108405108406,0.19653994653994655,0.21294921294921293,513,0.050682261208576995,78,15.204678362573098,NA,NA,NA,NA
2022,Eyrie Reef (14-118),14-118,107,659.55,254.13333333333333,114.25,291.1666666666667,1592,0.3853132186086473,0.1732241679933288,0.44146261339802395,178,0.02247191011235955,72,40.44943820224719,36,16,8.19058247525,44.44444444444444
2022,Trunk Reef (18-027),18-027,52,248.5,224.5,24,0,59,0.903420523138833,0.096579476861167,0,601,0,37,6.156405990016639,NA,NA,NA,NA
2022,Escape Reef (15-094),15-094,38,215.33333333333334,215.33333333333334,0,0,0,1,0,0,239,0,10,4.184100418410042,NA,NA,NA,NA
2022,Moore Reef (16-071),16-071,46,203,203,0,0,20,1,0,0,69,0,21,30.434782608695656,36,13,9.04026916163889,36.11111111111111
2022,Nathan Reef (17-035),17-035,39,187.5,187.5,0,0,8,1,0,0,409,0,20,4.88997555012225,NA,NA,NA,NA
2022,Backnumbers Reef (18-069a),18-069a,34,206.08333333333334,170.41666666666666,31.75,3.9166666666666665,147,0.8269308532147189,0.154063890012131,0.019005256773150018,104,0.09615384615384616,26,25,NA,NA,NA,NA
2022,Bowden Reef (19-019),19-019,58,323.18333333333334,169.13333333333333,91.15,62.9,481,0.5233355680470321,0.282038058893301,0.19462637305966685,478,0.04184100418410042,75,15.690376569037657,36,35,92.34761094544444,97.22222222222221
2022,Kelso Reef (18-030),18-030,57,279.3666666666667,167.71666666666667,40.25,71.4,406,0.6003460207612457,0.14407588593246629,0.25557809330628806,179,0.00558659217877095,19,10.614525139664805,NA,NA,NA,NA
2022,U/N Reef (21-551),21-551,72,325.78333333333336,166.41666666666666,49.2,110.16666666666667,1237,0.5108200746917685,0.15102061697447178,0.3381593083337596,361,0.09418282548476455,54,14.958448753462603,NA,NA,NA,NA
2022,Thetford Reef (16-068),16-068,30,137.88333333333333,133.88333333333333,4,0,33,0.9709899673637132,0.029010032636286716,0,158,0,13,8.227848101265822,36,5,1.7240137638333333,13.88888888888889
2022,Llewellyn Reef (23-078),23-078,64,314.95,120.35,94.4,100.2,834,0.38212414668995076,0.29973011589141135,0.3181457374186379,302,0.056291390728476824,65,21.52317880794702,NA,NA,NA,NA
2022,Round-Russell Reef (17-013),17-013,36,165.01666666666668,117.9,28.533333333333335,18.583333333333332,133,0.7144732855267144,0.1729118270881729,0.1126148873851126,45,0.06666666666666667,17,37.77777777777778,NA,NA,NA,NA
2022,Lynchs Reef (18-091),18-091,170,327.6666666666667,115.81666666666666,53.7,158.15,1135,0.35345879959308235,0.16388606307222786,0.48265513733468973,NA,NA,NA,NA,NA,NA,NA,NA
2023,(Big) Broadhurst Reef (No 1) (18-100a),18-100a,215,1262.9166666666667,888.5,255.86666666666667,118.55,1255,0.7035301880567469,0.20259980204552952,0.09387000989772351,877,0.011402508551881414,147,16.76168757126568,NA,NA,NA,NA
2023,Kelso Reef (18-030),18-030,113,665.4666666666667,481.4166666666667,85.58333333333333,98.46666666666667,695,0.7234271689040273,0.12860649168503305,0.1479663394109397,263,0.0076045627376425855,38,14.44866920152091,NA,NA,NA,NA
2023,Batt Reef (16-029),16-029,195,987.3666666666667,432.85,299.6666666666667,254.85,1733,0.43838830559400427,0.3035008946355626,0.2581107997704331,547,0.012797074954296161,60,10.968921389396709,36,33,54.90810790483334,91.66666666666666
2023,Trunk Reef (18-027),18-027,70,413.55,401.0833333333333,12.466666666666667,0,176,0.9698545117478741,0.0301454882521259,0,577,0.005199306759098787,31,5.37261698440208,NA,NA,NA,NA
2023,U/N Reef (21-465),21-465,220,857.8666666666667,387.7,196.23333333333332,273.93333333333334,3113,0.45193503263910473,0.22874572583152003,0.3193192415293752,1033,0.10551790900290416,136,13.165537270087125,NA,NA,NA,NA
2023,Moore Reef (16-071),16-071,59,338.6666666666667,338.6666666666667,0,0,28,1,0,0,213,0,28,13.145539906103288,36,25,40.44839610661111,69.44444444444444
2023,Lady Musgrave Reef (23-082a),23-082a,110,550.9333333333333,314.6333333333333,161.43333333333334,74.86666666666666,729,0.571091481122943,0.2930179090029042,0.13589060987415294,725,0.041379310344827586,84,11.586206896551724,NA,NA,NA,NA
2023,Round-Russell Reef (17-013),17-013,56,300.1666666666667,292.1666666666667,8,0,88,0.9733481399222654,0.02665186007773459,0,93,0,27,29.03225806451613,NA,NA,NA,NA
2023,Martin Reef (14-123),14-123,91,601,269.8333333333333,132.83333333333334,198.33333333333334,1551,0.4489739323349972,0.22102052135330008,0.33000554631170276,184,0.010869565217391304,21,11.41304347826087,NA,NA,NA,NA
2023,Fore And Aft Reef (18-043),18-043,57,322.3,244.06666666666666,59.833333333333336,18.4,232,0.7572654876409142,0.18564484434791603,0.057089668011169714,251,0.01593625498007968,42,16.733067729083665,NA,NA,NA,NA
2023,Michaelmas Reef (16-060),16-060,33,243.33333333333334,243.33333333333334,0,0,23,1,0,0,330,0,20,6.0606060606060606,NA,NA,NA,NA
2023,Eddy Reef (17-047),17-047,38,224.66666666666666,224.66666666666666,0,0,27,1,0,0,164,0,12,7.317073170731707,NA,NA,NA,NA
2023,Heron Reef (23-052a),23-052a,59,296.81666666666666,223.26666666666668,24.366666666666667,49.18333333333333,318,0.7522039418271661,0.08209332360042676,0.1657027345724072,406,0.029556650246305417,30,7.389162561576355,NA,NA,NA,NA
2023,Rocky Islets Reef (14-132a),14-132a,34,246,206,40,0,129,0.8373983739837398,0.16260162601626016,0,86,0,24,27.906976744186046,NA,NA,NA,NA
2023,Britomart Reef (18-024),18-024,66,389.5,199.75,62.916666666666664,126.83333333333333,690,0.5128369704749679,0.1615318784766795,0.32563115104835255,603,0.001658374792703151,16,2.6533996683250414,NA,NA,NA,NA
2023,Tongue Reef (16-026),16-026,29,192.2,192.2,0,0,7,1,0,0,390,0,19,4.871794871794872,36,16,11.989270648,44.44444444444444
2023,Arlington Reef (16-064),16-064,33,184.25,184.25,0,0,20,1,0,0,345,0,15,4.3478260869565215,NA,NA,NA,NA
2023,Eyrie Reef (14-118),14-118,63,358,180.91666666666666,127.83333333333333,49.25,587,0.5053538175046555,0.35707635009310984,0.13756983240223464,180,0.06666666666666667,41,22.77777777777778,36,28,18.23445505811111,77.77777777777779
2023,Osterlund Reef (15-078),15-078,26,175.33333333333334,175.33333333333334,0,0,12,1,0,0,274,0,24,8.75912408759124,36,7,2.692460936111111,19.444444444444446
2023,Fitzroy Reef (23-077),23-077,47,243.8,164.98333333333332,59.78333333333333,19.033333333333335,237,0.6767158873393491,0.2452146568225321,0.07806945583811868,473,0.02536997885835095,42,8.879492600422834,NA,NA,NA,NA
2024,Heron Reef (23-052a),23-052a,131,728.1833333333333,556.8333333333334,88.15,83.2,548,0.764688379757845,0.12105467945343436,0.1142569407887208,634,0.00946372239747634,58,9.14826498422713,NA,NA,NA,NA
2024,(Big) Broadhurst Reef (No 1) (18-100a),18-100a,156,937.8333333333334,512.35,184.46666666666667,241.01666666666668,1689,0.5463124222498668,0.19669450861915763,0.25699306913097564,777,0.003861003861003861,90,11.583011583011583,NA,NA,NA,NA
2024,U/N Reef (21-551),21-551,234,1277.6833333333334,353.85,241.01666666666668,682.8166666666667,16058,0.2769465569194245,0.18863568176778284,0.5344177613127927,692,0.7875722543352601,143,20.664739884393065,NA,NA,NA,NA
2024,Martin Reef (14-123),14-123,66,453,288.6666666666667,70.58333333333333,93.75,647,0.637233259749816,0.155813097866078,0.20695364238410596,259,0.019305019305019305,45,17.374517374517374,NA,NA,NA,NA
2024,Batt Reef (16-029),16-029,160,842.4166666666666,288.1333333333333,203.75,350.53333333333336,2209,0.3420318528044317,0.24186368582451281,0.41610446137105556,484,0.006198347107438017,37,7.644628099173553,NA,NA,NA,NA
2024,Hopkinson Reef (18-073),18-073,38,246.66666666666666,211.41666666666666,28.166666666666668,7.083333333333333,166,0.8570945945945946,0.1141891891891892,0.028716216216216218,79,0.02531645569620253,14,17.72151898734177,NA,NA,NA,NA
2024,Davies Reef (18-096),18-096,156,489.3666666666667,203.9,145.66666666666666,139.8,968,0.4166609903957496,0.29766364689053876,0.28567536271371163,330,0.015151515151515152,53,16.060606060606062,108,107,208.42348738490742,99.07407407407408
2024,U/N Reef (21-465),21-465,42,221.73333333333332,198.31666666666666,8.166666666666666,15.25,192,0.8943926638604931,0.03683102826217679,0.06877630787733013,334,0.005988023952095809,11,3.293413173652695,NA,NA,NA,NA
2024,U/N Reef (21-188),21-188,57,312.53333333333336,196.11666666666667,46.233333333333334,70.18333333333334,492,0.6275063993174061,0.14793088737201365,0.2245627133105802,247,0.08097165991902834,32,12.955465587044534,NA,NA,NA,NA
2024,Barnett Patches (18-019),18-019,42,203.83333333333334,191.58333333333334,4.75,7.5,60,0.9399018806214228,0.02330335241210139,0.03679476696647588,372,0.002688172043010753,73,19.623655913978492,NA,NA,NA,NA
2024,Eyrie Reef (14-118),14-118,70,466.78333333333336,188.58333333333334,117.75,160.45,1060,0.4040061413218124,0.25225836398043344,0.3437354946977541,301,0.026578073089700997,49,16.27906976744186,NA,NA,NA,NA
2024,Fitzroy Reef (23-077),23-077,47,207.46666666666667,181.65,25.816666666666666,0,85,0.8755623393316195,0.12443766066838045,0,316,0.012658227848101266,13,4.113924050632911,NA,NA,NA,NA
2024,U/N Reef (21-466),21-466,38,216.55,166.03333333333333,24.15,26.366666666666667,205,0.7667205418302162,0.1115215885476795,0.1217578696221042,737,0.009497964721845319,33,4.477611940298507,NA,NA,NA,NA
2024,Lizard Island Reef (Lagoon) (14-116d),14-116d,56,311.43333333333334,148.75,86.91666666666667,75.76666666666667,566,0.47763031146312745,0.27908594669806275,0.2432837418388098,198,0.030303030303030304,25,12.626262626262626,60,50,33.35948502628333,83.33333333333334
2024,Lark Reef (15-033),15-033,54,327.93333333333334,134,61.06666666666667,132.86666666666667,669,0.40861963813783286,0.18621671071355966,0.4051636511486075,296,0.030405405405405407,44,14.864864864864865,NA,NA,NA,NA
2024,Wardle Reef (17-032),17-032,21,126,118.5,7.5,0,38,0.9404761904761905,0.05952380952380952,0,85,0,6,7.0588235294117645,NA,NA,NA,NA
2024,Backnumbers Reef (18-069a),18-069a,28,155.33333333333334,117.66666666666667,22.833333333333332,14.833333333333334,144,0.7575107296137339,0.1469957081545064,0.09549356223175966,239,0.012552301255230125,68,28.451882845188287,NA,NA,NA,NA
2024,Kelso Reef (18-030),18-030,55,272.73333333333335,115.5,75.91666666666667,81.31666666666666,499,0.42349058909802,0.2783549254461012,0.29815448545587875,233,0.004291845493562232,26,11.158798283261802,NA,NA,NA,NA
2024,Centipede Reef (18-088),18-088,19,115.33333333333333,115.33333333333333,0,0,21,1,0,0,60,0,14,23.333333333333332,NA,NA,NA,NA
2024,U/N Reef (10-384),10-384,38,174.5,113,47.25,14.25,174,0.6475644699140402,0.2707736389684814,0.08166189111747851,70,0.11428571428571428,29,41.42857142857143,NA,NA,NA,NA
2025,(Big) Broadhurst Reef (No 1) (18-100a),18-100a,116,589.1666666666666,346.9,93.85,148.41666666666666,1151,0.5887977369165488,0.1592927864214993,0.2519094766619519,637,0.026687598116169546,126,19.78021978021978,24,12,7.625,50
2025,Heron Reef (23-052a),23-052a,60,360.4,272.9166666666667,68.9,18.583333333333332,337,0.7572604513503516,0.1911764705882353,0.05156307806141325,217,0.05069124423963134,43,19.81566820276498,NA,NA,NA,NA
2025,U/N Reef (10-384),10-384,142,580.0166666666667,210.66666666666666,184.63333333333333,184.71666666666667,1283,0.3632079537944312,0.3183241860866067,0.3184678601189621,410,0.11219512195121951,83,20.243902439024392,NA,NA,NA,NA
2025,Darley Reef (19-043),19-043,66,212.91666666666666,168.55,17.233333333333334,27.133333333333333,166,0.7916242661448142,0.08093933463796478,0.12743639921722114,335,0.008955223880597015,58,17.313432835820898,NA,NA,NA,NA
2025,Hopkinson Reef (18-073),18-073,46,312.05,161.3,86,64.75,598,0.5169043422528441,0.2755968594776478,0.2074987982695081,137,0.043795620437956206,47,34.306569343065696,NA,NA,NA,NA
2025,Batt Reef (16-029),16-029,254,1429.7,160.01666666666668,174.66666666666666,1095.0166666666667,7841,0.11192324730129864,0.12217015224639201,0.7659066004523093,237,0.029535864978902954,92,38.81856540084388,42,32,16.12799251502381,76.19047619047619
2025,U/N Reef (21-466),21-466,20,157.25,157.25,0,0,13,1,0,0,180,0.005555555555555556,10,5.555555555555555,24,2,0.9375,8.333333333333332
2025,U/N Reef (10-400),10-400,33,158.2,150.2,8,0,34,0.9494310998735778,0.050568900126422255,0,145,0.027586206896551724,38,26.20689655172414,NA,NA,NA,NA
2025,Fitzroy Reef (23-077),23-077,67,333.03333333333336,143.63333333333333,109.81666666666666,79.58333333333333,527,0.43128815934340903,0.32974677209488534,0.2389650685617055,513,0.1364522417153996,111,21.637426900584796,NA,NA,NA,NA
2025,Barnett Patches (18-019),18-019,24,149.16666666666666,142.83333333333334,6.333333333333333,0,54,0.9575418994413409,0.04245810055865922,0,144,0,37,25.694444444444443,NA,NA,NA,NA
2025,Llewellyn Reef (23-078),23-078,100,410.1,138.93333333333334,89.61666666666666,181.55,970,0.33877915955458016,0.21852393725107694,0.44269690319434285,453,0.17880794701986755,83,18.322295805739515,NA,NA,NA,NA
2025,Lady Musgrave Reef (23-082a),23-082a,66,371.81666666666666,135.1,85.28333333333333,151.43333333333334,930,0.3633511139002196,0.22936931283338563,0.40727957326639475,483,0.07039337474120083,60,12.422360248447205,NA,NA,NA,NA
2025,Low Islands Reef (16-028),16-028,20,130,130,0,0,4,1,0,0,60,0,17,28.333333333333332,NA,NA,NA,NA
2025,Forrester Reef (15-009),15-009,45,281.15,124.31666666666666,51.583333333333336,105.25,710,0.44217203153713913,0.1834726421246073,0.37435532633825364,135,0.007407407407407408,23,17.037037037037038,NA,NA,NA,NA
2025,Emperor Reef (21-538),21-538,35,166.13333333333333,123.26666666666667,5.25,37.61666666666667,358,0.7419743178170145,0.03160112359550562,0.22642455858747995,173,0.028901734104046242,45,26.011560693641616,NA,NA,NA,NA
2025,Davies Reef (18-096),18-096,62,222.01666666666668,109.63333333333334,81.38333333333334,31,291,0.49380677126341865,0.3665640717663839,0.13962915697019743,177,0.096045197740113,35,19.774011299435028,42,40,71.80173417483333,95.23809523809523
2025,U/N Reef (21-465),21-465,19,106.58333333333333,103.05,0,3.533333333333333,42,0.9668491008600469,0,0.03315089913995309,194,0.015463917525773196,14,7.216494845360824,NA,NA,NA,NA
2025,Bowden Reef (19-019),19-019,42,147.55,101.08333333333333,11.8,34.666666666666664,182,0.6850785044617643,0.07997289054557777,0.23494860499265782,244,0.05327868852459016,20,8.19672131147541,42,32,16.150817314833333,76.19047619047619
2025,Centipede Reef (18-088),18-088,15,99.91666666666667,99.91666666666667,0,0,18,1,0,0,96,0,19,19.791666666666664,NA,NA,NA,NA
2025,St Crispin Reef (16-019),16-019,11,92.4,92.4,0,0,13,1,0,0,303,0.006600660066006601,8,2.6402640264026402,NA,NA,NA,NA
2026,Emperor Reef (21-538),21-538,29,144.86666666666667,114.6,9.75,20.516666666666666,123,0.7910722503451448,0.06730326737229636,0.14162448228255867,148,0,53,35.810810810810814,NA,NA,NA,NA
2026,U/N Reef (21-551),21-551,6,51.983333333333334,51.983333333333334,0,0,19,1,0,0,114,0,4,3.508771929824561,NA,NA,NA,NA
2026,Tongue Reef (16-026),16-026,30,111.18333333333334,51.95,5,54.233333333333334,390,0.4672462899115575,0.0449707690001499,0.4877829410882926,310,0.0064516129032258064,45,14.516129032258066,NA,NA,NA,NA
2026,Batt Reef (16-029),16-029,33,182.26666666666668,41.666666666666664,62.083333333333336,78.51666666666667,596,0.22860277980980245,0.3406181419166057,0.4307790782735918,145,0.027586206896551724,42,28.965517241379313,NA,NA,NA,NA
2026,Chinaman Reef (16-024),16-024,13,77.95,34.833333333333336,36.03333333333333,7.083333333333333,111,0.4468676502031217,0.46226213384648274,0.09087021595039554,60,0.06666666666666667,25,41.66666666666667,NA,NA,NA,NA
2026,U/N Reef (21-531),21-531,6,27.333333333333332,27.333333333333332,0,0,2,1,0,0,37,0,5,13.513513513513514,NA,NA,NA,NA
2026,Lady Elliot Island Reef (24-008),24-008,6,46.416666666666664,27.083333333333332,11.083333333333334,8.25,68,0.5834829443447038,0.23877917414721725,0.177737881508079,52,0,3,5.769230769230769,NA,NA,NA,NA
2026,Wizard Reef (11-156),11-156,6,25.75,25.75,0,0,0,1,0,0,85,0,8,9.411764705882353,NA,NA,NA,NA
2026,(Little) Broadhurst Reef (18-106),18-106,4,14.4,14.4,0,0,3,1,0,0,55,0,4,7.2727272727272725,NA,NA,NA,NA
2026,John Brewer Reef (18-075),18-075,4,11.25,11.25,0,0,0,1,0,0,91,0,2,2.197802197802198,NA,NA,NA,NA
2026,Helix Reef (18-076),18-076,12,43.53333333333333,11.133333333333333,22.066666666666666,10.333333333333334,99,0.2557427258805513,0.5068912710566615,0.23736600306278716,NA,NA,NA,NA,NA,NA,NA,NA
2026,Spitfire Reefs (East) (16-012b),16-012b,4,21,10.5,10.5,0,28,0.5,0.5,0,22,0,9,40.909090909090914,NA,NA,NA,NA
2026,U/N Reef (21-530),21-530,2,9.583333333333334,9.583333333333334,0,0,0,1,0,0,31,0,2,6.451612903225806,NA,NA,NA,NA
2026,Irene Reef (15-084),15-084,13,68.66666666666667,9.333333333333334,10.833333333333334,48.5,259,0.13592233009708737,0.15776699029126212,0.7063106796116504,NA,NA,NA,NA,NA,NA,NA,NA
2026,Lady Musgrave Reef (23-082a),23-082a,11,45.43333333333333,7.816666666666666,36.8,0.8166666666666667,68,0.17204695524578137,0.80997798972854,0.01797505502567865,88,0.03409090909090909,3,3.4090909090909087,NA,NA,NA,NA
2026,Banfield Reef (North) (18-105a),18-105a,6,21.9,7.8,0,14.1,81,0.35616438356164387,0,0.6438356164383562,NA,NA,NA,NA,NA,NA,NA,NA
2026,Wheeler Reef (18-095),18-095,12,41.06666666666667,6.4,18.866666666666667,15.8,114,0.15584415584415584,0.4594155844155844,0.3847402597402597,NA,NA,NA,NA,NA,NA,NA,NA
2026,Saville-Kent Reef (18-099),18-099,4,11,6,5,0,9,0.5454545454545454,0.45454545454545453,0,72,0,0,0,NA,NA,NA,NA
2026,U/N Reef (10-384),10-384,2,6,2,4,0,7,0.3333333333333333,0.6666666666666666,0,123,0,10,8.130081300813007,NA,NA,NA,NA
2026,Mackay Reef (16-015),16-015,4,22.833333333333332,0,17,5.833333333333333,51,0,0.7445255474452556,0.25547445255474455,NA,NA,NA,NA,NA,NA,NA,NA
