"edna_pct","expected","expected_lower","expected_upper","predicted","prediction_lower","prediction_upper"
0,0.0119141253694991,0.00631818928854636,0.0271038238502922,0.00462962962962963,0,0.0833333333333333
1,0.0121072310868811,0.00644913285065817,0.0274619732323887,0.00462962962962963,0,0.0787037037037037
2,0.0122995283553152,0.00658282948718606,0.02785051170821,0.00462962962962963,0,0.087962962962963
3,0.0125051671218731,0.00671535978131146,0.0281719123569243,0.00462962962962963,0,0.0833333333333333
4,0.0127110847752916,0.00684251895030827,0.0285482747966799,0.00462962962962963,0,0.0972222222222222
5,0.0129143528411426,0.00698191111575826,0.0289193853489965,0.00462962962962963,0,0.0925925925925926
6,0.0131196964397617,0.00712512452066887,0.0292973370349601,0.00462962962962963,0,0.087962962962963
7,0.0133282887045206,0.00728111756403294,0.0297340056446135,0.00462962962962963,0,0.0925925925925926
8,0.0135512034196031,0.00743762193884844,0.0301290026946542,0.00462962962962963,0,0.087962962962963
9,0.0137755147494734,0.00759340093613755,0.030453187459764,0.00462962962962963,0,0.0972222222222222
10,0.0140011333979279,0.00775430048280324,0.0308509967369767,0.00462962962962963,0,0.0925925925925926
11,0.014221933587261,0.00789844328912967,0.0313134956110781,0.00462962962962963,0,0.101851851851852
12,0.0144534323287737,0.00806543107858516,0.031857994890653,0.00462962962962963,0,0.0972222222222222
13,0.014694418336491,0.00823173641886024,0.0322379874640225,0.00462962962962963,0,0.106481481481481
14,0.0149251087216854,0.00841409644656129,0.0325812443453151,0.00462962962962963,0,0.101851851851852
15,0.0151671142949249,0.00857501054767441,0.0331465761326255,0.00462962962962963,0,0.106481481481481
16,0.0154181326660411,0.00875237288543185,0.033573122439313,0.00462962962962963,0,0.106481481481481
17,0.0156731346504181,0.00891931436777009,0.0341155481531873,0.00462962962962963,0,0.101851851851852
18,0.0159209362384442,0.00911994873316684,0.03463918014921,0.00462962962962963,0,0.106597222222221
19,0.0161732244825503,0.00929772665029495,0.035152031510724,0.00462962962962963,0,0.11122685185185
20,0.0164433092796272,0.00950512313683368,0.03560295057957,0.00462962962962963,0,0.115740740740741
21,0.0167101550788486,0.00969651186232103,0.0360953390305984,0.00462962962962963,0,0.12037037037037
22,0.0169752866415562,0.00990893720548017,0.0367281909781236,0.00462962962962963,0,0.115740740740741
23,0.0172484804869958,0.0101192440715603,0.0372124546578174,0.00462962962962963,0,0.12037037037037
24,0.017520723189203,0.0103298420726157,0.0376926103846982,0.00462962962962963,0,0.12037037037037
25,0.0177922749699786,0.010528573074129,0.0383279392194662,0.00462962962962963,0,0.125
26,0.0180783142867744,0.0107317531988851,0.0389760428742996,0.00462962962962963,0,0.125
27,0.0183773842399553,0.0109415000504812,0.0396380851349468,0.00462962962962963,0,0.12037037037037
28,0.0186825714636683,0.0111704905325038,0.0402823508176793,0.00462962962962963,0,0.125
29,0.0189715173231722,0.0113873434471164,0.0409496713541219,0.00462962962962963,0,0.134259259259259
30,0.0192848170141919,0.0116035246900054,0.0413444436624988,0.00462962962962963,0,0.12962962962963
31,0.0195901851369123,0.0118331585499151,0.0419733159452806,0.00462962962962963,0,0.138888888888889
32,0.0199081927014288,0.0120664292733494,0.0426280855982412,0.00462962962962963,0,0.138888888888889
33,0.0202175717281605,0.0123237034119427,0.0431368403053716,0.00462962962962963,0,0.134259259259259
34,0.0205345309361573,0.0125628732357665,0.0437188278234427,0.00462962962962963,0,0.138888888888889
35,0.0208765298250867,0.0127849924229205,0.0444384082041639,0.00462962962962963,0,0.143518518518519
36,0.0212160055873813,0.013028091791863,0.0451762191653983,0.00462962962962963,0,0.157407407407407
37,0.0215546603709979,0.013295000415988,0.0459165664070375,0.00462962962962963,0,0.143518518518519
38,0.0219054403443773,0.0135608568490315,0.046564965493293,0.00462962962962963,0,0.143518518518519
39,0.0222590227927678,0.0138060396155933,0.0472008481557393,0.00925925925925926,0,0.148148148148148
40,0.0226067154674091,0.0140663854815715,0.0477667531631313,0.00925925925925926,0,0.157407407407407
41,0.0229544553073853,0.0143383557951264,0.0483883102252433,0.00925925925925926,0,0.157407407407407
42,0.0233302574414016,0.014618081643126,0.0489755661464421,0.00925925925925926,0,0.157407407407407
43,0.0237129601498213,0.0148989856241692,0.0495945679496224,0.00925925925925926,0,0.152893518518517
44,0.0241045043276813,0.0151874086482606,0.0502897561765869,0.00925925925925926,0,0.162037037037037
45,0.0244962770241011,0.0154799892928146,0.0509239198822005,0.00925925925925926,0,0.157407407407407
46,0.0248969065457443,0.0157642495697787,0.051796618957513,0.00925925925925926,0,0.171296296296296
47,0.0253101945184702,0.0160540697001918,0.0524330534967904,0.00925925925925926,0,0.175925925925926
48,0.0256994321563015,0.0163399352439235,0.0532008784226625,0.00925925925925926,0,0.166666666666667
49,0.0261221785467892,0.016649630406654,0.0540901726368622,0.00925925925925926,0,0.175925925925926
50,0.0265434955073304,0.0169602394460672,0.0548769665112735,0.00925925925925926,0,0.185185185185185
51,0.0269787294072273,0.0172632381260786,0.0557389907730426,0.00925925925925926,0,0.171296296296296
52,0.0274444302446055,0.0175847716241056,0.0565625390107731,0.00925925925925926,0,0.185185185185185
53,0.0279054813642864,0.017899928840394,0.0573691884990882,0.00925925925925926,0,0.194444444444444
54,0.028380860405411,0.0182310114848807,0.0582346267644579,0.00925925925925926,0,0.185300925925924
55,0.0288420598866793,0.01857244168262,0.059134149998062,0.00925925925925926,0,0.194444444444444
56,0.0293068615340363,0.0189186933521455,0.0600931847432789,0.00925925925925926,0,0.194444444444444
57,0.0297924443221209,0.0192607979500752,0.0607584367854012,0.00925925925925926,0,0.199074074074074
58,0.0302800687115289,0.0196155866615066,0.0616981930199884,0.00925925925925926,0,0.208449074074072
59,0.0308013008295015,0.0199487114935288,0.0624246464847899,0.00925925925925926,0,0.212962962962963
60,0.0312893572942858,0.0202914057152794,0.0633766212871426,0.00925925925925926,0,0.222222222222222
61,0.0317962167873527,0.0206116278795675,0.064358125524077,0.00925925925925926,0,0.199074074074074
62,0.0323024438140549,0.0209681205561598,0.0652998912554853,0.00925925925925926,0,0.208333333333333
63,0.0328535070774445,0.0213200330419295,0.0661961414033267,0.00925925925925926,0,0.222222222222222
64,0.0333865196247332,0.0216732523064488,0.067193726784577,0.00925925925925926,0,0.231597222222221
65,0.0339384253265462,0.0220511132597101,0.0683409436006999,0.00925925925925926,0,0.222222222222222
66,0.0345163732411083,0.0224275050144019,0.069503501846174,0.00925925925925926,0,0.217592592592593
67,0.0351098518976107,0.0228106172762909,0.0706343701895835,0.0138888888888889,0,0.240740740740741
68,0.0357030622914663,0.0231867765137782,0.0716418892476555,0.0138888888888889,0,0.240740740740741
69,0.0362891828376873,0.0235918926630426,0.0728005669875158,0.0138888888888889,0,0.236111111111111
70,0.0368658338867486,0.0240248687518252,0.0740918388572974,0.0138888888888889,0,0.24537037037037
71,0.0374590839239856,0.0244047619310554,0.0753582943354398,0.0138888888888889,0,0.25
72,0.0380487505422059,0.0247915684015741,0.0765749589485779,0.0138888888888889,0,0.25
73,0.0387050302797694,0.0251996328428329,0.0777882770753907,0.0138888888888889,0,0.268518518518519
74,0.0393414981267237,0.0256016121494636,0.0788823682413364,0.0138888888888889,0,0.25
75,0.0399910149057813,0.026049278072412,0.0800812160350869,0.0138888888888889,0,0.268518518518519
76,0.0407000320362295,0.0264767977021085,0.0813432839914743,0.0138888888888889,0,0.277777777777778
77,0.041380962130078,0.0268855396321217,0.082756822282173,0.0138888888888889,0,0.268634259259258
78,0.0420498230319924,0.0273005415941301,0.0839362683001834,0.0138888888888889,0,0.282523148148146
79,0.0427601976156118,0.0277429130466854,0.0853313076747339,0.0138888888888889,0,0.296296296296296
80,0.0434864537301168,0.028190902092061,0.0863134791445043,0.0138888888888889,0,0.291782407407406
81,0.044187919225363,0.0286497244169039,0.0876567675468631,0.0138888888888889,0,0.291666666666667
82,0.0449337981063209,0.0291198060164389,0.0893789802390119,0.0138888888888889,0,0.291666666666667
83,0.0456937923051999,0.0295971296453752,0.0905798736257783,0.0138888888888889,0,0.300925925925926
84,0.0464437184354994,0.0300717111558522,0.0918188807966526,0.0138888888888889,0,0.314814814814815
85,0.0472245774749419,0.0305543157818235,0.0931881998111621,0.0138888888888889,0,0.300925925925926
86,0.0479890556905935,0.0310671489811804,0.0944685604456847,0.0138888888888889,0,0.319444444444444
87,0.0487632016433864,0.0315519751775761,0.0960331956943781,0.0138888888888889,0,0.338078703703702
88,0.04958433179783,0.0320672901018753,0.0977739602721547,0.0138888888888889,0,0.324189814814813
89,0.0504569846008133,0.0325213998554449,0.0995078775532998,0.0185185185185185,0,0.347222222222222
90,0.0513056190202808,0.0330375829719433,0.100982914419981,0.0185185185185185,0,0.347222222222222
91,0.0521811860906699,0.0335453999434916,0.102617149362709,0.0185185185185185,0,0.337962962962963
92,0.0529934943002413,0.0340766446158346,0.104330222463474,0.0185185185185185,0,0.356481481481481
93,0.0539262445266373,0.0345792811584147,0.106069128358224,0.0185185185185185,0,0.365740740740741
94,0.0548780085491118,0.035117608625586,0.108107485170395,0.0185185185185185,0,0.338078703703702
95,0.0557581333620919,0.0356014875785341,0.109834618271628,0.0185185185185185,0,0.37037037037037
96,0.0566975003816613,0.0361717502932069,0.111993828022101,0.0185185185185185,0,0.379745370370369
97,0.057634185391756,0.0366562505104513,0.114116796166076,0.0185185185185185,0,0.393634259259258
98,0.0585902195471367,0.0372099896796894,0.11594210722192,0.0185185185185185,0,0.402777777777778
99,0.0595229978785856,0.0377726257330711,0.11780655496978,0.0185185185185185,0,0.412037037037037
100,0.0605244779911599,0.0382948140025117,0.119790661136288,0.0185185185185185,0,0.398263888888887
