"lag_band","distance_band","n_dives"
"0-30","0-200",128
"0-30","200-500",221
"0-30","500-1,000",101
"0-30","1,000-2,000",104
"0-30","2,000-5,000",40
"31-90","0-200",95
"31-90","200-500",263
"31-90","500-1,000",166
"31-90","1,000-2,000",209
"31-90","2,000-5,000",98
"91-183","0-200",121
"91-183","200-500",254
"91-183","500-1,000",145
"91-183","1,000-2,000",282
"91-183","2,000-5,000",229
"184-270","0-200",53
"184-270","200-500",136
"184-270","500-1,000",82
"184-270","1,000-2,000",145
"184-270","2,000-5,000",131
"271-365","0-200",45
"271-365","200-500",156
"271-365","500-1,000",150
"271-365","1,000-2,000",174
"271-365","2,000-5,000",122
