"edna_pct","expected","lower","upper","linkage"
0,0.0119141253694991,0.00631818928854636,0.0271038238502922,"Cull-first dives"
1,0.0121072310868811,0.00644913285065817,0.0274619732323887,"Cull-first dives"
2,0.0122995283553152,0.00658282948718606,0.02785051170821,"Cull-first dives"
3,0.0125051671218731,0.00671535978131146,0.0281719123569243,"Cull-first dives"
4,0.0127110847752916,0.00684251895030827,0.0285482747966799,"Cull-first dives"
5,0.0129143528411426,0.00698191111575826,0.0289193853489965,"Cull-first dives"
6,0.0131196964397617,0.00712512452066887,0.0292973370349601,"Cull-first dives"
7,0.0133282887045206,0.00728111756403294,0.0297340056446135,"Cull-first dives"
8,0.0135512034196031,0.00743762193884844,0.0301290026946542,"Cull-first dives"
9,0.0137755147494734,0.00759340093613755,0.030453187459764,"Cull-first dives"
10,0.0140011333979279,0.00775430048280324,0.0308509967369767,"Cull-first dives"
11,0.014221933587261,0.00789844328912967,0.0313134956110781,"Cull-first dives"
12,0.0144534323287737,0.00806543107858516,0.031857994890653,"Cull-first dives"
13,0.014694418336491,0.00823173641886024,0.0322379874640225,"Cull-first dives"
14,0.0149251087216854,0.00841409644656129,0.0325812443453151,"Cull-first dives"
15,0.0151671142949249,0.00857501054767441,0.0331465761326255,"Cull-first dives"
16,0.0154181326660411,0.00875237288543185,0.033573122439313,"Cull-first dives"
17,0.0156731346504181,0.00891931436777009,0.0341155481531873,"Cull-first dives"
18,0.0159209362384442,0.00911994873316684,0.03463918014921,"Cull-first dives"
19,0.0161732244825503,0.00929772665029495,0.035152031510724,"Cull-first dives"
20,0.0164433092796272,0.00950512313683368,0.03560295057957,"Cull-first dives"
21,0.0167101550788486,0.00969651186232103,0.0360953390305984,"Cull-first dives"
22,0.0169752866415562,0.00990893720548017,0.0367281909781236,"Cull-first dives"
23,0.0172484804869958,0.0101192440715603,0.0372124546578174,"Cull-first dives"
24,0.017520723189203,0.0103298420726157,0.0376926103846982,"Cull-first dives"
25,0.0177922749699786,0.010528573074129,0.0383279392194662,"Cull-first dives"
26,0.0180783142867744,0.0107317531988851,0.0389760428742996,"Cull-first dives"
27,0.0183773842399553,0.0109415000504812,0.0396380851349468,"Cull-first dives"
28,0.0186825714636683,0.0111704905325038,0.0402823508176793,"Cull-first dives"
29,0.0189715173231722,0.0113873434471164,0.0409496713541219,"Cull-first dives"
30,0.0192848170141919,0.0116035246900054,0.0413444436624988,"Cull-first dives"
31,0.0195901851369123,0.0118331585499151,0.0419733159452806,"Cull-first dives"
32,0.0199081927014288,0.0120664292733494,0.0426280855982412,"Cull-first dives"
33,0.0202175717281605,0.0123237034119427,0.0431368403053716,"Cull-first dives"
34,0.0205345309361573,0.0125628732357665,0.0437188278234427,"Cull-first dives"
35,0.0208765298250867,0.0127849924229205,0.0444384082041639,"Cull-first dives"
36,0.0212160055873813,0.013028091791863,0.0451762191653983,"Cull-first dives"
37,0.0215546603709979,0.013295000415988,0.0459165664070375,"Cull-first dives"
38,0.0219054403443773,0.0135608568490315,0.046564965493293,"Cull-first dives"
39,0.0222590227927678,0.0138060396155933,0.0472008481557393,"Cull-first dives"
40,0.0226067154674091,0.0140663854815715,0.0477667531631313,"Cull-first dives"
41,0.0229544553073853,0.0143383557951264,0.0483883102252433,"Cull-first dives"
42,0.0233302574414016,0.014618081643126,0.0489755661464421,"Cull-first dives"
43,0.0237129601498213,0.0148989856241692,0.0495945679496224,"Cull-first dives"
44,0.0241045043276813,0.0151874086482606,0.0502897561765869,"Cull-first dives"
45,0.0244962770241011,0.0154799892928146,0.0509239198822005,"Cull-first dives"
46,0.0248969065457443,0.0157642495697787,0.051796618957513,"Cull-first dives"
47,0.0253101945184702,0.0160540697001918,0.0524330534967904,"Cull-first dives"
48,0.0256994321563015,0.0163399352439235,0.0532008784226625,"Cull-first dives"
49,0.0261221785467892,0.016649630406654,0.0540901726368622,"Cull-first dives"
50,0.0265434955073304,0.0169602394460672,0.0548769665112735,"Cull-first dives"
51,0.0269787294072273,0.0172632381260786,0.0557389907730426,"Cull-first dives"
52,0.0274444302446055,0.0175847716241056,0.0565625390107731,"Cull-first dives"
53,0.0279054813642864,0.017899928840394,0.0573691884990882,"Cull-first dives"
54,0.028380860405411,0.0182310114848807,0.0582346267644579,"Cull-first dives"
55,0.0288420598866793,0.01857244168262,0.059134149998062,"Cull-first dives"
56,0.0293068615340363,0.0189186933521455,0.0600931847432789,"Cull-first dives"
57,0.0297924443221209,0.0192607979500752,0.0607584367854012,"Cull-first dives"
58,0.0302800687115289,0.0196155866615066,0.0616981930199884,"Cull-first dives"
59,0.0308013008295015,0.0199487114935288,0.0624246464847899,"Cull-first dives"
60,0.0312893572942858,0.0202914057152794,0.0633766212871426,"Cull-first dives"
61,0.0317962167873527,0.0206116278795675,0.064358125524077,"Cull-first dives"
62,0.0323024438140549,0.0209681205561598,0.0652998912554853,"Cull-first dives"
63,0.0328535070774445,0.0213200330419295,0.0661961414033267,"Cull-first dives"
64,0.0333865196247332,0.0216732523064488,0.067193726784577,"Cull-first dives"
65,0.0339384253265462,0.0220511132597101,0.0683409436006999,"Cull-first dives"
66,0.0345163732411083,0.0224275050144019,0.069503501846174,"Cull-first dives"
67,0.0351098518976107,0.0228106172762909,0.0706343701895835,"Cull-first dives"
68,0.0357030622914663,0.0231867765137782,0.0716418892476555,"Cull-first dives"
69,0.0362891828376873,0.0235918926630426,0.0728005669875158,"Cull-first dives"
70,0.0368658338867486,0.0240248687518252,0.0740918388572974,"Cull-first dives"
71,0.0374590839239856,0.0244047619310554,0.0753582943354398,"Cull-first dives"
72,0.0380487505422059,0.0247915684015741,0.0765749589485779,"Cull-first dives"
73,0.0387050302797694,0.0251996328428329,0.0777882770753907,"Cull-first dives"
74,0.0393414981267237,0.0256016121494636,0.0788823682413364,"Cull-first dives"
75,0.0399910149057813,0.026049278072412,0.0800812160350869,"Cull-first dives"
76,0.0407000320362295,0.0264767977021085,0.0813432839914743,"Cull-first dives"
77,0.041380962130078,0.0268855396321217,0.082756822282173,"Cull-first dives"
78,0.0420498230319924,0.0273005415941301,0.0839362683001834,"Cull-first dives"
79,0.0427601976156118,0.0277429130466854,0.0853313076747339,"Cull-first dives"
80,0.0434864537301168,0.028190902092061,0.0863134791445043,"Cull-first dives"
81,0.044187919225363,0.0286497244169039,0.0876567675468631,"Cull-first dives"
82,0.0449337981063209,0.0291198060164389,0.0893789802390119,"Cull-first dives"
83,0.0456937923051999,0.0295971296453752,0.0905798736257783,"Cull-first dives"
84,0.0464437184354994,0.0300717111558522,0.0918188807966526,"Cull-first dives"
85,0.0472245774749419,0.0305543157818235,0.0931881998111621,"Cull-first dives"
86,0.0479890556905935,0.0310671489811804,0.0944685604456847,"Cull-first dives"
87,0.0487632016433864,0.0315519751775761,0.0960331956943781,"Cull-first dives"
88,0.04958433179783,0.0320672901018753,0.0977739602721547,"Cull-first dives"
89,0.0504569846008133,0.0325213998554449,0.0995078775532998,"Cull-first dives"
90,0.0513056190202808,0.0330375829719433,0.100982914419981,"Cull-first dives"
91,0.0521811860906699,0.0335453999434916,0.102617149362709,"Cull-first dives"
92,0.0529934943002413,0.0340766446158346,0.104330222463474,"Cull-first dives"
93,0.0539262445266373,0.0345792811584147,0.106069128358224,"Cull-first dives"
94,0.0548780085491118,0.035117608625586,0.108107485170395,"Cull-first dives"
95,0.0557581333620919,0.0356014875785341,0.109834618271628,"Cull-first dives"
96,0.0566975003816613,0.0361717502932069,0.111993828022101,"Cull-first dives"
97,0.057634185391756,0.0366562505104513,0.114116796166076,"Cull-first dives"
98,0.0585902195471367,0.0372099896796894,0.11594210722192,"Cull-first dives"
99,0.0595229978785856,0.0377726257330711,0.11780655496978,"Cull-first dives"
100,0.0605244779911599,0.0382948140025117,0.119790661136288,"Cull-first dives"
0,0.0143761805900321,0.00812144291005781,0.0318928504555937,"eDNA-first visits"
1,0.0145804462630723,0.00825847155013508,0.0322534840796656,"eDNA-first visits"
2,0.0147766097328167,0.00840187127814021,0.0326201597269064,"eDNA-first visits"
3,0.0149747530357037,0.00854722871737829,0.0330464805411773,"eDNA-first visits"
4,0.0151764248602552,0.00869484470435987,0.033428492070765,"eDNA-first visits"
5,0.0153814904555984,0.00884966452457534,0.0337685962620013,"eDNA-first visits"
6,0.0155934205535614,0.00900322786908849,0.0341343406421873,"eDNA-first visits"
7,0.015814323783983,0.00916582631333562,0.0346651790810782,"eDNA-first visits"
8,0.0160338598729528,0.00933096778329733,0.0351652846901853,"eDNA-first visits"
9,0.0162627660112828,0.00950257479683932,0.0355289074583483,"eDNA-first visits"
10,0.0164951151450674,0.00966364715793775,0.0359298535789004,"eDNA-first visits"
11,0.0167165417800172,0.00982928002074997,0.0364230070258477,"eDNA-first visits"
12,0.0169567815870816,0.0100046124192874,0.0369281001568739,"eDNA-first visits"
13,0.0171974830207339,0.0101631926194315,0.037358566968494,"eDNA-first visits"
14,0.0174416262568671,0.0103433318051304,0.0377402067400503,"eDNA-first visits"
15,0.017698745081041,0.0105180864774304,0.0381671702130583,"eDNA-first visits"
16,0.0179563244931279,0.010693571978456,0.0386053942395189,"eDNA-first visits"
17,0.0182039144156678,0.0108794328490674,0.0390754662603545,"eDNA-first visits"
18,0.0184640633772368,0.0110524497232071,0.0395156569645436,"eDNA-first visits"
19,0.0187243337483348,0.011232673409127,0.0399977156835496,"eDNA-first visits"
20,0.0189843754249593,0.0114215838527365,0.0404272238244354,"eDNA-first visits"
21,0.019243906778578,0.011607657441177,0.0409933489120772,"eDNA-first visits"
22,0.0195065127942529,0.0117965152436848,0.0414497056527835,"eDNA-first visits"
23,0.0197869140440531,0.0119860545246083,0.0419818845052155,"eDNA-first visits"
24,0.0200620452971236,0.0121811999954297,0.0424584364369033,"eDNA-first visits"
25,0.0203407793257651,0.0123838173128946,0.0430932998921668,"eDNA-first visits"
26,0.0206399411992253,0.012584559731588,0.0435362835373784,"eDNA-first visits"
27,0.0209145722761291,0.0127919189143212,0.0440880870991692,"eDNA-first visits"
28,0.0211956471531082,0.0130110452354277,0.0446777075510441,"eDNA-first visits"
29,0.0214978309621759,0.0132341003480472,0.0453375240422546,"eDNA-first visits"
30,0.0217986469771707,0.0134334392878539,0.0459402225955349,"eDNA-first visits"
31,0.022114513524022,0.0136597897833952,0.0466412603177709,"eDNA-first visits"
32,0.0224333393985708,0.013874093923054,0.0471442323515373,"eDNA-first visits"
33,0.0227764538747884,0.0141084088554989,0.0477119576574668,"eDNA-first visits"
34,0.0230872984418049,0.0143434457476367,0.0483451039556136,"eDNA-first visits"
35,0.0233996109610722,0.0145801392216757,0.0488753017426691,"eDNA-first visits"
36,0.0237159043672222,0.0148287407707813,0.0495033888932436,"eDNA-first visits"
37,0.0240355513044596,0.0150792572107466,0.050062155192229,"eDNA-first visits"
38,0.0243618126324093,0.0153293563063039,0.0506208056498474,"eDNA-first visits"
39,0.0247169132276645,0.0155557824435561,0.05116012718835,"eDNA-first visits"
40,0.0250761502999696,0.0158076524204328,0.0518589408339401,"eDNA-first visits"
41,0.0254250452596499,0.0160791325796672,0.052581856381602,"eDNA-first visits"
42,0.0257899009137104,0.0163366219268502,0.0532600953320278,"eDNA-first visits"
43,0.0261346249495583,0.0165962533057434,0.0539734583569475,"eDNA-first visits"
44,0.0264988267799624,0.0168758423573343,0.0547963002757466,"eDNA-first visits"
45,0.0268743095926235,0.0171328232007476,0.0554708201973514,"eDNA-first visits"
46,0.0272386938009966,0.0173961924870099,0.0561808552801211,"eDNA-first visits"
47,0.0276396425954305,0.0176423315423979,0.0568210935763911,"eDNA-first visits"
48,0.0280380304072964,0.0178817506393657,0.057524130841032,"eDNA-first visits"
49,0.028417536983286,0.0181356463685709,0.0581695980518283,"eDNA-first visits"
50,0.0288303925245875,0.0184118079452575,0.0588782061086763,"eDNA-first visits"
51,0.0292374277875174,0.0186820428456112,0.0596878939153248,"eDNA-first visits"
52,0.0296509718746869,0.0189681341645119,0.060448061331534,"eDNA-first visits"
53,0.0300735923424479,0.0192835316674525,0.0612021639176514,"eDNA-first visits"
54,0.0305065211392908,0.0195744720681397,0.0619939730882105,"eDNA-first visits"
55,0.0309369616537661,0.0198772728571626,0.0628246842024063,"eDNA-first visits"
56,0.0313873057856056,0.0201890262995329,0.0636200732373211,"eDNA-first visits"
57,0.0317974333088375,0.0204644002607581,0.0643321260318859,"eDNA-first visits"
58,0.0322438739295416,0.0208102089510533,0.0651884621788126,"eDNA-first visits"
59,0.03269901914142,0.0211218599667741,0.0660992681795959,"eDNA-first visits"
60,0.0331779754678814,0.0214415296988286,0.0668467981600635,"eDNA-first visits"
61,0.033666919967887,0.0217870465005977,0.0678606042857368,"eDNA-first visits"
62,0.034153497850983,0.0220858843369085,0.0687274103587261,"eDNA-first visits"
63,0.0346419399164373,0.0224128192808184,0.069559910997641,"eDNA-first visits"
64,0.0351768791451514,0.0227286472118395,0.0705687755469124,"eDNA-first visits"
65,0.0356872111628758,0.0230177870552337,0.0716197714683137,"eDNA-first visits"
66,0.0361869169429253,0.0233583469533009,0.0726515052387791,"eDNA-first visits"
67,0.0366746972233711,0.0237429995497386,0.0734185808720941,"eDNA-first visits"
68,0.0371623920506175,0.0241179910657992,0.0743873668362961,"eDNA-first visits"
69,0.0376929663299371,0.0244758347864783,0.0752524400034133,"eDNA-first visits"
70,0.0382253569073735,0.0248556981212471,0.0763169622344723,"eDNA-first visits"
71,0.0387739255419856,0.0252267927298203,0.0774049300477799,"eDNA-first visits"
72,0.0393314662715859,0.0255933258534585,0.0784609753551958,"eDNA-first visits"
73,0.039912713451358,0.0259533828537413,0.0795662403974974,"eDNA-first visits"
74,0.0404604343300126,0.0263086262981536,0.0807225492422659,"eDNA-first visits"
75,0.0410507909319408,0.0266820120039141,0.0817929612060114,"eDNA-first visits"
76,0.0416404283688388,0.0270592621018048,0.0831196016207399,"eDNA-first visits"
77,0.0422018166988945,0.0274277651649255,0.0844628148638101,"eDNA-first visits"
78,0.0428167288284349,0.0277796437052386,0.0855049317506622,"eDNA-first visits"
79,0.0434094111144277,0.0281846881831374,0.0867527441225402,"eDNA-first visits"
80,0.044051335528185,0.0285892130755519,0.0878545503834341,"eDNA-first visits"
81,0.0446920730315626,0.0289816970168708,0.0890641062177353,"eDNA-first visits"
82,0.0453340032868865,0.0293751347087468,0.0905348681466513,"eDNA-first visits"
83,0.0459813360806181,0.0297979135668513,0.0918943618671215,"eDNA-first visits"
84,0.0466474984766897,0.0301808231778895,0.0930221091495471,"eDNA-first visits"
85,0.0473222140034263,0.0305738042875595,0.0940782537341728,"eDNA-first visits"
86,0.0479980592600356,0.0310364961991762,0.0952512126944859,"eDNA-first visits"
87,0.0486830769462636,0.0314424816826832,0.0966563840497653,"eDNA-first visits"
88,0.04937213197348,0.031909226406952,0.0979240758625578,"eDNA-first visits"
89,0.050116421336768,0.032306248451957,0.0991649602304396,"eDNA-first visits"
90,0.0508002392632228,0.0327120392601843,0.100521495739414,"eDNA-first visits"
91,0.051550169156177,0.0331126975591006,0.10201366889152,"eDNA-first visits"
92,0.052279425195973,0.0335174945156182,0.103543734371353,"eDNA-first visits"
93,0.0529612221207908,0.0340029568627501,0.10519874940106,"eDNA-first visits"
94,0.0537178209082233,0.0344559862980164,0.106911372357142,"eDNA-first visits"
95,0.054530110662037,0.0348853524734842,0.108527401404966,"eDNA-first visits"
96,0.055322426281769,0.0353329516665489,0.110013522634664,"eDNA-first visits"
97,0.0561429816762332,0.0357996061589814,0.111862121239596,"eDNA-first visits"
98,0.0569424892040926,0.0362683576462129,0.113712249304575,"eDNA-first visits"
99,0.0577685728566278,0.0367511226261029,0.115321910741662,"eDNA-first visits"
100,0.0586204532492636,0.037227593647984,0.117298793206933,"eDNA-first visits"
