Voyage,observed_designs,sample_first_date,sample_last_date,unique_cull_dives,culling_matches
AIMSeDNA19-01,1x9 (1); 2x30 (1); 2x40 [39-40] (1); 2x9 [8-10] (1),2019-05-06,2019-05-13,29,11
AIMSeDNA20-01,1x30 (2); 3x30 (1),2019-08-26,2019-08-30,16,11
AIMSeDNA20-02,2x15 (1); 2x30 (1); 2x30 [29-31] (1); 2x30 [30-31] (1),2020-05-12,2020-05-18,52,17
AIMSeDNA21-01,1x30 (2); 3x30 [29-31] (1),2020-08-26,2020-08-30,11,8
JCUeDNA21-01,2x15 (5),2020-09-14,2020-09-19,26,13
AIMSeDNA21-02,3x12 (13); 3x12 [11-12] (1),2021-05-14,2021-05-24,41,21
AIMSeDNA22-01,1x30 (2); 3x12 (3); 3x30 (1),2021-08-20,2021-08-25,23,16
JCUeDNA22-01,3x12 (3),2021-11-27,2021-11-29,0,0
AIMSeDNA22-02,3x12 (1); 4x12 (1); 4x12 [10-12] (1),2022-03-28,2022-04-01,0,0
AIMSeDNA22-03,3x12 (15),2022-05-14,2022-05-22,115,74
AIMSeDNA23-01,1x30 (2); 3x12 (2); 3x30 (1),2022-08-21,2022-08-24,41,26
JCUeDNA23-01,1x12 (1); 2x12 (1); 3x12 (6),2022-10-26,2022-11-01,0,0
AIMSeDNA23-02,3x12 (1),2022-12-27,2022-12-27,16,16
FMPCR 2023-03,1x12 (2); 2x12 (3); 4x12 (2),2023-03-25,2023-04-01,183,27
AIMSeDNA23-03,3x12 (21),2023-06-27,2023-07-08,46,18
AIMSeDNA24-01,1x30 (2); 3x12 (2); 3x30 (1),2023-09-15,2023-09-18,58,31
FMPCRS 2023-05,3x12 (7); 3x12 [11-12] (1),2023-11-03,2023-11-08,0,0
AIMSeDNA24-02,3x12 (5),2023-12-23,2024-01-04,38,14
AIMSeDNA25-01,3x12 (1),2024-08-19,2024-08-19,33,17
AIMSeDNA25-02,1x20 (2); 3x20 (1),2024-09-14,2024-09-16,20,10
AIMSeDNA25-03,3x12 (1); 4x6 (3),2024-12-10,2024-12-21,17,5
FMPCRS 2025-01,4x6 (9),2025-01-08,2025-01-14,0,0
FMPCRS 2025-02,4x6 (9),2025-02-07,2025-02-12,8,7
136,4x6 (2),2025-04-02,2025-04-06,28,10
41,4x6 (2),2025-04-10,2025-04-12,22,21
AIMSeDNA25-04,3x12 (12); 4x12 [6-12] (3),2025-05-29,2025-06-04,17,9
142,4x6 (2),2025-08-04,2025-08-05,38,14
AIMSeDNA26-01,3x12 (3); 4x12 [6-12] (3),2025-08-01,2025-08-03,76,31
45,4x6 (3),2025-08-19,2025-08-23,25,25
AIMSeDNA26-02,1x20 (2); 3x20 (1); 4x12 [6-12] (2),2025-09-23,2025-09-26,32,18
FMPCRS 2025-05,4x6 (10),2025-10-30,2025-11-06,8,8
AIMSeDNA26-03,3x12 (1),2025-12-29,2025-12-29,0,0
FMPCRS 2026-01,4x6 (10),2026-01-08,2026-01-13,0,0
FMPCRS 2026-02,4x6 (8); 4x6 [5-6] (2),2026-01-24,2026-02-01,22,20
FMPCRS 2026-03,4x6 (9); 4x6 [5-6] (1),2026-03-07,2026-03-12,0,0
FMPRHIS 2026-07,4x6 (9); 4x6 [5-6] (1),2026-04-03,2026-04-08,23,21
