"model","term","mean","sd","0.025quant","0.5quant","0.975quant","mode","kld"
"base","(Intercept)",-4.03606019494171,0.205579113539715,-4.45815408338375,-4.03031568674823,-3.64638702945653,-4.03032454238651,1.71098525387565e-07
"base","edna_prop_z",0.453483309519924,0.0759404753444542,0.304599861138696,0.453450975262483,0.602541029731798,0.453448304743352,1.8177564608547e-10
"base","distance_z",-0.0401053810364166,0.055478145485219,-0.148572769536334,-0.0402484305642837,0.0691755950388394,-0.0402489729370328,2.60935741458509e-09
"base","lag_z",-0.13363782102469,0.0629745970348081,-0.257150040952802,-0.133651896079494,-0.0100441335440355,-0.133651570686061,3.78847145638905e-10
"sampling_design","(Intercept)",-4.27035320584344,0.319836648770874,-4.910235305467,-4.26681769470586,-3.65062707040241,-4.26685269971748,5.08890421116996e-08
"sampling_design","edna_prop_z",0.459032984562192,0.0764835724644813,0.309066745139045,0.459007224398011,0.609136076230997,0.459004587985946,1.56558606308491e-10
"sampling_design","distance_z",-0.0386421080411212,0.0556076426461693,-0.147351198801706,-0.0387896764882181,0.0709064404325983,-0.0387901967937262,2.71931918398771e-09
"sampling_design","lag_z",-0.131972900653051,0.0637253176966226,-0.257003696505961,-0.131971369490179,-0.00694921000405044,-0.131970913228112,3.91085532866505e-10
"sampling_design","sampling_design4x6",0.193771183376383,0.436446141592452,-0.670603625318131,0.195555859654419,1.04797070966697,0.19553859899466,3.0451471178894e-08
"sampling_design","sampling_designother_or_mixed",0.366770302575525,0.285601076947092,-0.191016961254385,0.365020450463532,0.934379844004867,0.365006856227279,4.13706893623387e-08
"sampling_design_by_signal","(Intercept)",-4.46038680057724,0.336730770210218,-5.13780309597413,-4.45535052168181,-3.81171228098725,-4.45540153499687,6.87038888153171e-08
"sampling_design_by_signal","edna_prop_z",0.97350130995226,0.191426693721183,0.598155063598807,0.973435851664661,1.34921750791591,0.973434881766156,2.32510044592892e-10
"sampling_design_by_signal","sampling_design4x6",0.325217643883362,0.451543413089743,-0.567210280847192,0.326412747507287,1.21087677912659,0.326411172336765,2.93742203191707e-08
"sampling_design_by_signal","sampling_designother_or_mixed",0.607116180201492,0.304235444047718,0.00978310267799132,0.606564779425374,1.20751515104463,0.606553478956033,2.55766412990286e-08
"sampling_design_by_signal","distance_z",-0.0428482124048834,0.0551718321841083,-0.150714816980561,-0.0429909849883506,0.065830154758274,-0.0429915683686737,2.60560963812593e-09
"sampling_design_by_signal","lag_z",-0.1325106423037,0.0632726393483401,-0.256629469622895,-0.132517779944559,-0.00834898243664478,-0.132517192234665,4.12556601250505e-10
"sampling_design_by_signal","edna_prop_z:sampling_design4x6",-0.67472070331235,0.231455621859169,-1.1298842158239,-0.674328725906719,-0.221782610899901,-0.674325598473918,8.89137550076904e-10
"sampling_design_by_signal","edna_prop_z:sampling_designother_or_mixed",-0.554391267822126,0.213154043537424,-0.973302239319425,-0.554130927457689,-0.136953698086157,-0.554127625629054,6.27730606188496e-10
