"site_visit_id","Reef","site_id","edna_campaign_id","fold","observed_cpue","bottom_time","predicted_cpue","expected_lower","expected_upper","prediction_lower","prediction_upper","prob_002","prob_004","prob_008"
"Batt Reef (16-029)__BAT_16-029_82__2022-10-04","Batt Reef (16-029)","Batt Reef (16-029)__BAT_16-029_82","Batt Reef (16-029)__campaign_2",1,0.00416666666666667,240,0.0883629073009994,0.00959072207781428,0.333996966001166,0.00416666666666667,0.404375000000001,0.8025,0.592916666666667,0.346666666666667
"Batt Reef (16-029)__BAT_16-029_83__2022-10-04","Batt Reef (16-029)","Batt Reef (16-029)__BAT_16-029_83","Batt Reef (16-029)__campaign_2",1,0.025,240,0.100668977999015,0.0114469982231164,0.367429008603769,0.00416666666666667,0.479270833333334,0.816666666666667,0.63625,0.382083333333333
"Batt Reef (16-029)__BAT_16-029_84__2022-10-04","Batt Reef (16-029)","Batt Reef (16-029)__BAT_16-029_84","Batt Reef (16-029)__campaign_2",1,0.0416666666666667,240,0.0699995936878207,0.0078922767317166,0.275673191806068,0,0.316666666666667,0.7475,0.521666666666667,0.272916666666667
"Bowden Reef (19-019)__BOW_19-019_1__2022-10-01","Bowden Reef (19-019)","Bowden Reef (19-019)__BOW_19-019_1","Bowden Reef (19-019)__campaign_4",1,0.00526315789473684,380,0.0309914768866143,0.00167700218979737,0.148840397236093,0,0.150065789473684,0.3925,0.205416666666667,0.0820833333333333
"Bowden Reef (19-019)__BOW_19-019_20__2022-10-14","Bowden Reef (19-019)","Bowden Reef (19-019)__BOW_19-019_20","Bowden Reef (19-019)__campaign_4",1,0.0327868852459016,488,0.104924176800735,0.00811296369622008,0.469207625401175,0.00409836065573771,0.448821721311476,0.772083333333333,0.569166666666667,0.33875
"Bowden Reef (19-019)__BOW_19-019_23__2022-09-30","Bowden Reef (19-019)","Bowden Reef (19-019)__BOW_19-019_23","Bowden Reef (19-019)__campaign_4",1,0.00909090909090909,220,0.0374720784391941,0.00208326980498891,0.180002643901206,0,0.190909090909091,0.396666666666667,0.23375,0.0954166666666667
"Bowden Reef (19-019)__BOW_19-019_24__2022-09-30","Bowden Reef (19-019)","Bowden Reef (19-019)__BOW_19-019_24","Bowden Reef (19-019)__campaign_4",1,0.0136363636363636,220,0.0378935485137404,0.00194086833259151,0.182416239918898,0,0.190909090909091,0.418333333333333,0.250833333333333,0.109583333333333
"Bowden Reef (19-019)__BOW_19-019_25__2022-09-30","Bowden Reef (19-019)","Bowden Reef (19-019)__BOW_19-019_25","Bowden Reef (19-019)__campaign_4",1,0.0277777777777778,252,0.0273127370252628,0.00176501899654736,0.128994013468393,0,0.123015873015873,0.319166666666667,0.155833333333333,0.06
"Bowden Reef (19-019)__BOW_19-019_26__2022-09-30","Bowden Reef (19-019)","Bowden Reef (19-019)__BOW_19-019_26","Bowden Reef (19-019)__campaign_4",1,0.0103448275862069,290,0.037866383430028,0.00213527335615703,0.184105237478102,0,0.189655172413793,0.439583333333333,0.240833333333333,0.0991666666666667
"Bowden Reef (19-019)__BOW_19-019_27__2022-10-01","Bowden Reef (19-019)","Bowden Reef (19-019)__BOW_19-019_27","Bowden Reef (19-019)__campaign_4",1,0.00471698113207547,212,0.0354617071303661,0.00187259350295027,0.1719076733253,0,0.183962264150943,0.3825,0.225833333333333,0.09375
"Bowden Reef (19-019)__BOW_19-019_28__2022-10-01","Bowden Reef (19-019)","Bowden Reef (19-019)__BOW_19-019_28","Bowden Reef (19-019)__campaign_4",1,0.0192307692307692,208,0.0243411168056759,0.0016218650481454,0.120068370916038,0,0.115504807692308,0.29875,0.15,0.0558333333333333
"Bowden Reef (19-019)__BOW_19-019_29__2022-10-01","Bowden Reef (19-019)","Bowden Reef (19-019)__BOW_19-019_29","Bowden Reef (19-019)__campaign_4",1,0.0186567164179104,268,0.0242331834262035,0.00172207981157033,0.117407592335257,0,0.119402985074627,0.317083333333333,0.156666666666667,0.05125
"Bowden Reef (19-019)__BOW_19-019_31__2022-09-30","Bowden Reef (19-019)","Bowden Reef (19-019)__BOW_19-019_31","Bowden Reef (19-019)__campaign_4",1,0.0129533678756477,386,0.0238319178681283,0.00166082227843115,0.110162408936421,0,0.121826424870467,0.30125,0.129583333333333,0.0466666666666667
"Bowden Reef (19-019)__BOW_19-019_33__2022-10-01","Bowden Reef (19-019)","Bowden Reef (19-019)__BOW_19-019_33","Bowden Reef (19-019)__campaign_4",1,0,488,0.0336399073445247,0.00174330283046206,0.16426138780086,0,0.145543032786885,0.376666666666667,0.19125,0.0783333333333333
"Bowden Reef (19-019)__BOW_19-019_34__2022-10-12","Bowden Reef (19-019)","Bowden Reef (19-019)__BOW_19-019_34","Bowden Reef (19-019)__campaign_4",1,0.00789473684210526,380,0.0319938416564859,0.00166962144657021,0.146379853499725,0,0.163157894736842,0.394166666666667,0.2025,0.09125
"Bowden Reef (19-019)__BOW_19-019_35__2022-10-12","Bowden Reef (19-019)","Bowden Reef (19-019)__BOW_19-019_35","Bowden Reef (19-019)__campaign_4",1,0.0093984962406015,532,0.0327078807597293,0.00170197965552928,0.166400917150216,0,0.176738721804511,0.389166666666667,0.1925,0.0904166666666667
"Bowden Reef (19-019)__BOW_19-019_36__2022-10-12","Bowden Reef (19-019)","Bowden Reef (19-019)__BOW_19-019_36","Bowden Reef (19-019)__campaign_4",1,0.00721153846153846,416,0.0339441059262958,0.00180073414833362,0.182520223406894,0,0.165865384615385,0.390833333333333,0.213333333333333,0.0879166666666667
"Bowden Reef (19-019)__BOW_19-019_38__2022-10-01","Bowden Reef (19-019)","Bowden Reef (19-019)__BOW_19-019_38","Bowden Reef (19-019)__campaign_4",1,0,296,0.0383873642812799,0.00206546246448177,0.178283012557053,0,0.192652027027027,0.451666666666667,0.242916666666667,0.100416666666667
"Bowden Reef (19-019)__BOW_19-019_39__2022-10-16","Bowden Reef (19-019)","Bowden Reef (19-019)__BOW_19-019_39","Bowden Reef (19-019)__campaign_4",1,0.0365853658536585,328,0.0391074516822211,0.00189669988281643,0.200953764440894,0,0.201295731707317,0.4375,0.242916666666667,0.105416666666667
"Bowden Reef (19-019)__BOW_19-019_3__2022-10-02","Bowden Reef (19-019)","Bowden Reef (19-019)__BOW_19-019_3","Bowden Reef (19-019)__campaign_4",1,0.0452961672473868,574,0.0328685502210514,0.00183933634727449,0.177035902111071,0,0.17595818815331,0.379166666666667,0.207083333333333,0.0858333333333333
"Bowden Reef (19-019)__BOW_19-019_42__2022-10-14","Bowden Reef (19-019)","Bowden Reef (19-019)__BOW_19-019_42","Bowden Reef (19-019)__campaign_4",1,0.0210727969348659,522,0.0200690906460569,0.001111961339984,0.0963696209300774,0,0.111159003831418,0.254166666666667,0.115,0.0395833333333333
"Bowden Reef (19-019)__BOW_19-019_43__2022-10-13","Bowden Reef (19-019)","Bowden Reef (19-019)__BOW_19-019_43","Bowden Reef (19-019)__campaign_4",1,0.0230263157894737,304,0.0214622061405186,0.00114087437259435,0.0982207387801793,0,0.111842105263158,0.257083333333333,0.11875,0.0404166666666667
"Bowden Reef (19-019)__BOW_19-019_44__2022-10-13","Bowden Reef (19-019)","Bowden Reef (19-019)__BOW_19-019_44","Bowden Reef (19-019)__campaign_4",1,0.0507246376811594,276,0.0354955506722926,0.00184509374657216,0.195476735747702,0,0.184873188405797,0.418333333333333,0.227083333333333,0.0954166666666667
"Bowden Reef (19-019)__BOW_19-019_46__2022-10-14","Bowden Reef (19-019)","Bowden Reef (19-019)__BOW_19-019_46","Bowden Reef (19-019)__campaign_4",1,0.0468227424749164,299,0.0368493135818323,0.00208660841755203,0.187020696226082,0,0.177257525083612,0.439583333333333,0.240416666666667,0.0920833333333333
"Bowden Reef (19-019)__BOW_19-019_49__2022-10-14","Bowden Reef (19-019)","Bowden Reef (19-019)__BOW_19-019_49","Bowden Reef (19-019)__campaign_4",1,0.0303030303030303,66,0.0377931269762432,0.00194904741857333,0.177655786974692,0,0.182196969696971,0.3975,0.25875,0.109583333333333
"Bowden Reef (19-019)__BOW_19-019_52__2022-10-13","Bowden Reef (19-019)","Bowden Reef (19-019)__BOW_19-019_52","Bowden Reef (19-019)__campaign_4",1,0.0801526717557252,262,0.0390297343246954,0.00198752742155842,0.193512071816315,0,0.198568702290077,0.41375,0.2375,0.10375
"Bowden Reef (19-019)__BOW_19-019_53__2022-10-14","Bowden Reef (19-019)","Bowden Reef (19-019)__BOW_19-019_53","Bowden Reef (19-019)__campaign_4",1,0.0646900269541779,371,0.036032306104799,0.00173148224667991,0.191088245635942,0,0.175202156334232,0.41125,0.23375,0.100833333333333
"Bowden Reef (19-019)__BOW_19-019_57__2022-10-13","Bowden Reef (19-019)","Bowden Reef (19-019)__BOW_19-019_57","Bowden Reef (19-019)__campaign_4",1,0.0844155844155844,308,0.0352783309487276,0.00204495254989234,0.185327744183728,0,0.188311688311688,0.4025,0.227083333333333,0.100833333333333
"Bowden Reef (19-019)__BOW_19-019_60__2022-10-12","Bowden Reef (19-019)","Bowden Reef (19-019)__BOW_19-019_60","Bowden Reef (19-019)__campaign_4",1,0,593,0.0329647057877089,0.00182191538260555,0.160327153069856,0,0.165303541315346,0.414166666666667,0.217916666666667,0.0870833333333333
"Bowden Reef (19-019)__BOW_19-019_61__2022-10-16","Bowden Reef (19-019)","Bowden Reef (19-019)__BOW_19-019_61","Bowden Reef (19-019)__campaign_4",1,0.00423728813559322,236,0.0353172018836854,0.00174401621664636,0.18195218160264,0,0.156779661016949,0.392916666666667,0.210416666666667,0.0783333333333333
"Bowden Reef (19-019)__BOW_19-019_62__2022-10-16","Bowden Reef (19-019)","Bowden Reef (19-019)__BOW_19-019_62","Bowden Reef (19-019)__campaign_4",1,0.0113207547169811,265,0.0400860725892606,0.00202439207739618,0.190856077659036,0,0.192452830188679,0.4225,0.2575,0.109166666666667
"Bowden Reef (19-019)__BOW_19-019_64__2022-10-16","Bowden Reef (19-019)","Bowden Reef (19-019)__BOW_19-019_64","Bowden Reef (19-019)__campaign_4",1,0.0247252747252747,364,0.0374423145269341,0.00203574911314789,0.18452089497619,0,0.197802197802198,0.414583333333333,0.240833333333333,0.107083333333333
"Bowden Reef (19-019)__BOW_19-019_65__2022-10-14","Bowden Reef (19-019)","Bowden Reef (19-019)__BOW_19-019_65","Bowden Reef (19-019)__campaign_4",1,0.0327868852459016,244,0.0231220659092661,0.00134122465318077,0.105272658428948,0,0.114754098360656,0.307916666666667,0.12875,0.045
"Bowden Reef (19-019)__BOW_19-019_67__2022-10-13","Bowden Reef (19-019)","Bowden Reef (19-019)__BOW_19-019_67","Bowden Reef (19-019)__campaign_4",1,0.0277777777777778,252,0.0318900462183861,0.00173936845316588,0.147351869461828,0,0.166666666666667,0.3725,0.203333333333333,0.08625
"Bowden Reef (19-019)__BOW_19-019_68__2022-10-15","Bowden Reef (19-019)","Bowden Reef (19-019)__BOW_19-019_68","Bowden Reef (19-019)__campaign_4",1,0.0632911392405063,316,0.035268699291592,0.0020760985831226,0.166784958954181,0,0.193037974683544,0.39625,0.233333333333333,0.1
"Bowden Reef (19-019)__BOW_19-019_69__2022-10-16","Bowden Reef (19-019)","Bowden Reef (19-019)__BOW_19-019_69","Bowden Reef (19-019)__campaign_4",1,0.0384615384615385,260,0.0370905913234729,0.00197850648931858,0.180774232753698,0,0.192307692307692,0.400833333333333,0.222083333333333,0.0995833333333333
"Bowden Reef (19-019)__BOW_19-019_71__2022-10-15","Bowden Reef (19-019)","Bowden Reef (19-019)__BOW_19-019_71","Bowden Reef (19-019)__campaign_4",1,0.016025641025641,312,0.0388734677410929,0.0019289199919541,0.185249831755866,0,0.192307692307692,0.398333333333333,0.224166666666667,0.0995833333333333
"Bowden Reef (19-019)__BOW_19-019_81__2022-10-13","Bowden Reef (19-019)","Bowden Reef (19-019)__BOW_19-019_81","Bowden Reef (19-019)__campaign_4",1,0.0203252032520325,246,0.0334641807597279,0.00182482797349903,0.174360704901496,0,0.17479674796748,0.404166666666667,0.214166666666667,0.0891666666666667
"Bowden Reef (19-019)__BOW_19-019_84__2022-10-13","Bowden Reef (19-019)","Bowden Reef (19-019)__BOW_19-019_84","Bowden Reef (19-019)__campaign_4",1,0.0254237288135593,236,0.0337512646450031,0.00188225950715523,0.17323843721714,0,0.156779661016949,0.391666666666667,0.2075,0.0833333333333333
"Bowden Reef (19-019)__BOW_19-019_87__2022-10-15","Bowden Reef (19-019)","Bowden Reef (19-019)__BOW_19-019_87","Bowden Reef (19-019)__campaign_4",1,0.0655737704918033,244,0.0378926746865266,0.00194889571380077,0.182593775535607,0,0.184528688524591,0.427916666666667,0.235416666666667,0.0929166666666667
"Bowden Reef (19-019)__BOW_19-019_88__2022-10-17","Bowden Reef (19-019)","Bowden Reef (19-019)__BOW_19-019_88","Bowden Reef (19-019)__campaign_4",1,0.0122950819672131,244,0.033422031490283,0.00177990653954262,0.161528065496658,0,0.168032786885246,0.40625,0.209583333333333,0.0883333333333333
"Bowden Reef (19-019)__BOW_19-019_89__2022-10-14","Bowden Reef (19-019)","Bowden Reef (19-019)__BOW_19-019_89","Bowden Reef (19-019)__campaign_4",1,0.0576923076923077,260,0.0373170710256778,0.0020837312021201,0.192024659478714,0,0.184711538461539,0.410833333333333,0.2275,0.0966666666666667
"Bowden Reef (19-019)__BOW_19-019_90__2022-10-14","Bowden Reef (19-019)","Bowden Reef (19-019)__BOW_19-019_90","Bowden Reef (19-019)__campaign_4",1,0.038135593220339,236,0.0387056744481173,0.00232329062325187,0.186134291405656,0,0.203389830508475,0.42875,0.237916666666667,0.111666666666667
"Bowden Reef (19-019)__BOW_19-019_92__2022-10-15","Bowden Reef (19-019)","Bowden Reef (19-019)__BOW_19-019_92","Bowden Reef (19-019)__campaign_4",1,0.0172413793103448,232,0.0366358084848866,0.00193375721396142,0.188491659394737,0,0.206896551724138,0.4275,0.225416666666667,0.105416666666667
"Bowden Reef (19-019)__BOW_19-019_94__2022-10-17","Bowden Reef (19-019)","Bowden Reef (19-019)__BOW_19-019_94","Bowden Reef (19-019)__campaign_4",1,0.0256410256410256,156,0.0374910619368749,0.00204000574089511,0.185524043600837,0,0.179487179487179,0.379583333333333,0.221666666666667,0.100833333333333
"Bowden Reef (19-019)__BOW_19-019_97__2022-10-16","Bowden Reef (19-019)","Bowden Reef (19-019)__BOW_19-019_97","Bowden Reef (19-019)__campaign_4",1,0.0422077922077922,616,0.0375810733743347,0.00214975084977579,0.178381320384867,0,0.204586038961039,0.435833333333333,0.23375,0.09875
"Darley Reef (19-043)__DAR_19-043_58__2023-03-29","Darley Reef (19-043)","Darley Reef (19-043)__DAR_19-043_58","Darley Reef (19-043)__campaign_1",1,0,490,0.0246710731717804,0.000593590777655699,0.15366710327201,0,0.146938775510204,0.301666666666667,0.150416666666667,0.0645833333333333
"Darley Reef (19-043)__DAR_19-043_62__2023-03-29","Darley Reef (19-043)","Darley Reef (19-043)__DAR_19-043_62","Darley Reef (19-043)__campaign_1",1,0.020703933747412,483,0.0584165703759934,0.0014521350650376,0.338781131123944,0,0.327225672877847,0.4875,0.307916666666667,0.166666666666667
"Darley Reef (19-043)__DAR_19-043_91__2023-03-28","Darley Reef (19-043)","Darley Reef (19-043)__DAR_19-043_91","Darley Reef (19-043)__campaign_1",1,0,303,0.0834320637590468,0.002281419760168,0.472290315435669,0,0.590841584158416,0.568333333333333,0.404583333333333,0.247083333333333
"Darley Reef (19-043)__DAR_19-043_98__2023-03-28","Darley Reef (19-043)","Darley Reef (19-043)__DAR_19-043_98","Darley Reef (19-043)__campaign_1",1,0.026615969581749,526,0.0446013157551678,0.00121998591285498,0.26607845728531,0,0.285218631178707,0.429166666666667,0.254166666666667,0.126666666666667
"Davies Reef (18-096)__DAV_18-096_10__2023-01-22","Davies Reef (18-096)","Davies Reef (18-096)__DAV_18-096_10","Davies Reef (18-096)__campaign_5",1,0.00416666666666667,240,0.0698404736859131,0.00570838580275902,0.288746355825946,0,0.345833333333333,0.681666666666667,0.4725,0.254583333333333
"Davies Reef (18-096)__DAV_18-096_11__2023-01-23","Davies Reef (18-096)","Davies Reef (18-096)__DAV_18-096_11","Davies Reef (18-096)__campaign_5",1,0.0113636363636364,264,0.0707105319684532,0.00519150279047739,0.305400441367057,0,0.390435606060607,0.655833333333333,0.46125,0.247083333333333
"Davies Reef (18-096)__DAV_18-096_11__2024-03-18","Davies Reef (18-096)","Davies Reef (18-096)__DAV_18-096_11","Davies Reef (18-096)__campaign_8",1,0.00555555555555556,180,0.0645862354450274,0.00478802621755575,0.284482928049905,0,0.316666666666667,0.653333333333333,0.412083333333333,0.220416666666667
"Davies Reef (18-096)__DAV_18-096_12__2023-01-23","Davies Reef (18-096)","Davies Reef (18-096)__DAV_18-096_12","Davies Reef (18-096)__campaign_5",1,0.0570175438596491,228,0.0376051812933755,0.00336117437437632,0.157054323569647,0,0.175438596491228,0.524583333333333,0.2725,0.114583333333333
"Davies Reef (18-096)__DAV_18-096_12__2024-03-03","Davies Reef (18-096)","Davies Reef (18-096)__DAV_18-096_12","Davies Reef (18-096)__campaign_8",1,0,135,0.0356003671805711,0.00309663956664558,0.155563470663711,0,0.185185185185185,0.494583333333333,0.26125,0.11625
"Davies Reef (18-096)__DAV_18-096_13__2023-01-23","Davies Reef (18-096)","Davies Reef (18-096)__DAV_18-096_13","Davies Reef (18-096)__campaign_5",1,0.0204918032786885,244,0.0752076787911022,0.0100054405751268,0.280016249587541,0,0.401741803278689,0.76,0.527916666666667,0.295833333333333
"Davies Reef (18-096)__DAV_18-096_14__2023-01-23","Davies Reef (18-096)","Davies Reef (18-096)__DAV_18-096_14","Davies Reef (18-096)__campaign_5",1,0.0579710144927536,276,0.100920715121357,0.0140941723551017,0.360696804064204,0.0036231884057971,0.445652173913043,0.835,0.63625,0.39
"Davies Reef (18-096)__DAV_18-096_14__2024-03-03","Davies Reef (18-096)","Davies Reef (18-096)__DAV_18-096_14","Davies Reef (18-096)__campaign_8",1,0,90,0.0927562319995625,0.0129357220563554,0.322609134728396,0,0.422222222222222,0.81625,0.618333333333333,0.369166666666667
"Davies Reef (18-096)__DAV_18-096_15__2023-01-23","Davies Reef (18-096)","Davies Reef (18-096)__DAV_18-096_15","Davies Reef (18-096)__campaign_5",1,0.0365384615384615,520,0.118942404263791,0.0145159674689459,0.441942225913306,0.00576923076923077,0.503894230769231,0.862083333333333,0.700833333333333,0.4525
"Davies Reef (18-096)__DAV_18-096_15__2024-01-31","Davies Reef (18-096)","Davies Reef (18-096)__DAV_18-096_15","Davies Reef (18-096)__campaign_8",1,0.0502717391304348,736,0.118744378111204,0.0146793614116491,0.479637114456182,0.00679347826086957,0.550339673913044,0.856666666666667,0.6875,0.45
"Davies Reef (18-096)__DAV_18-096_17__2024-02-17","Davies Reef (18-096)","Davies Reef (18-096)__DAV_18-096_17","Davies Reef (18-096)__campaign_8",1,0.020952380952381,525,0.0689210298396929,0.00909335675250964,0.238924680215769,0.00376190476190476,0.304761904761905,0.742083333333333,0.532083333333333,0.26625
"Davies Reef (18-096)__DAV_18-096_18__2023-01-24","Davies Reef (18-096)","Davies Reef (18-096)__DAV_18-096_18","Davies Reef (18-096)__campaign_5",1,0.0614035087719298,456,0.11110552819217,0.0164463117903353,0.377614482454004,0.0043859649122807,0.480317982456141,0.855,0.697083333333333,0.450416666666667
"Davies Reef (18-096)__DAV_18-096_18__2024-01-13","Davies Reef (18-096)","Davies Reef (18-096)__DAV_18-096_18","Davies Reef (18-096)__campaign_8",1,0.0657894736842105,380,0.12442736410736,0.0187081313896275,0.417788732292256,0.00526315789473684,0.518486842105263,0.884166666666667,0.705416666666667,0.480833333333333
"Davies Reef (18-096)__DAV_18-096_19__2023-01-24","Davies Reef (18-096)","Davies Reef (18-096)__DAV_18-096_19","Davies Reef (18-096)__campaign_5",1,0.0465116279069767,516,0.0790389748045721,0.0117670854167441,0.271530078502741,0.00387596899224806,0.329505813953488,0.815833333333333,0.597916666666667,0.325416666666667
"Davies Reef (18-096)__DAV_18-096_19__2024-03-17","Davies Reef (18-096)","Davies Reef (18-096)__DAV_18-096_19","Davies Reef (18-096)__campaign_8",1,0.0261136712749616,651,0.0916646251470738,0.0135981924335287,0.326229558633626,0.00614439324116743,0.419354838709677,0.827916666666667,0.632083333333333,0.372083333333333
"Davies Reef (18-096)__DAV_18-096_20__2023-01-25","Davies Reef (18-096)","Davies Reef (18-096)__DAV_18-096_20","Davies Reef (18-096)__campaign_5",1,0.0111940298507463,536,0.031333797744759,0.00417663091561818,0.109896288165009,0,0.145522388059701,0.499166666666667,0.241666666666667,0.08625
"Davies Reef (18-096)__DAV_18-096_21__2023-01-25","Davies Reef (18-096)","Davies Reef (18-096)__DAV_18-096_21","Davies Reef (18-096)__campaign_5",1,0,336,0.0430039421818913,0.0052637611734256,0.153762392930634,0,0.211383928571429,0.579166666666667,0.327916666666667,0.142916666666667
"Davies Reef (18-096)__DAV_18-096_22__2024-03-17","Davies Reef (18-096)","Davies Reef (18-096)__DAV_18-096_22","Davies Reef (18-096)__campaign_8",1,0.0144927536231884,345,0.0388606959801094,0.00547834908895791,0.144015236274944,0,0.18268115942029,0.577916666666667,0.317083333333333,0.127083333333333
"Davies Reef (18-096)__DAV_18-096_24__2024-05-30","Davies Reef (18-096)","Davies Reef (18-096)__DAV_18-096_24","Davies Reef (18-096)__campaign_8",1,0.0142247510668563,703,0.0285221204109629,0.003588967400768,0.102665616248242,0,0.135170697012802,0.43625,0.195,0.0716666666666667
"Davies Reef (18-096)__DAV_18-096_25__2023-02-05","Davies Reef (18-096)","Davies Reef (18-096)__DAV_18-096_25","Davies Reef (18-096)__campaign_5",1,0.0072202166064982,554,0.0601638036146919,0.00855409591733449,0.214156408961674,0.0036101083032491,0.2889440433213,0.695,0.454583333333333,0.224583333333333
"Davies Reef (18-096)__DAV_18-096_26__2023-01-22","Davies Reef (18-096)","Davies Reef (18-096)__DAV_18-096_26","Davies Reef (18-096)__campaign_5",1,0.00625,480,0.0846900845966748,0.00930241017854898,0.334615891473455,0.00208333333333333,0.450104166666667,0.76625,0.554583333333333,0.32625
"Davies Reef (18-096)__DAV_18-096_29__2023-01-24","Davies Reef (18-096)","Davies Reef (18-096)__DAV_18-096_29","Davies Reef (18-096)__campaign_5",1,0.05,360,0.100703177265264,0.0147788412493458,0.35833134270646,0.00555555555555556,0.461111111111111,0.827083333333333,0.644583333333333,0.410416666666667
"Davies Reef (18-096)__DAV_18-096_29__2024-06-12","Davies Reef (18-096)","Davies Reef (18-096)__DAV_18-096_29","Davies Reef (18-096)__campaign_8",1,0.0666666666666667,240,0.0844595103657919,0.0123967502120279,0.290740028455971,0.00416666666666667,0.362604166666667,0.815416666666667,0.592083333333333,0.345833333333333
"Davies Reef (18-096)__DAV_18-096_30__2024-03-18","Davies Reef (18-096)","Davies Reef (18-096)__DAV_18-096_30","Davies Reef (18-096)__campaign_8",1,0.00905797101449275,552,0.0673492058977908,0.00836248407963005,0.247576612030063,0.00181159420289855,0.308016304347826,0.727083333333333,0.499583333333333,0.257083333333333
"Davies Reef (18-096)__DAV_18-096_31__2023-01-24","Davies Reef (18-096)","Davies Reef (18-096)__DAV_18-096_31","Davies Reef (18-096)__campaign_5",1,0.0329457364341085,516,0.0672161091158776,0.00964126541171322,0.243334733604728,0.00193798449612403,0.323643410852713,0.736666666666667,0.52375,0.269583333333333
"Davies Reef (18-096)__DAV_18-096_31__2024-03-21","Davies Reef (18-096)","Davies Reef (18-096)__DAV_18-096_31","Davies Reef (18-096)__campaign_8",1,0.0313479623824451,638,0.0613691907728184,0.00835619890179124,0.219678702707524,0.00313479623824451,0.299412225705329,0.710833333333333,0.454583333333333,0.224583333333333
"Davies Reef (18-096)__DAV_18-096_34__2023-01-23","Davies Reef (18-096)","Davies Reef (18-096)__DAV_18-096_34","Davies Reef (18-096)__campaign_5",1,0.00746268656716418,268,0.0783323781429405,0.00975809522738678,0.2908821087383,0.00373134328358209,0.406809701492538,0.755,0.562083333333333,0.302916666666667
"Davies Reef (18-096)__DAV_18-096_36__2024-03-19","Davies Reef (18-096)","Davies Reef (18-096)__DAV_18-096_36","Davies Reef (18-096)__campaign_8",1,0.00595238095238095,336,0.053792707698469,0.0054022355724668,0.219428661665102,0,0.270833333333333,0.638333333333333,0.400833333333333,0.187083333333333
"Davies Reef (18-096)__DAV_18-096_37__2024-03-19","Davies Reef (18-096)","Davies Reef (18-096)__DAV_18-096_37","Davies Reef (18-096)__campaign_8",1,0.0431547619047619,672,0.0797970031344837,0.00984761414150775,0.307963647780293,0.00446428571428571,0.355766369047619,0.778333333333333,0.572916666666667,0.31625
"Davies Reef (18-096)__DAV_18-096_9__2023-01-22","Davies Reef (18-096)","Davies Reef (18-096)__DAV_18-096_9","Davies Reef (18-096)__campaign_5",1,0.00892857142857143,224,0.0698782328290762,0.00566359638545491,0.291107034634912,0,0.379575892857143,0.675,0.495,0.265416666666667
"Eyrie Reef (14-118)__EYR_14-118_1__2026-02-26","Eyrie Reef (14-118)","Eyrie Reef (14-118)__EYR_14-118_1","Eyrie Reef (14-118)__campaign_4",1,0.123076923076923,520,0.0462705579147258,0.00330511061616311,0.194434578554061,0,0.223173076923077,0.514583333333333,0.315,0.147916666666667
"Eyrie Reef (14-118)__EYR_14-118_2__2026-02-26","Eyrie Reef (14-118)","Eyrie Reef (14-118)__EYR_14-118_2","Eyrie Reef (14-118)__campaign_4",1,0.0815789473684211,760,0.0475974647416315,0.00314508459913418,0.205365069097187,0,0.226381578947369,0.510416666666667,0.302916666666667,0.141666666666667
"Judith Wright Reef (18-101)__JUD_18-101_1__2025-08-27","Judith Wright Reef (18-101)","Judith Wright Reef (18-101)__JUD_18-101_1","Judith Wright Reef (18-101)__campaign_1",1,0,440,0.0601329999114683,0.00134481944662099,0.320496902909354,0,0.341136363636364,0.481666666666667,0.304583333333333,0.159166666666667
"Judith Wright Reef (18-101)__JUD_18-101_38__2025-10-14","Judith Wright Reef (18-101)","Judith Wright Reef (18-101)__JUD_18-101_38","Judith Wright Reef (18-101)__campaign_1",1,0.0384615384615385,338,0.0300227655426218,0.000685653695589214,0.174429811329741,0,0.174630177514793,0.319583333333333,0.165,0.0733333333333333
"Judith Wright Reef (18-101)__JUD_18-101_3__2025-08-05","Judith Wright Reef (18-101)","Judith Wright Reef (18-101)__JUD_18-101_3","Judith Wright Reef (18-101)__campaign_1",1,0.0425,400,0.0515623551214957,0.00114058428727327,0.261385302791731,0,0.320250000000001,0.462083333333333,0.281666666666667,0.14
"Judith Wright Reef (18-101)__JUD_18-101_4__2025-08-05","Judith Wright Reef (18-101)","Judith Wright Reef (18-101)__JUD_18-101_4","Judith Wright Reef (18-101)__campaign_1",1,0.109447004608295,868,0.0467184918977932,0.00124403995886121,0.260813544732867,0,0.288133640552996,0.436666666666667,0.277083333333333,0.145
"Judith Wright Reef (18-101)__JUD_18-101_5__2025-10-14","Judith Wright Reef (18-101)","Judith Wright Reef (18-101)__JUD_18-101_5","Judith Wright Reef (18-101)__campaign_1",1,0.0119047619047619,420,0.0369953635159033,0.000872449495935815,0.189428987850003,0,0.221428571428571,0.335416666666667,0.1975,0.0991666666666667
"Lizard Island Reef (Lagoon) (14-116d)__LIZ_14-116d_13__2024-01-19","Lizard Island Reef (Lagoon) (14-116d)","Lizard Island Reef (Lagoon) (14-116d)__LIZ_14-116d_13","Lizard Island Reef (Lagoon) (14-116d)__campaign_5",1,0.0315789473684211,760,0.00865778879723229,0.000845371049083382,0.0344933838388457,0,0.0407894736842105,0.0983333333333333,0.0266666666666667,0.005
"Lizard Island Reef (Lagoon) (14-116d)__LIZ_14-116d_14__2024-01-31","Lizard Island Reef (Lagoon) (14-116d)","Lizard Island Reef (Lagoon) (14-116d)__LIZ_14-116d_14","Lizard Island Reef (Lagoon) (14-116d)__campaign_5",1,0.0185714285714286,700,0.00898115363724282,0.000795289490216134,0.0359155618329388,0,0.0428571428571429,0.112083333333333,0.0320833333333333,0.00791666666666667
"Lizard Island Reef (Lagoon) (14-116d)__LIZ_14-116d_15__2024-01-19","Lizard Island Reef (Lagoon) (14-116d)","Lizard Island Reef (Lagoon) (14-116d)__LIZ_14-116d_15","Lizard Island Reef (Lagoon) (14-116d)__campaign_5",1,0.0184210526315789,760,0.0250963513711159,0.00273820137004028,0.0976655748345917,0,0.101315789473684,0.370416666666667,0.168333333333333,0.0454166666666667
"Lizard Island Reef (Lagoon) (14-116d)__LIZ_14-116d_16__2024-01-20","Lizard Island Reef (Lagoon) (14-116d)","Lizard Island Reef (Lagoon) (14-116d)__LIZ_14-116d_16","Lizard Island Reef (Lagoon) (14-116d)__campaign_5",1,0.00789473684210526,760,0.00898275125435309,0.000669440326888692,0.040210145139725,0,0.043421052631579,0.105833333333333,0.0316666666666667,0.00541666666666667
"Lizard Island Reef (Lagoon) (14-116d)__LIZ_14-116d_20__2025-10-12","Lizard Island Reef (Lagoon) (14-116d)","Lizard Island Reef (Lagoon) (14-116d)__LIZ_14-116d_20","Lizard Island Reef (Lagoon) (14-116d)__campaign_7",1,0.0184210526315789,380,0.0226059569383726,0.00162267812195565,0.0947828020090601,0,0.115855263157895,0.32375,0.1425,0.05
"Lizard Island Reef (Lagoon) (14-116d)__LIZ_14-116d_21__2024-01-20","Lizard Island Reef (Lagoon) (14-116d)","Lizard Island Reef (Lagoon) (14-116d)__LIZ_14-116d_21","Lizard Island Reef (Lagoon) (14-116d)__campaign_5",1,0.0315789473684211,760,0.0130929243535756,0.00141193140957757,0.0543173423311847,0,0.0618421052631579,0.186666666666667,0.0625,0.0158333333333333
"Lizard Island Reef (Lagoon) (14-116d)__LIZ_14-116d_21__2025-10-12","Lizard Island Reef (Lagoon) (14-116d)","Lizard Island Reef (Lagoon) (14-116d)__LIZ_14-116d_21","Lizard Island Reef (Lagoon) (14-116d)__campaign_7",1,0.0184210526315789,380,0.0226330898764061,0.00267155037614175,0.0889862434769971,0,0.107894736842105,0.367916666666667,0.152083333333333,0.0454166666666667
"Lizard Island Reef (Lagoon) (14-116d)__LIZ_14-116d_22__2024-01-19","Lizard Island Reef (Lagoon) (14-116d)","Lizard Island Reef (Lagoon) (14-116d)__LIZ_14-116d_22","Lizard Island Reef (Lagoon) (14-116d)__campaign_5",1,0.0112676056338028,710,0.0195715808332443,0.00162033439796305,0.0915849837874569,0,0.0915845070422537,0.277083333333333,0.117916666666667,0.035
"Lizard Island Reef (Lagoon) (14-116d)__LIZ_14-116d_22__2025-10-12","Lizard Island Reef (Lagoon) (14-116d)","Lizard Island Reef (Lagoon) (14-116d)__LIZ_14-116d_22","Lizard Island Reef (Lagoon) (14-116d)__campaign_7",1,0.0368421052631579,760,0.0271969355688209,0.00236557407392122,0.115732951345319,0,0.128947368421053,0.372916666666667,0.193333333333333,0.06625
"Lizard Island Reef (Lagoon) (14-116d)__LIZ_14-116d_24__2024-03-10","Lizard Island Reef (Lagoon) (14-116d)","Lizard Island Reef (Lagoon) (14-116d)__LIZ_14-116d_24","Lizard Island Reef (Lagoon) (14-116d)__campaign_5",1,0,80,0.0221863089203006,0.00166881974744109,0.0932066299489988,0,0.1125,0.3575,0.1425,0.0554166666666667
"Lizard Island Reef (Lagoon) (14-116d)__LIZ_14-116d_24__2025-10-10","Lizard Island Reef (Lagoon) (14-116d)","Lizard Island Reef (Lagoon) (14-116d)__LIZ_14-116d_24","Lizard Island Reef (Lagoon) (14-116d)__campaign_7",1,0.0358208955223881,670,0.0324557756106836,0.00232637902419919,0.148418622756379,0,0.16865671641791,0.42125,0.237916666666667,0.0925
"Lizard Island Reef (Lagoon) (14-116d)__LIZ_14-116d_25__2024-01-19","Lizard Island Reef (Lagoon) (14-116d)","Lizard Island Reef (Lagoon) (14-116d)__LIZ_14-116d_25","Lizard Island Reef (Lagoon) (14-116d)__campaign_5",1,0.0532258064516129,620,0.0468548389432807,0.00528457994827509,0.202331642348541,0.00161290322580645,0.219395161290323,0.568333333333333,0.354583333333333,0.15625
"Lizard Island Reef (Lagoon) (14-116d)__LIZ_14-116d_25__2025-10-10","Lizard Island Reef (Lagoon) (14-116d)","Lizard Island Reef (Lagoon) (14-116d)__LIZ_14-116d_25","Lizard Island Reef (Lagoon) (14-116d)__campaign_7",1,0.0656716417910448,670,0.0631817748041189,0.00685016573320107,0.239366723624719,0.00298507462686567,0.282126865671642,0.677083333333333,0.453333333333333,0.235
"Lizard Island Reef (Lagoon) (14-116d)__LIZ_14-116d_27__2026-02-05","Lizard Island Reef (Lagoon) (14-116d)","Lizard Island Reef (Lagoon) (14-116d)__LIZ_14-116d_27","Lizard Island Reef (Lagoon) (14-116d)__campaign_7",1,0.0311111111111111,900,0.0240095373954232,0.00160386668142091,0.104812491437038,0,0.118944444444445,0.341666666666667,0.155833333333333,0.0533333333333333
"Lizard Island Reef (Lagoon) (14-116d)__LIZ_14-116d_28__2023-10-30","Lizard Island Reef (Lagoon) (14-116d)","Lizard Island Reef (Lagoon) (14-116d)__LIZ_14-116d_28","Lizard Island Reef (Lagoon) (14-116d)__campaign_5",1,0.0633333333333333,300,0.0657174591330907,0.00749303885416895,0.273574825376725,0,0.333333333333333,0.717916666666667,0.490833333333333,0.2525
"Lizard Island Reef (Lagoon) (14-116d)__LIZ_14-116d_28__2026-02-05","Lizard Island Reef (Lagoon) (14-116d)","Lizard Island Reef (Lagoon) (14-116d)__LIZ_14-116d_28","Lizard Island Reef (Lagoon) (14-116d)__campaign_7",1,0.00666666666666667,900,0.0331849491725038,0.00355900023540762,0.1359792397969,0.00111111111111111,0.157833333333334,0.483333333333333,0.2575,0.0954166666666667
"Lizard Island Reef (Lagoon) (14-116d)__LIZ_14-116d_29__2023-10-29","Lizard Island Reef (Lagoon) (14-116d)","Lizard Island Reef (Lagoon) (14-116d)__LIZ_14-116d_29","Lizard Island Reef (Lagoon) (14-116d)__campaign_5",1,0.0233333333333333,300,0.0588377594873686,0.00625055457737706,0.23897711809512,0,0.293500000000001,0.68125,0.437083333333333,0.2075
"Lizard Island Reef (Lagoon) (14-116d)__LIZ_14-116d_29__2025-10-09","Lizard Island Reef (Lagoon) (14-116d)","Lizard Island Reef (Lagoon) (14-116d)__LIZ_14-116d_29","Lizard Island Reef (Lagoon) (14-116d)__campaign_7",1,0.0775,400,0.0369521562079464,0.00418618214735703,0.137395503580918,0,0.1625625,0.54375,0.291666666666667,0.110416666666667
"Lizard Island Reef (Lagoon) (14-116d)__LIZ_14-116d_31__2024-01-18","Lizard Island Reef (Lagoon) (14-116d)","Lizard Island Reef (Lagoon) (14-116d)__LIZ_14-116d_31","Lizard Island Reef (Lagoon) (14-116d)__campaign_5",1,0.016,250,0.0418960333545895,0.00310799742620261,0.190579536695747,0,0.224,0.540416666666667,0.311666666666667,0.145
"Lizard Island Reef (Lagoon) (14-116d)__LIZ_14-116d_31__2025-10-09","Lizard Island Reef (Lagoon) (14-116d)","Lizard Island Reef (Lagoon) (14-116d)__LIZ_14-116d_31","Lizard Island Reef (Lagoon) (14-116d)__campaign_7",1,0.0325,800,0.0298258776533849,0.00211533342086408,0.13431435945491,0,0.16378125,0.399166666666667,0.200833333333333,0.07875
"Lizard Island Reef (North East) (14-116b)__LIZ_14-116b_1__2025-12-14","Lizard Island Reef (North East) (14-116b)","Lizard Island Reef (North East) (14-116b)__LIZ_14-116b_1","Lizard Island Reef (North East) (14-116b)__campaign_7",1,0.0118518518518519,675,0.0105459694735334,0.000922869381802995,0.0447594695091889,0,0.0488888888888889,0.12125,0.04125,0.00916666666666667
"Lizard Island Reef (North West) (14-116a)__LIZ_14-116a_30__2022-10-14","Lizard Island Reef (North West) (14-116a)","Lizard Island Reef (North West) (14-116a)__LIZ_14-116a_30","Lizard Island Reef (North West) (14-116a)__campaign_4",1,0.0491228070175439,285,0.0227381653959725,0.00279011254782799,0.0871141924966475,0,0.105263157894737,0.3625,0.14625,0.04
"Lizard Island Reef (North West) (14-116a)__LIZ_14-116a_30__2023-10-29","Lizard Island Reef (North West) (14-116a)","Lizard Island Reef (North West) (14-116a)__LIZ_14-116a_30","Lizard Island Reef (North West) (14-116a)__campaign_5",1,0.00666666666666667,300,0.0322631507119635,0.00363850948886591,0.11731533360227,0,0.166666666666667,0.490416666666667,0.246666666666667,0.0879166666666667
"Lizard Island Reef (North West) (14-116a)__LIZ_14-116a_31__2019-09-21","Lizard Island Reef (North West) (14-116a)","Lizard Island Reef (North West) (14-116a)__LIZ_14-116a_31","Lizard Island Reef (North West) (14-116a)__campaign_1",1,0.0171875,640,0.028584486719519,0.00323865654207501,0.122649258415506,0,0.1375,0.427916666666667,0.204166666666667,0.0683333333333333
"Lizard Island Reef (North West) (14-116a)__LIZ_14-116a_31__2022-10-14","Lizard Island Reef (North West) (14-116a)","Lizard Island Reef (North West) (14-116a)__LIZ_14-116a_31","Lizard Island Reef (North West) (14-116a)__campaign_4",1,0.0245614035087719,285,0.0349911121033958,0.00412553103448367,0.130946965580848,0,0.164912280701754,0.507916666666667,0.263333333333333,0.104583333333333
"Lizard Island Reef (North West) (14-116a)__LIZ_14-116a_32__2019-09-21","Lizard Island Reef (North West) (14-116a)","Lizard Island Reef (North West) (14-116a)__LIZ_14-116a_32","Lizard Island Reef (North West) (14-116a)__campaign_1",1,0,320,0.0254042498868695,0.00224034995939632,0.109467867909097,0,0.115625,0.354583333333333,0.176666666666667,0.0541666666666667
"Lizard Island Reef (North West) (14-116a)__LIZ_14-116a_33__2019-09-21","Lizard Island Reef (North West) (14-116a)","Lizard Island Reef (North West) (14-116a)__LIZ_14-116a_33","Lizard Island Reef (North West) (14-116a)__campaign_1",1,0,320,0.00773975248065234,0.000788799238870483,0.0322564399894147,0,0.034375,0.0841666666666667,0.0191666666666667,0.00458333333333333
"Lizard Island Reef (North West) (14-116a)__LIZ_14-116a_34__2019-09-20","Lizard Island Reef (North West) (14-116a)","Lizard Island Reef (North West) (14-116a)__LIZ_14-116a_34","Lizard Island Reef (North West) (14-116a)__campaign_1",1,0.00625,320,0.0145780420819818,0.00151416158921075,0.0587038370364635,0,0.06875,0.220416666666667,0.0829166666666667,0.0183333333333333
"Lizard Island Reef (North West) (14-116a)__LIZ_14-116a_34__2023-10-30","Lizard Island Reef (North West) (14-116a)","Lizard Island Reef (North West) (14-116a)__LIZ_14-116a_34","Lizard Island Reef (North West) (14-116a)__campaign_5",1,0,285,0.0259563564675495,0.00262837148962123,0.103762097756149,0,0.133333333333333,0.390416666666667,0.18625,0.0695833333333333
"Lizard Island Reef (North West) (14-116a)__LIZ_14-116a_35__2019-09-20","Lizard Island Reef (North West) (14-116a)","Lizard Island Reef (North West) (14-116a)__LIZ_14-116a_35","Lizard Island Reef (North West) (14-116a)__campaign_1",1,0.00625,320,0.0113122197613678,0.00120354549471109,0.0452715214024678,0,0.053125,0.157083333333333,0.0504166666666667,0.01125
"Lizard Island Reef (North West) (14-116a)__LIZ_14-116a_35__2023-10-30","Lizard Island Reef (North West) (14-116a)","Lizard Island Reef (North West) (14-116a)__LIZ_14-116a_35","Lizard Island Reef (North West) (14-116a)__campaign_5",1,0.0421052631578947,285,0.0194581386788933,0.00228821762185329,0.0751689525523833,0,0.0947368421052632,0.305,0.125416666666667,0.0391666666666667
"Lizard Island Reef (North West) (14-116a)__LIZ_14-116a_36__2019-09-20","Lizard Island Reef (North West) (14-116a)","Lizard Island Reef (North West) (14-116a)__LIZ_14-116a_36","Lizard Island Reef (North West) (14-116a)__campaign_1",1,0.003125,640,0.0184251008342772,0.00196278290322934,0.0755649106383204,0,0.0859375,0.28625,0.106666666666667,0.0275
"Lizard Island Reef (North West) (14-116a)__LIZ_14-116a_36__2024-01-12","Lizard Island Reef (North West) (14-116a)","Lizard Island Reef (North West) (14-116a)__LIZ_14-116a_36","Lizard Island Reef (North West) (14-116a)__campaign_5",1,0.00375,800,0.0289802389673184,0.00320127097874684,0.106737113185023,0,0.13753125,0.42375,0.199583333333333,0.0779166666666667
"North Direction Reef (14-143)__NOR_14-143_2__2024-01-22","North Direction Reef (14-143)","North Direction Reef (14-143)__NOR_14-143_2","North Direction Reef (14-143)__campaign_3",1,0.0394736842105263,380,0.0227660811582573,0.000833894150391289,0.115606654542314,0,0.121184210526316,0.275,0.125416666666667,0.05
"North Direction Reef (14-143)__NOR_14-143_3__2024-01-22","North Direction Reef (14-143)","North Direction Reef (14-143)__NOR_14-143_3","North Direction Reef (14-143)__campaign_3",1,0.0157894736842105,380,0.0210906078515698,0.00139055693951794,0.0978147856880667,0,0.121052631578947,0.292916666666667,0.13,0.04625
"North Direction Reef (14-143)__NOR_14-143_4__2024-01-22","North Direction Reef (14-143)","North Direction Reef (14-143)__NOR_14-143_4","North Direction Reef (14-143)__campaign_3",1,0.00526315789473684,380,0.0144441531677001,0.000738862295586633,0.0779780990344063,0,0.0790131578947371,0.174166666666667,0.0708333333333333,0.025
"U/N Reef (11-049)__U/N_11-049_11__2025-04-07","U/N Reef (11-049)","U/N Reef (11-049)__U/N_11-049_11","U/N Reef (11-049)__campaign_4",1,0.0558823529411765,1020,0.0677437977211776,0.00163750825104699,0.368334410354208,0,0.362769607843137,0.493333333333333,0.324583333333333,0.177916666666667
"U/N Reef (11-049)__U/N_11-049_7__2025-04-07","U/N Reef (11-049)","U/N Reef (11-049)__U/N_11-049_7","U/N Reef (11-049)__campaign_4",1,0.00882352941176471,680,0.0726183495548016,0.00166295106574738,0.400993514797783,0,0.417647058823529,0.511666666666667,0.3275,0.191666666666667
"U/N Reef (21-460)__U/N_21-460_23__2025-04-11","U/N Reef (21-460)","U/N Reef (21-460)__U/N_21-460_23","U/N Reef (21-460)__campaign_1",1,0,420,0.0213225090935447,0.00058100348001393,0.109739304159864,0,0.13577380952381,0.22875,0.12125,0.0529166666666667
"U/N Reef (21-460)__U/N_21-460_31__2025-04-10","U/N Reef (21-460)","U/N Reef (21-460)__U/N_21-460_31","U/N Reef (21-460)__campaign_1",1,0,609,0.0301576381853375,0.000679801509659384,0.171317532862628,0,0.178981937602627,0.303333333333333,0.165,0.0754166666666667
"U/N Reef (21-460)__U/N_21-460_32__2025-04-10","U/N Reef (21-460)","U/N Reef (21-460)__U/N_21-460_32","U/N Reef (21-460)__campaign_1",1,0,392,0.0308797763519679,0.000855842298614426,0.175897051017602,0,0.173596938775511,0.336666666666667,0.178333333333333,0.07875
"U/N Reef (21-460)__U/N_21-460_34__2025-04-10","U/N Reef (21-460)","U/N Reef (21-460)__U/N_21-460_34","U/N Reef (21-460)__campaign_1",1,0,580,0.0314764737776052,0.000798165774069944,0.187337514197429,0,0.189655172413793,0.330833333333333,0.170833333333333,0.08
"U/N Reef (21-460)__U/N_21-460_35__2025-04-10","U/N Reef (21-460)","U/N Reef (21-460)__U/N_21-460_35","U/N Reef (21-460)__campaign_1",1,0,555,0.0317619119653639,0.000751391292928734,0.197385975155287,0,0.169369369369369,0.307083333333333,0.16375,0.0775
"U/N Reef (21-460)__U/N_21-460_43__2025-04-11","U/N Reef (21-460)","U/N Reef (21-460)__U/N_21-460_43","U/N Reef (21-460)__campaign_1",1,0.00175438596491228,570,0.0278668850251495,0.000698299307997739,0.164648232787473,0,0.163201754385965,0.295833333333333,0.163333333333333,0.0754166666666667
"U/N Reef (21-460)__U/N_21-460_44__2025-04-11","U/N Reef (21-460)","U/N Reef (21-460)__U/N_21-460_44","U/N Reef (21-460)__campaign_1",1,0,470,0.0267566276171695,0.000796465298645113,0.140923021640096,0,0.170265957446809,0.296666666666667,0.165833333333333,0.07125
