"threshold","model","AUC","Brier","cutoff","F1","recall","precision","specificity","false_negatives"
0.02,"BRMS",0.715394912985274,0.216662126871774,0.37,0.728110599078341,0.877777777777778,0.622047244094488,0.421686746987952,33
0.02,"BRT",0.647991967871486,0.234291224175615,0.29,0.720797720797721,0.937037037037037,0.585648148148148,0.281124497991968,17
0.02,"Ensemble",0.717150081808716,0.215587020303277,0.38,0.728376327769348,0.888888888888889,0.616966580976864,0.401606425702811,30
0.04,"BRMS",0.745750782982018,0.180286295946918,0.26,0.574162679425837,0.764331210191083,0.459770114942529,0.610497237569061,37
0.04,"BRT",0.678088820072492,0.197219348357554,0.29,0.517321016166282,0.713375796178344,0.405797101449275,0.546961325966851,45
0.04,"Ensemble",0.744888623007355,0.180051866025627,0.27,0.570731707317073,0.745222929936306,0.462450592885375,0.624309392265193,40
0.08,"BRMS",0.773814826598791,0.103441552486976,0.21,0.402234636871508,0.514285714285714,0.330275229357798,0.837416481069042,34
0.08,"BRT",0.646659242761693,0.11558055953456,0.22,0.313131313131313,0.442857142857143,0.2421875,0.783964365256125,39
0.08,"Ensemble",0.771396754692969,0.103380522523395,0.21,0.406779661016949,0.514285714285714,0.336448598130841,0.841870824053452,34
