"edna_pct","distance_m","lag_days","edna_prop_z","distance_z","lag_z","design_4x6","design_other_or_mixed","bottom_time","log_effort","distance_label","lag_label","estimate","lower","upper"
0,200,30,-2.34421081583413,-1.35097619181631,-0.117968588794316,0,0,448,6.10479323241498,"200 m","30 days",0.0141177528670856,0.00863339585651244,0.0220067040728671
0,200,183,-2.34421081583413,-1.35097619181631,1.13819820631665,0,0,448,6.10479323241498,"200 m","183 days",0.0147643153156553,0.00876820120694382,0.0306663422180073
0,2000,30,-2.34421081583413,1.61287124730079,-0.117968588794316,0,0,448,6.10479323241498,"2,000 m","30 days",0.0236957094499043,0.00784457053190895,0.0402786734913077
0,2000,183,-2.34421081583413,1.61287124730079,1.13819820631665,0,0,448,6.10479323241498,"2,000 m","183 days",0.0248702221683093,0.00839623923280409,0.0436611985521657
2,200,30,-2.28036776492133,-1.35097619181631,-0.117968588794316,0,0,448,6.10479323241498,"200 m","30 days",0.0141177528670856,0.00863339585651244,0.0220067040728671
2,200,183,-2.28036776492133,-1.35097619181631,1.13819820631665,0,0,448,6.10479323241498,"200 m","183 days",0.0147643153156553,0.00876820120694382,0.0306663422180073
2,2000,30,-2.28036776492133,1.61287124730079,-0.117968588794316,0,0,448,6.10479323241498,"2,000 m","30 days",0.0236957094499043,0.00784457053190895,0.0402786734913077
2,2000,183,-2.28036776492133,1.61287124730079,1.13819820631665,0,0,448,6.10479323241498,"2,000 m","183 days",0.0248702221683093,0.00839623923280409,0.0436611985521657
4,200,30,-2.21652471400852,-1.35097619181631,-0.117968588794316,0,0,448,6.10479323241498,"200 m","30 days",0.0141177528670856,0.00863339585651244,0.0220067040728671
4,200,183,-2.21652471400852,-1.35097619181631,1.13819820631665,0,0,448,6.10479323241498,"200 m","183 days",0.0147643153156553,0.00876820120694382,0.0306663422180073
4,2000,30,-2.21652471400852,1.61287124730079,-0.117968588794316,0,0,448,6.10479323241498,"2,000 m","30 days",0.0236957094499043,0.00784457053190895,0.0402786734913077
4,2000,183,-2.21652471400852,1.61287124730079,1.13819820631665,0,0,448,6.10479323241498,"2,000 m","183 days",0.0248702221683093,0.00839623923280409,0.0436611985521657
6,200,30,-2.15268166309571,-1.35097619181631,-0.117968588794316,0,0,448,6.10479323241498,"200 m","30 days",0.0141177528670856,0.00863339585651244,0.0220067040728671
6,200,183,-2.15268166309571,-1.35097619181631,1.13819820631665,0,0,448,6.10479323241498,"200 m","183 days",0.0147643153156553,0.00876820120694382,0.0306663422180073
6,2000,30,-2.15268166309571,1.61287124730079,-0.117968588794316,0,0,448,6.10479323241498,"2,000 m","30 days",0.0236957094499043,0.00784457053190895,0.0402786734913077
6,2000,183,-2.15268166309571,1.61287124730079,1.13819820631665,0,0,448,6.10479323241498,"2,000 m","183 days",0.0248702221683093,0.00839623923280409,0.0436611985521657
8,200,30,-2.08883861218291,-1.35097619181631,-0.117968588794316,0,0,448,6.10479323241498,"200 m","30 days",0.0141177528670856,0.00863339585651244,0.0220067040728671
8,200,183,-2.08883861218291,-1.35097619181631,1.13819820631665,0,0,448,6.10479323241498,"200 m","183 days",0.0147643153156553,0.00876820120694382,0.0306663422180073
8,2000,30,-2.08883861218291,1.61287124730079,-0.117968588794316,0,0,448,6.10479323241498,"2,000 m","30 days",0.0236957094499043,0.00784457053190895,0.0402786734913077
8,2000,183,-2.08883861218291,1.61287124730079,1.13819820631665,0,0,448,6.10479323241498,"2,000 m","183 days",0.0248702221683093,0.00839623923280409,0.0436611985521657
10,200,30,-2.0249955612701,-1.35097619181631,-0.117968588794316,0,0,448,6.10479323241498,"200 m","30 days",0.0141896334077631,0.00863339585651244,0.0220067040728671
10,200,183,-2.0249955612701,-1.35097619181631,1.13819820631665,0,0,448,6.10479323241498,"200 m","183 days",0.0152774282864162,0.00876820120694382,0.0306663422180073
10,2000,30,-2.0249955612701,1.61287124730079,-0.117968588794316,0,0,448,6.10479323241498,"2,000 m","30 days",0.0243599925722395,0.00784457053190895,0.0402786734913077
10,2000,183,-2.0249955612701,1.61287124730079,1.13819820631665,0,0,448,6.10479323241498,"2,000 m","183 days",0.0253250822424889,0.00839623923280409,0.0436611985521657
12,200,30,-1.9611525103573,-1.35097619181631,-0.117968588794316,0,0,448,6.10479323241498,"200 m","30 days",0.0141896334077631,0.00863339585651244,0.0220067040728671
12,200,183,-1.9611525103573,-1.35097619181631,1.13819820631665,0,0,448,6.10479323241498,"200 m","183 days",0.0152774282864162,0.00876820120694382,0.0306663422180073
12,2000,30,-1.9611525103573,1.61287124730079,-0.117968588794316,0,0,448,6.10479323241498,"2,000 m","30 days",0.0243599925722395,0.00784457053190895,0.0402786734913077
12,2000,183,-1.9611525103573,1.61287124730079,1.13819820631665,0,0,448,6.10479323241498,"2,000 m","183 days",0.0253250822424889,0.00839623923280409,0.0436611985521657
14,200,30,-1.89730945944449,-1.35097619181631,-0.117968588794316,0,0,448,6.10479323241498,"200 m","30 days",0.0141896334077631,0.00863339585651244,0.0220067040728671
14,200,183,-1.89730945944449,-1.35097619181631,1.13819820631665,0,0,448,6.10479323241498,"200 m","183 days",0.0152774282864162,0.00876820120694382,0.0306663422180073
14,2000,30,-1.89730945944449,1.61287124730079,-0.117968588794316,0,0,448,6.10479323241498,"2,000 m","30 days",0.0243599925722395,0.00784457053190895,0.0402786734913077
14,2000,183,-1.89730945944449,1.61287124730079,1.13819820631665,0,0,448,6.10479323241498,"2,000 m","183 days",0.0253250822424889,0.00839623923280409,0.0436611985521657
16,200,30,-1.83346640853168,-1.35097619181631,-0.117968588794316,0,0,448,6.10479323241498,"200 m","30 days",0.0143126840037959,0.00863339585651244,0.0220067040728671
16,200,183,-1.83346640853168,-1.35097619181631,1.13819820631665,0,0,448,6.10479323241498,"200 m","183 days",0.0154841600784234,0.00876820120694382,0.0306663422180073
16,2000,30,-1.83346640853168,1.61287124730079,-0.117968588794316,0,0,448,6.10479323241498,"2,000 m","30 days",0.0243599925722395,0.00784457053190895,0.0413488156029156
16,2000,183,-1.83346640853168,1.61287124730079,1.13819820631665,0,0,448,6.10479323241498,"2,000 m","183 days",0.0253546152796064,0.00839623923280409,0.0436611985521657
18,200,30,-1.76962335761888,-1.35097619181631,-0.117968588794316,0,0,448,6.10479323241498,"200 m","30 days",0.0143126840037959,0.00863339585651244,0.0220067040728671
18,200,183,-1.76962335761888,-1.35097619181631,1.13819820631665,0,0,448,6.10479323241498,"200 m","183 days",0.0154841600784234,0.00876820120694382,0.0306663422180073
18,2000,30,-1.76962335761888,1.61287124730079,-0.117968588794316,0,0,448,6.10479323241498,"2,000 m","30 days",0.0243599925722395,0.00784457053190895,0.0413488156029156
18,2000,183,-1.76962335761888,1.61287124730079,1.13819820631665,0,0,448,6.10479323241498,"2,000 m","183 days",0.0253546152796064,0.00839623923280409,0.0436611985521657
20,200,30,-1.70578030670607,-1.35097619181631,-0.117968588794316,0,0,448,6.10479323241498,"200 m","30 days",0.0143126840037959,0.00863339585651244,0.0220067040728671
20,200,183,-1.70578030670607,-1.35097619181631,1.13819820631665,0,0,448,6.10479323241498,"200 m","183 days",0.0154841600784234,0.00876820120694382,0.0306663422180073
20,2000,30,-1.70578030670607,1.61287124730079,-0.117968588794316,0,0,448,6.10479323241498,"2,000 m","30 days",0.0243599925722395,0.00784457053190895,0.0413488156029156
20,2000,183,-1.70578030670607,1.61287124730079,1.13819820631665,0,0,448,6.10479323241498,"2,000 m","183 days",0.0253546152796064,0.00839623923280409,0.0436611985521657
22,200,30,-1.64193725579326,-1.35097619181631,-0.117968588794316,0,0,448,6.10479323241498,"200 m","30 days",0.0143126840037959,0.00863426813323583,0.0221393873648984
22,200,183,-1.64193725579326,-1.35097619181631,1.13819820631665,0,0,448,6.10479323241498,"200 m","183 days",0.0154841600784234,0.00876820120694382,0.0306663422180073
22,2000,30,-1.64193725579326,1.61287124730079,-0.117968588794316,0,0,448,6.10479323241498,"2,000 m","30 days",0.0243599925722395,0.00784457053190895,0.0413488156029156
22,2000,183,-1.64193725579326,1.61287124730079,1.13819820631665,0,0,448,6.10479323241498,"2,000 m","183 days",0.0253546152796064,0.00839623923280409,0.0436611985521657
24,200,30,-1.57809420488046,-1.35097619181631,-0.117968588794316,0,0,448,6.10479323241498,"200 m","30 days",0.0143126840037959,0.00863426813323583,0.0221393873648984
24,200,183,-1.57809420488046,-1.35097619181631,1.13819820631665,0,0,448,6.10479323241498,"200 m","183 days",0.0154841600784234,0.00876820120694382,0.0306663422180073
24,2000,30,-1.57809420488046,1.61287124730079,-0.117968588794316,0,0,448,6.10479323241498,"2,000 m","30 days",0.0243599925722395,0.00784457053190895,0.0413488156029156
24,2000,183,-1.57809420488046,1.61287124730079,1.13819820631665,0,0,448,6.10479323241498,"2,000 m","183 days",0.0253546152796064,0.00839623923280409,0.0436611985521657
26,200,30,-1.51425115396765,-1.35097619181631,-0.117968588794316,0,0,448,6.10479323241498,"200 m","30 days",0.016241907541241,0.00948167461901903,0.0266302493001733
26,200,183,-1.51425115396765,-1.35097619181631,1.13819820631665,0,0,448,6.10479323241498,"200 m","183 days",0.0170340027127947,0.0103754238358566,0.0408517800271511
26,2000,30,-1.51425115396765,1.61287124730079,-0.117968588794316,0,0,448,6.10479323241498,"2,000 m","30 days",0.0259674883314541,0.00916296004184655,0.0428689588393484
26,2000,183,-1.51425115396765,1.61287124730079,1.13819820631665,0,0,448,6.10479323241498,"2,000 m","183 days",0.0297252227153097,0.0108880276392613,0.0449799072529588
28,200,30,-1.45040810305484,-1.35097619181631,-0.117968588794316,0,0,448,6.10479323241498,"200 m","30 days",0.016241907541241,0.00948167461901903,0.0266302493001733
28,200,183,-1.45040810305484,-1.35097619181631,1.13819820631665,0,0,448,6.10479323241498,"200 m","183 days",0.0170340027127947,0.010438360273838,0.0408517800271511
28,2000,30,-1.45040810305484,1.61287124730079,-0.117968588794316,0,0,448,6.10479323241498,"2,000 m","30 days",0.0259674883314541,0.00916296004184655,0.0428689588393484
28,2000,183,-1.45040810305484,1.61287124730079,1.13819820631665,0,0,448,6.10479323241498,"2,000 m","183 days",0.0297252227153097,0.0108880276392613,0.0449799072529588
30,200,30,-1.38656505214204,-1.35097619181631,-0.117968588794316,0,0,448,6.10479323241498,"200 m","30 days",0.0164906914745058,0.0100825724058918,0.0266302493001733
30,200,183,-1.38656505214204,-1.35097619181631,1.13819820631665,0,0,448,6.10479323241498,"200 m","183 days",0.0173997735338552,0.010438360273838,0.0408517800271511
30,2000,30,-1.38656505214204,1.61287124730079,-0.117968588794316,0,0,448,6.10479323241498,"2,000 m","30 days",0.0268925162298339,0.0096873637554901,0.0428689588393484
30,2000,183,-1.38656505214204,1.61287124730079,1.13819820631665,0,0,448,6.10479323241498,"2,000 m","183 days",0.0298456900886127,0.0108880276392613,0.0449799072529588
32,200,30,-1.32272200122923,-1.35097619181631,-0.117968588794316,0,0,448,6.10479323241498,"200 m","30 days",0.0175372005573341,0.0100825724058918,0.0312839413860014
32,200,183,-1.32272200122923,-1.35097619181631,1.13819820631665,0,0,448,6.10479323241498,"200 m","183 days",0.0186437687703541,0.0109168150861348,0.0538160499717508
32,2000,30,-1.32272200122923,1.61287124730079,-0.117968588794316,0,0,448,6.10479323241498,"2,000 m","30 days",0.029623059289796,0.0099855475127697,0.0444788461284978
32,2000,183,-1.32272200122923,1.61287124730079,1.13819820631665,0,0,448,6.10479323241498,"2,000 m","183 days",0.0324831115347999,0.0110397276335529,0.049684533902577
34,200,30,-1.25887895031642,-1.35097619181631,-0.117968588794316,0,0,448,6.10479323241498,"200 m","30 days",0.0175372005573341,0.0100825724058918,0.0312839413860014
34,200,183,-1.25887895031642,-1.35097619181631,1.13819820631665,0,0,448,6.10479323241498,"200 m","183 days",0.0186437687703541,0.0109168150861348,0.0538160499717508
34,2000,30,-1.25887895031642,1.61287124730079,-0.117968588794316,0,0,448,6.10479323241498,"2,000 m","30 days",0.029623059289796,0.0099855475127697,0.0444788461284978
34,2000,183,-1.25887895031642,1.61287124730079,1.13819820631665,0,0,448,6.10479323241498,"2,000 m","183 days",0.0324831115347999,0.0110397276335529,0.049684533902577
36,200,30,-1.19503589940362,-1.35097619181631,-0.117968588794316,0,0,448,6.10479323241498,"200 m","30 days",0.0175372005573341,0.0100825724058918,0.0312839413860014
36,200,183,-1.19503589940362,-1.35097619181631,1.13819820631665,0,0,448,6.10479323241498,"200 m","183 days",0.0186437687703541,0.0109168150861348,0.0538160499717508
36,2000,30,-1.19503589940362,1.61287124730079,-0.117968588794316,0,0,448,6.10479323241498,"2,000 m","30 days",0.029623059289796,0.0099855475127697,0.0444788461284978
36,2000,183,-1.19503589940362,1.61287124730079,1.13819820631665,0,0,448,6.10479323241498,"2,000 m","183 days",0.0324831115347999,0.0110397276335529,0.049684533902577
38,200,30,-1.13119284849081,-1.35097619181631,-0.117968588794316,0,0,448,6.10479323241498,"200 m","30 days",0.0175372005573341,0.0107172485440969,0.0312839413860014
38,200,183,-1.13119284849081,-1.35097619181631,1.13819820631665,0,0,448,6.10479323241498,"200 m","183 days",0.0189282659973417,0.0110896646444287,0.0538160499717508
38,2000,30,-1.13119284849081,1.61287124730079,-0.117968588794316,0,0,448,6.10479323241498,"2,000 m","30 days",0.029623059289796,0.0117908055761031,0.0444788461284978
38,2000,183,-1.13119284849081,1.61287124730079,1.13819820631665,0,0,448,6.10479323241498,"2,000 m","183 days",0.0324831115347999,0.0115118055471352,0.049684533902577
40,200,30,-1.067349797578,-1.35097619181631,-0.117968588794316,0,0,448,6.10479323241498,"200 m","30 days",0.0175372005573341,0.0108333316232477,0.0312839413860014
40,200,183,-1.067349797578,-1.35097619181631,1.13819820631665,0,0,448,6.10479323241498,"200 m","183 days",0.0189282659973417,0.0110896646444287,0.0538160499717508
40,2000,30,-1.067349797578,1.61287124730079,-0.117968588794316,0,0,448,6.10479323241498,"2,000 m","30 days",0.029623059289796,0.012170704746885,0.0444788461284978
40,2000,183,-1.067349797578,1.61287124730079,1.13819820631665,0,0,448,6.10479323241498,"2,000 m","183 days",0.0324831115347999,0.0115118055471352,0.049684533902577
42,200,30,-1.0035067466652,-1.35097619181631,-0.117968588794316,0,0,448,6.10479323241498,"200 m","30 days",0.0175372005573341,0.0108333316232477,0.0312839413860014
42,200,183,-1.0035067466652,-1.35097619181631,1.13819820631665,0,0,448,6.10479323241498,"200 m","183 days",0.0189282659973417,0.0110896646444287,0.0538160499717508
42,2000,30,-1.0035067466652,1.61287124730079,-0.117968588794316,0,0,448,6.10479323241498,"2,000 m","30 days",0.029623059289796,0.0131914054974914,0.0444788461284978
42,2000,183,-1.0035067466652,1.61287124730079,1.13819820631665,0,0,448,6.10479323241498,"2,000 m","183 days",0.0324831115347999,0.0121930437428611,0.049684533902577
44,200,30,-0.93966369575239,-1.35097619181631,-0.117968588794316,0,0,448,6.10479323241498,"200 m","30 days",0.0175372005573341,0.0108333316232477,0.0312839413860014
44,200,183,-0.93966369575239,-1.35097619181631,1.13819820631665,0,0,448,6.10479323241498,"200 m","183 days",0.0189282659973417,0.0110896646444287,0.0538160499717508
44,2000,30,-0.93966369575239,1.61287124730079,-0.117968588794316,0,0,448,6.10479323241498,"2,000 m","30 days",0.029623059289796,0.0131914054974914,0.0444788461284978
44,2000,183,-0.93966369575239,1.61287124730079,1.13819820631665,0,0,448,6.10479323241498,"2,000 m","183 days",0.0324831115347999,0.0121930437428611,0.049684533902577
46,200,30,-0.875820644839584,-1.35097619181631,-0.117968588794316,0,0,448,6.10479323241498,"200 m","30 days",0.018341988325119,0.011790977205549,0.0343837603926658
46,200,183,-0.875820644839584,-1.35097619181631,1.13819820631665,0,0,448,6.10479323241498,"200 m","183 days",0.0201620608568192,0.0112721004656383,0.0548949824912207
46,2000,30,-0.875820644839584,1.61287124730079,-0.117968588794316,0,0,448,6.10479323241498,"2,000 m","30 days",0.0307159061942782,0.0131914054974914,0.0590821194861616
46,2000,183,-0.875820644839584,1.61287124730079,1.13819820631665,0,0,448,6.10479323241498,"2,000 m","183 days",0.034073993563652,0.0121930437428611,0.0626863754221371
48,200,30,-0.811977593926777,-1.35097619181631,-0.117968588794316,0,0,448,6.10479323241498,"200 m","30 days",0.018341988325119,0.011790977205549,0.0343837603926658
48,200,183,-0.811977593926777,-1.35097619181631,1.13819820631665,0,0,448,6.10479323241498,"200 m","183 days",0.0201620608568192,0.0112721004656383,0.0548949824912207
48,2000,30,-0.811977593926777,1.61287124730079,-0.117968588794316,0,0,448,6.10479323241498,"2,000 m","30 days",0.0307159061942782,0.0131914054974914,0.0590821194861616
48,2000,183,-0.811977593926777,1.61287124730079,1.13819820631665,0,0,448,6.10479323241498,"2,000 m","183 days",0.034073993563652,0.0121930437428611,0.0626863754221371
50,200,30,-0.748134543013971,-1.35097619181631,-0.117968588794316,0,0,448,6.10479323241498,"200 m","30 days",0.0275881098849433,0.0191562159253018,0.0359985677259309
50,200,183,-0.748134543013971,-1.35097619181631,1.13819820631665,0,0,448,6.10479323241498,"200 m","183 days",0.0298683536904199,0.0196887125926358,0.059774164216859
50,2000,30,-0.748134543013971,1.61287124730079,-0.117968588794316,0,0,448,6.10479323241498,"2,000 m","30 days",0.047055972473962,0.0188037191650697,0.0728834358709199
50,2000,183,-0.748134543013971,1.61287124730079,1.13819820631665,0,0,448,6.10479323241498,"2,000 m","183 days",0.0514827775103705,0.0177949525149805,0.0756241547209875
52,200,30,-0.684291492101164,-1.35097619181631,-0.117968588794316,0,0,448,6.10479323241498,"200 m","30 days",0.0276439690164157,0.0191562159253018,0.0359985677259309
52,200,183,-0.684291492101164,-1.35097619181631,1.13819820631665,0,0,448,6.10479323241498,"200 m","183 days",0.0298683536904199,0.0196887125926358,0.059774164216859
52,2000,30,-0.684291492101164,1.61287124730079,-0.117968588794316,0,0,448,6.10479323241498,"2,000 m","30 days",0.047153326017516,0.0190053718430655,0.0728834358709199
52,2000,183,-0.684291492101164,1.61287124730079,1.13819820631665,0,0,448,6.10479323241498,"2,000 m","183 days",0.0516116193362645,0.0178705343710525,0.0756241547209875
54,200,30,-0.620448441188357,-1.35097619181631,-0.117968588794316,0,0,448,6.10479323241498,"200 m","30 days",0.0276439690164157,0.0191562159253018,0.0359985677259309
54,200,183,-0.620448441188357,-1.35097619181631,1.13819820631665,0,0,448,6.10479323241498,"200 m","183 days",0.0298683536904199,0.0196887125926358,0.059774164216859
54,2000,30,-0.620448441188357,1.61287124730079,-0.117968588794316,0,0,448,6.10479323241498,"2,000 m","30 days",0.047153326017516,0.0190053718430655,0.0728834358709199
54,2000,183,-0.620448441188357,1.61287124730079,1.13819820631665,0,0,448,6.10479323241498,"2,000 m","183 days",0.0516116193362645,0.0178705343710525,0.0756241547209875
56,200,30,-0.556605390275551,-1.35097619181631,-0.117968588794316,0,0,448,6.10479323241498,"200 m","30 days",0.0297615208796092,0.0208353936140026,0.0364052455340113
56,200,183,-0.556605390275551,-1.35097619181631,1.13819820631665,0,0,448,6.10479323241498,"200 m","183 days",0.0320794699447496,0.0202407901840551,0.059774164216859
56,2000,30,-0.556605390275551,1.61287124730079,-0.117968588794316,0,0,448,6.10479323241498,"2,000 m","30 days",0.0523399795804705,0.0197485173387187,0.0796947547367641
56,2000,183,-0.556605390275551,1.61287124730079,1.13819820631665,0,0,448,6.10479323241498,"2,000 m","183 days",0.0560966942991529,0.0185594740722861,0.0810927493231637
58,200,30,-0.492762339362744,-1.35097619181631,-0.117968588794316,0,0,448,6.10479323241498,"200 m","30 days",0.0297615208796092,0.0208353936140026,0.0364052455340113
58,200,183,-0.492762339362744,-1.35097619181631,1.13819820631665,0,0,448,6.10479323241498,"200 m","183 days",0.0320794699447496,0.0202407901840551,0.059774164216859
58,2000,30,-0.492762339362744,1.61287124730079,-0.117968588794316,0,0,448,6.10479323241498,"2,000 m","30 days",0.0523399795804705,0.0197485173387187,0.0796947547367641
58,2000,183,-0.492762339362744,1.61287124730079,1.13819820631665,0,0,448,6.10479323241498,"2,000 m","183 days",0.0560966942991529,0.0185594740722861,0.0810927493231637
60,200,30,-0.428919288449938,-1.35097619181631,-0.117968588794316,0,0,448,6.10479323241498,"200 m","30 days",0.0299868317587035,0.0212414329073259,0.0364249351833548
60,200,183,-0.428919288449938,-1.35097619181631,1.13819820631665,0,0,448,6.10479323241498,"200 m","183 days",0.0320794699447496,0.0210326117596456,0.0622883837137903
60,2000,30,-0.428919288449938,1.61287124730079,-0.117968588794316,0,0,448,6.10479323241498,"2,000 m","30 days",0.0523399795804705,0.0201252898467439,0.0796947547367641
60,2000,183,-0.428919288449938,1.61287124730079,1.13819820631665,0,0,448,6.10479323241498,"2,000 m","183 days",0.0562252870627812,0.018645908257791,0.0810927493231637
62,200,30,-0.365076237537131,-1.35097619181631,-0.117968588794316,0,0,448,6.10479323241498,"200 m","30 days",0.0302284178989274,0.0212414329073259,0.0364249351833548
62,200,183,-0.365076237537131,-1.35097619181631,1.13819820631665,0,0,448,6.10479323241498,"200 m","183 days",0.0320794699447496,0.0210326117596456,0.0622883837137903
62,2000,30,-0.365076237537131,1.61287124730079,-0.117968588794316,0,0,448,6.10479323241498,"2,000 m","30 days",0.0523399795804705,0.0201715702457087,0.0796947547367641
62,2000,183,-0.365076237537131,1.61287124730079,1.13819820631665,0,0,448,6.10479323241498,"2,000 m","183 days",0.056320424590792,0.01897512764803,0.081146675986903
64,200,30,-0.301233186624325,-1.35097619181631,-0.117968588794316,0,0,448,6.10479323241498,"200 m","30 days",0.0302715248295239,0.0212414329073259,0.0364249351833548
64,200,183,-0.301233186624325,-1.35097619181631,1.13819820631665,0,0,448,6.10479323241498,"200 m","183 days",0.0323068818875722,0.0210326117596456,0.0622883837137903
64,2000,30,-0.301233186624325,1.61287124730079,-0.117968588794316,0,0,448,6.10479323241498,"2,000 m","30 days",0.0523399795804705,0.0201715702457087,0.0796947547367641
64,2000,183,-0.301233186624325,1.61287124730079,1.13819820631665,0,0,448,6.10479323241498,"2,000 m","183 days",0.056320424590792,0.01897512764803,0.081146675986903
66,200,30,-0.237390135711518,-1.35097619181631,-0.117968588794316,0,0,448,6.10479323241498,"200 m","30 days",0.0302715248295239,0.0212414329073259,0.0364249351833548
66,200,183,-0.237390135711518,-1.35097619181631,1.13819820631665,0,0,448,6.10479323241498,"200 m","183 days",0.0323068818875722,0.0210326117596456,0.0622883837137903
66,2000,30,-0.237390135711518,1.61287124730079,-0.117968588794316,0,0,448,6.10479323241498,"2,000 m","30 days",0.0523399795804705,0.0201715702457087,0.0796947547367641
66,2000,183,-0.237390135711518,1.61287124730079,1.13819820631665,0,0,448,6.10479323241498,"2,000 m","183 days",0.056320424590792,0.01897512764803,0.081146675986903
68,200,30,-0.173547084798711,-1.35097619181631,-0.117968588794316,0,0,448,6.10479323241498,"200 m","30 days",0.0302715248295239,0.0212414329073259,0.0364249351833548
68,200,183,-0.173547084798711,-1.35097619181631,1.13819820631665,0,0,448,6.10479323241498,"200 m","183 days",0.0323068818875722,0.0210326117596456,0.0622883837137903
68,2000,30,-0.173547084798711,1.61287124730079,-0.117968588794316,0,0,448,6.10479323241498,"2,000 m","30 days",0.0523399795804705,0.0201715702457087,0.0796947547367641
68,2000,183,-0.173547084798711,1.61287124730079,1.13819820631665,0,0,448,6.10479323241498,"2,000 m","183 days",0.056320424590792,0.01897512764803,0.081146675986903
70,200,30,-0.109704033885905,-1.35097619181631,-0.117968588794316,0,0,448,6.10479323241498,"200 m","30 days",0.0302715248295239,0.0212414329073259,0.0364249351833548
70,200,183,-0.109704033885905,-1.35097619181631,1.13819820631665,0,0,448,6.10479323241498,"200 m","183 days",0.0323068818875722,0.0210326117596456,0.0622883837137903
70,2000,30,-0.109704033885905,1.61287124730079,-0.117968588794316,0,0,448,6.10479323241498,"2,000 m","30 days",0.0523399795804705,0.0201715702457087,0.0796947547367641
70,2000,183,-0.109704033885905,1.61287124730079,1.13819820631665,0,0,448,6.10479323241498,"2,000 m","183 days",0.056320424590792,0.01897512764803,0.081146675986903
72,200,30,-0.0458609829730985,-1.35097619181631,-0.117968588794316,0,0,448,6.10479323241498,"200 m","30 days",0.0303643462913377,0.0212414329073259,0.0364249351833548
72,200,183,-0.0458609829730985,-1.35097619181631,1.13819820631665,0,0,448,6.10479323241498,"200 m","183 days",0.0323068818875722,0.0210326117596456,0.0622883837137903
72,2000,30,-0.0458609829730985,1.61287124730079,-0.117968588794316,0,0,448,6.10479323241498,"2,000 m","30 days",0.0523536503314972,0.0201715702457087,0.0806962362357548
72,2000,183,-0.0458609829730985,1.61287124730079,1.13819820631665,0,0,448,6.10479323241498,"2,000 m","183 days",0.056320424590792,0.01897512764803,0.081146675986903
74,200,30,0.0179820679397081,-1.35097619181631,-0.117968588794316,0,0,448,6.10479323241498,"200 m","30 days",0.0303643462913377,0.0212414329073259,0.0364249351833548
74,200,183,0.0179820679397081,-1.35097619181631,1.13819820631665,0,0,448,6.10479323241498,"200 m","183 days",0.0323068818875722,0.0210326117596456,0.0622883837137903
74,2000,30,0.0179820679397081,1.61287124730079,-0.117968588794316,0,0,448,6.10479323241498,"2,000 m","30 days",0.0523536503314972,0.0201715702457087,0.0806962362357548
74,2000,183,0.0179820679397081,1.61287124730079,1.13819820631665,0,0,448,6.10479323241498,"2,000 m","183 days",0.056320424590792,0.01897512764803,0.081146675986903
76,200,30,0.0818251188525147,-1.35097619181631,-0.117968588794316,0,0,448,6.10479323241498,"200 m","30 days",0.0306939248527799,0.021393701380917,0.039608130391155
76,200,183,0.0818251188525147,-1.35097619181631,1.13819820631665,0,0,448,6.10479323241498,"200 m","183 days",0.0328536895768983,0.0210326117596456,0.072532707452774
76,2000,30,0.0818251188525147,1.61287124730079,-0.117968588794316,0,0,448,6.10479323241498,"2,000 m","30 days",0.0537507576601846,0.0201715702457087,0.0817735799721309
76,2000,183,0.0818251188525147,1.61287124730079,1.13819820631665,0,0,448,6.10479323241498,"2,000 m","183 days",0.0579392654555185,0.019104220185961,0.0903154786143984
78,200,30,0.145668169765321,-1.35097619181631,-0.117968588794316,0,0,448,6.10479323241498,"200 m","30 days",0.0306939248527799,0.021447292342782,0.0396768016474588
78,200,183,0.145668169765321,-1.35097619181631,1.13819820631665,0,0,448,6.10479323241498,"200 m","183 days",0.0332532876304218,0.0210326117596456,0.0728173747658729
78,2000,30,0.145668169765321,1.61287124730079,-0.117968588794316,0,0,448,6.10479323241498,"2,000 m","30 days",0.0537507576601846,0.0201715702457087,0.0825712770223617
78,2000,183,0.145668169765321,1.61287124730079,1.13819820631665,0,0,448,6.10479323241498,"2,000 m","183 days",0.0580681562423706,0.019104220185961,0.0905724927783012
80,200,30,0.209511220678128,-1.35097619181631,-0.117968588794316,0,0,448,6.10479323241498,"200 m","30 days",0.0306939248527799,0.021447292342782,0.0396768016474588
80,200,183,0.209511220678128,-1.35097619181631,1.13819820631665,0,0,448,6.10479323241498,"200 m","183 days",0.0332532876304218,0.0210326117596456,0.0731212415865489
80,2000,30,0.209511220678128,1.61287124730079,-0.117968588794316,0,0,448,6.10479323241498,"2,000 m","30 days",0.0537507576601846,0.0201715702457087,0.0827301408563342
80,2000,183,0.209511220678128,1.61287124730079,1.13819820631665,0,0,448,6.10479323241498,"2,000 m","183 days",0.0580681562423706,0.019104220185961,0.0905724927783012
82,200,30,0.273354271590934,-1.35097619181631,-0.117968588794316,0,0,448,6.10479323241498,"200 m","30 days",0.0308283024600574,0.021447292342782,0.0404135449656418
82,200,183,0.273354271590934,-1.35097619181631,1.13819820631665,0,0,448,6.10479323241498,"200 m","183 days",0.0332532876304218,0.0210326117596456,0.0731212415865489
82,2000,30,0.273354271590934,1.61287124730079,-0.117968588794316,0,0,448,6.10479323241498,"2,000 m","30 days",0.0537507576601846,0.0201715702457087,0.0829923491392817
82,2000,183,0.273354271590934,1.61287124730079,1.13819820631665,0,0,448,6.10479323241498,"2,000 m","183 days",0.0581684921469007,0.019104220185961,0.0905724927783012
84,200,30,0.337197322503741,-1.35097619181631,-0.117968588794316,0,0,448,6.10479323241498,"200 m","30 days",0.0308283024600574,0.021447292342782,0.0404135449656418
84,200,183,0.337197322503741,-1.35097619181631,1.13819820631665,0,0,448,6.10479323241498,"200 m","183 days",0.0332532876304218,0.0210326117596456,0.0731212415865489
84,2000,30,0.337197322503741,1.61287124730079,-0.117968588794316,0,0,448,6.10479323241498,"2,000 m","30 days",0.0537507576601846,0.0201715702457087,0.0829923491392817
84,2000,183,0.337197322503741,1.61287124730079,1.13819820631665,0,0,448,6.10479323241498,"2,000 m","183 days",0.0581684921469007,0.019104220185961,0.0905724927783012
86,200,30,0.401040373416547,-1.35097619181631,-0.117968588794316,0,0,448,6.10479323241498,"200 m","30 days",0.0308283024600574,0.021447292342782,0.0404135449656418
86,200,183,0.401040373416547,-1.35097619181631,1.13819820631665,0,0,448,6.10479323241498,"200 m","183 days",0.0332532876304218,0.0210326117596456,0.0731212415865489
86,2000,30,0.401040373416547,1.61287124730079,-0.117968588794316,0,0,448,6.10479323241498,"2,000 m","30 days",0.0537507576601846,0.0201715702457087,0.0829923491392817
86,2000,183,0.401040373416547,1.61287124730079,1.13819820631665,0,0,448,6.10479323241498,"2,000 m","183 days",0.0581684921469007,0.019104220185961,0.0905724927783012
88,200,30,0.464883424329354,-1.35097619181631,-0.117968588794316,0,0,448,6.10479323241498,"200 m","30 days",0.035136909357139,0.0224823721817562,0.0475704434726919
88,200,183,0.464883424329354,-1.35097619181631,1.13819820631665,0,0,448,6.10479323241498,"200 m","183 days",0.0367301532200405,0.0210326117596456,0.0829885770167623
88,2000,30,0.464883424329354,1.61287124730079,-0.117968588794316,0,0,448,6.10479323241498,"2,000 m","30 days",0.0568461737462452,0.0201715702457087,0.088162864957537
88,2000,183,0.464883424329354,1.61287124730079,1.13819820631665,0,0,448,6.10479323241498,"2,000 m","183 days",0.0632218718528748,0.019104220185961,0.103656730268683
90,200,30,0.528726475242161,-1.35097619181631,-0.117968588794316,0,0,448,6.10479323241498,"200 m","30 days",0.035136909357139,0.0224823721817562,0.0475704434726919
90,200,183,0.528726475242161,-1.35097619181631,1.13819820631665,0,0,448,6.10479323241498,"200 m","183 days",0.0367301532200405,0.0210326117596456,0.0829885770167623
90,2000,30,0.528726475242161,1.61287124730079,-0.117968588794316,0,0,448,6.10479323241498,"2,000 m","30 days",0.0568461737462452,0.0201715702457087,0.088162864957537
90,2000,183,0.528726475242161,1.61287124730079,1.13819820631665,0,0,448,6.10479323241498,"2,000 m","183 days",0.0632218718528748,0.0191703655890056,0.103656730268683
92,200,30,0.592569526154967,-1.35097619181631,-0.117968588794316,0,0,448,6.10479323241498,"200 m","30 days",0.035136909357139,0.0224823721817562,0.0544102426086153
92,200,183,0.592569526154967,-1.35097619181631,1.13819820631665,0,0,448,6.10479323241498,"200 m","183 days",0.0371904139007841,0.0210326117596456,0.0949732295104435
92,2000,30,0.592569526154967,1.61287124730079,-0.117968588794316,0,0,448,6.10479323241498,"2,000 m","30 days",0.0568461737462452,0.0201715702457087,0.0882491605622428
92,2000,183,0.592569526154967,1.61287124730079,1.13819820631665,0,0,448,6.10479323241498,"2,000 m","183 days",0.0648165898663657,0.0191703655890056,0.105893857777119
94,200,30,0.656412577067774,-1.35097619181631,-0.117968588794316,0,0,448,6.10479323241498,"200 m","30 days",0.0468524588005883,0.0260393547160285,0.060053950548172
94,200,183,0.656412577067774,-1.35097619181631,1.13819820631665,0,0,448,6.10479323241498,"200 m","183 days",0.0496869385242462,0.0274789318442345,0.10643964516265
94,2000,30,0.656412577067774,1.61287124730079,-0.117968588794316,0,0,448,6.10479323241498,"2,000 m","30 days",0.0734116520200457,0.0243842733757836,0.133476988332612
94,2000,183,0.656412577067774,1.61287124730079,1.13819820631665,0,0,448,6.10479323241498,"2,000 m","183 days",0.0812923184462956,0.0272960465933595,0.141137589727129
96,200,30,0.72025562798058,-1.35097619181631,-0.117968588794316,0,0,448,6.10479323241498,"200 m","30 days",0.050985615168299,0.0294944721673216,0.0619672265435968
96,200,183,0.72025562798058,-1.35097619181631,1.13819820631665,0,0,448,6.10479323241498,"200 m","183 days",0.05185395692076,0.0279945709343467,0.10966778333698
96,2000,30,0.72025562798058,1.61287124730079,-0.117968588794316,0,0,448,6.10479323241498,"2,000 m","30 days",0.0772473684379033,0.025372537864106,0.136833028282438
96,2000,183,0.72025562798058,1.61287124730079,1.13819820631665,0,0,448,6.10479323241498,"2,000 m","183 days",0.0864390007087163,0.0299035471997091,0.155145931243896
98,200,30,0.784098678893387,-1.35097619181631,-0.117968588794316,0,0,448,6.10479323241498,"200 m","30 days",0.054927082998412,0.0431135461798736,0.0648645701152938
98,200,183,0.784098678893387,-1.35097619181631,1.13819820631665,0,0,448,6.10479323241498,"200 m","183 days",0.0568018598215921,0.0402324203933988,0.115319218805858
98,2000,30,0.784098678893387,1.61287124730079,-0.117968588794316,0,0,448,6.10479323241498,"2,000 m","30 days",0.0902661979198456,0.0388781436852046,0.155651052509035
98,2000,183,0.784098678893387,1.61287124730079,1.13819820631665,0,0,448,6.10479323241498,"2,000 m","183 days",0.0984926692077092,0.0364056887371199,0.157509159190314
100,200,30,0.847941729806193,-1.35097619181631,-0.117968588794316,0,0,448,6.10479323241498,"200 m","30 days",0.054927082998412,0.0431135461798736,0.0648645701152938
100,200,183,0.847941729806193,-1.35097619181631,1.13819820631665,0,0,448,6.10479323241498,"200 m","183 days",0.0568018598215921,0.0402324203933988,0.115319218805858
100,2000,30,0.847941729806193,1.61287124730079,-0.117968588794316,0,0,448,6.10479323241498,"2,000 m","30 days",0.0902661979198456,0.0388781436852046,0.155651052509035
100,2000,183,0.847941729806193,1.61287124730079,1.13819820631665,0,0,448,6.10479323241498,"2,000 m","183 days",0.0984926692077092,0.0364056887371199,0.157509159190314
