"parameter","Estimate","Est.Error","Q2.5","Q97.5"
"b_Intercept",-4.03808866264454,0.215432507014792,-4.48208675710538,-3.63557253291125
"b_edna_prop_z",0.440994618808821,0.077848821932309,0.289208782027932,0.593631837047814
"b_distance_z",-0.0410928772259128,0.0570397802592791,-0.153660393201938,0.0699300569892007
"b_lag_z",-0.133016829247895,0.0639704765746831,-0.258368317325308,-0.00389763382533512
"sd_edna_campaign_id__Intercept",0.673228192430405,0.126105381160418,0.460468647494121,0.958231145287391
"sd_Reef__Intercept",0.945980416786394,0.264958531813114,0.39613872971038,1.46726522657744
"sd_site_id__Intercept",0.524233385946811,0.0856482960552712,0.355672987224336,0.690564172395173
"shape",2.24397985483345,0.342968222671282,1.67574419898431,3.00565390308759
"Intercept",-4.03808866264454,0.215432507014792,-4.48208675710538,-3.63557253291125
"r_edna_campaign_id[(Big).Broadhurst.Reef.(No.1).(18-100a)__campaign_1,Intercept]",-0.376685271310038,0.580147091595259,-1.54813006583301,0.72265693157222
"r_edna_campaign_id[Banfield.Reef.(North).(18-105a)__campaign_1,Intercept]",0.351481107817501,0.47458422378967,-0.526223538688532,1.34960338034788
"r_edna_campaign_id[Banfield.Reef.(North).(18-105a)__campaign_2,Intercept]",0.342680496760387,0.48287563688625,-0.556434051961568,1.34254582256316
"r_edna_campaign_id[Banfield.Reef.(North).(18-105a)__campaign_3,Intercept]",0.100756653130748,0.453596240474685,-0.779789183402549,1.0390330200333
"r_edna_campaign_id[Batt.Reef.(16-029)__campaign_1,Intercept]",0.725515446124499,0.419787050620517,-0.0567671523184839,1.58408398223231
"r_edna_campaign_id[Batt.Reef.(16-029)__campaign_2,Intercept]",-0.449806994748563,0.463777207145104,-1.35276869119156,0.472857694809303
"r_edna_campaign_id[Batt.Reef.(16-029)__campaign_3,Intercept]",-0.180097080643826,0.418471144433993,-0.986186586603766,0.658025037259994
"r_edna_campaign_id[Batt.Reef.(16-029)__campaign_4,Intercept]",0.211053693901994,0.397954039393812,-0.560138632670931,1.01092870940364
"r_edna_campaign_id[Bowden.Reef.(19-019)__campaign_4,Intercept]",0.146769643598288,0.438665680828995,-0.731152677943048,1.02230017862346
"r_edna_campaign_id[Bowden.Reef.(19-019)__campaign_6,Intercept]",-0.20205992533126,0.449211465217717,-1.08539256692508,0.692855352763515
"r_edna_campaign_id[Bushy-Redbill.Reef.(20-310)__campaign_1,Intercept]",0.651922371502058,0.617103148868936,-0.493032859968714,1.89826851981156
"r_edna_campaign_id[Darley.Reef.(19-043)__campaign_1,Intercept]",-0.179431656451258,0.573672914678781,-1.32915895391387,0.908243554351935
"r_edna_campaign_id[Davies.Reef.(18-096)__campaign_1,Intercept]",0.223949283724294,0.291690894101178,-0.331454778069673,0.810703763542196
"r_edna_campaign_id[Davies.Reef.(18-096)__campaign_10,Intercept]",-0.470942280839247,0.415598495583631,-1.254255037457,0.347899503786793
"r_edna_campaign_id[Davies.Reef.(18-096)__campaign_11,Intercept]",-0.486755095808859,0.308350545687287,-1.07883204743578,0.1144470158909
"r_edna_campaign_id[Davies.Reef.(18-096)__campaign_2,Intercept]",0.814238518195905,0.423372568388154,0.0160458740081112,1.66708835004273
"r_edna_campaign_id[Davies.Reef.(18-096)__campaign_3,Intercept]",0.953897168603856,0.319829534646186,0.356957486023532,1.60958457841002
"r_edna_campaign_id[Davies.Reef.(18-096)__campaign_4,Intercept]",0.67114871405373,0.266940130913132,0.158102506277571,1.1949168546664
"r_edna_campaign_id[Davies.Reef.(18-096)__campaign_5,Intercept]",-0.512823211360065,0.282235158100726,-1.06204585288392,0.0497923206730983
"r_edna_campaign_id[Davies.Reef.(18-096)__campaign_6,Intercept]",0.589561544326541,0.307733240099911,0.00283124773286027,1.21083960765816
"r_edna_campaign_id[Davies.Reef.(18-096)__campaign_7,Intercept]",-0.242854737791204,0.311393079071063,-0.839157128638625,0.373406804027344
"r_edna_campaign_id[Davies.Reef.(18-096)__campaign_8,Intercept]",-0.518110275935589,0.279099467011161,-1.07756257157839,0.031417910696729
"r_edna_campaign_id[Davies.Reef.(18-096)__campaign_9,Intercept]",-0.779768123567919,0.276370502615053,-1.31243576833065,-0.227320107661093
"r_edna_campaign_id[Elford.Reef.(16-073)__campaign_2,Intercept]",-0.32722204442965,0.616555905456533,-1.59707548452677,0.808427748388185
"r_edna_campaign_id[Elford.Reef.(16-073)__campaign_3,Intercept]",-0.519021254593812,0.644512531358422,-1.87099871992801,0.644517210941257
"r_edna_campaign_id[Eyrie.Reef.(14-118)__campaign_1,Intercept]",0.632408530144867,0.401140478751285,-0.136300673168195,1.43385565868759
"r_edna_campaign_id[Eyrie.Reef.(14-118)__campaign_2,Intercept]",-0.584213795220074,0.384983331303739,-1.32304465954128,0.166006926384138
"r_edna_campaign_id[Eyrie.Reef.(14-118)__campaign_3,Intercept]",-0.394733857590685,0.382728711903611,-1.15402484901738,0.357806936633859
"r_edna_campaign_id[Eyrie.Reef.(14-118)__campaign_4,Intercept]",0.643837703174061,0.497493183572653,-0.29377234672861,1.66218195982414
"r_edna_campaign_id[Faith.Reef.(19-044)__campaign_1,Intercept]",0.070869325356785,0.580186110407507,-1.06622798904292,1.21583850123221
"r_edna_campaign_id[Fitzroy.Reef.(23-077)__campaign_1,Intercept]",0.0713737799462433,0.553243723403862,-1.01891773271625,1.14854058358761
"r_edna_campaign_id[Green.Island.Reef.(16-049)__campaign_1,Intercept]",0.375452499578303,0.539777370819778,-0.671000379442881,1.46255478697074
"r_edna_campaign_id[Green.Island.Reef.(16-049)__campaign_3,Intercept]",-0.70907353300435,0.526152557271767,-1.78350552812094,0.28631194219124
"r_edna_campaign_id[Green.Island.Reef.(16-049)__campaign_4,Intercept]",0.543960775596027,0.53283562306914,-0.464233095967549,1.62441556320529
"r_edna_campaign_id[John.Brewer.Reef.(18-075)__campaign_1,Intercept]",-0.442217584776733,0.667735551705347,-1.80906162861332,0.785919568520539
"r_edna_campaign_id[Judith.Wright.Reef.(18-101)__campaign_1,Intercept]",0.238712162807543,0.572680975312983,-0.874504816317092,1.35225024619516
"r_edna_campaign_id[Keeper.Reef.(18-079)__campaign_1,Intercept]",0.33801341989282,0.556150714868506,-0.743938556256644,1.42365422112498
"r_edna_campaign_id[Lady.Musgrave.Reef.(23-082a)__campaign_1,Intercept]",0.0358617251776113,0.541255818958863,-1.03289945157239,1.09567343662465
"r_edna_campaign_id[Lizard.Island.Reef.(Lagoon).(14-116d)__campaign_1,Intercept]",-0.715016695996057,0.46489570232718,-1.62058145750095,0.169487177830776
"r_edna_campaign_id[Lizard.Island.Reef.(Lagoon).(14-116d)__campaign_2,Intercept]",-0.536489901848579,0.496946794759056,-1.52792130836905,0.411926268103801
"r_edna_campaign_id[Lizard.Island.Reef.(Lagoon).(14-116d)__campaign_3,Intercept]",-0.00283762961602026,0.464639175431699,-0.913217721737161,0.900230971666551
"r_edna_campaign_id[Lizard.Island.Reef.(Lagoon).(14-116d)__campaign_4,Intercept]",0.462865057527646,0.37150364538929,-0.251789863740784,1.22043258794302
"r_edna_campaign_id[Lizard.Island.Reef.(Lagoon).(14-116d)__campaign_5,Intercept]",0.330364717537108,0.340231084431906,-0.317295616308257,1.00769154267208
"r_edna_campaign_id[Lizard.Island.Reef.(Lagoon).(14-116d)__campaign_6,Intercept]",0.181377905226264,0.375899097937692,-0.534061728070481,0.937995931581093
"r_edna_campaign_id[Lizard.Island.Reef.(Lagoon).(14-116d)__campaign_7,Intercept]",0.395422147932597,0.35784502462357,-0.286588155693876,1.09632593562383
"r_edna_campaign_id[Lizard.Island.Reef.(North.East).(14-116b)__campaign_1,Intercept]",-0.271033039166842,0.615410455188325,-1.54761921916241,0.88555794538416
"r_edna_campaign_id[Lizard.Island.Reef.(North.East).(14-116b)__campaign_2,Intercept]",-0.129076530126793,0.605379769778957,-1.34919683708764,1.04734229862252
"r_edna_campaign_id[Lizard.Island.Reef.(North.East).(14-116b)__campaign_4,Intercept]",-0.346300490078945,0.588721644898908,-1.56088235341166,0.768048248793733
"r_edna_campaign_id[Lizard.Island.Reef.(North.East).(14-116b)__campaign_5,Intercept]",0.14079541759903,0.555666099567462,-0.938539484913139,1.25098170581714
"r_edna_campaign_id[Lizard.Island.Reef.(North.East).(14-116b)__campaign_7,Intercept]",0.253644342315296,0.541986856348384,-0.797066391526527,1.35620824567894
"r_edna_campaign_id[Lizard.Island.Reef.(North.West).(14-116a)__campaign_1,Intercept]",-0.48302165355879,0.411043101531814,-1.29482992666308,0.316592939486726
"r_edna_campaign_id[Lizard.Island.Reef.(North.West).(14-116a)__campaign_2,Intercept]",-0.266352849727784,0.429925327876154,-1.13700568596963,0.58360038269919
"r_edna_campaign_id[Lizard.Island.Reef.(North.West).(14-116a)__campaign_3,Intercept]",0.305081540942784,0.421440521101579,-0.502101522910054,1.15130019388126
"r_edna_campaign_id[Lizard.Island.Reef.(North.West).(14-116a)__campaign_4,Intercept]",0.499672510029679,0.453556482231302,-0.362679802314689,1.41299958089875
"r_edna_campaign_id[Lizard.Island.Reef.(North.West).(14-116a)__campaign_5,Intercept]",-0.237200668041061,0.429097427189927,-1.09877229610028,0.604238555300773
"r_edna_campaign_id[Lizard.Island.Reef.(North.West).(14-116a)__campaign_6,Intercept]",-0.371093009639156,0.416217348699558,-1.19387954113435,0.449712189223642
"r_edna_campaign_id[Lizard.Island.Reef.(North.West).(14-116a)__campaign_7,Intercept]",0.544767478090154,0.383815875016976,-0.186174854177587,1.32639094365789
"r_edna_campaign_id[Lynchs.Reef.(18-091)__campaign_1,Intercept]",0.579570431207388,0.60719544444402,-0.581116396460298,1.8282908818947
"r_edna_campaign_id[Moore.Reef.(16-071)__campaign_1,Intercept]",0.460330131837932,0.451362075243003,-0.401668394001999,1.37014734531916
"r_edna_campaign_id[Moore.Reef.(16-071)__campaign_2,Intercept]",0.224602543836342,0.513109931701427,-0.73925453757938,1.26612955063678
"r_edna_campaign_id[Moore.Reef.(16-071)__campaign_3,Intercept]",-0.881488792370959,0.630834358718189,-2.21977635203947,0.284886365597127
"r_edna_campaign_id[North.Direction.Reef.(14-143)__campaign_1,Intercept]",-0.326422286542909,0.569064215488361,-1.46432975370714,0.77219995549143
"r_edna_campaign_id[North.Direction.Reef.(14-143)__campaign_3,Intercept]",0.239154837840368,0.53019716400167,-0.789360167069585,1.28421295796916
"r_edna_campaign_id[Prawn.Reef.(19-024)__campaign_1,Intercept]",-0.20874471071162,0.606632375395972,-1.43188526733757,0.953348803200025
"r_edna_campaign_id[Shrimp.Reef.(18-118)__campaign_1,Intercept]",-0.172711042263131,0.617364106696657,-1.44782477572512,1.02524275057402
"r_edna_campaign_id[Thetford.Reef.(16-068)__campaign_2,Intercept]",0.0356551464752912,0.51198808193536,-0.971452204474421,1.0398796389373
"r_edna_campaign_id[Thetford.Reef.(16-068)__campaign_3,Intercept]",-0.204758674998203,0.498137571668214,-1.18129582878054,0.755648401039607
"r_edna_campaign_id[Tongue.Reef.(16-026)__campaign_1,Intercept]",0.291273180376866,0.565402187628668,-0.800954238985877,1.40672315537535
"r_edna_campaign_id[U/N.Reef.(11-049)__campaign_4,Intercept]",0.0505510246289528,0.571856571097925,-1.06020637643276,1.22529294245247
"r_edna_campaign_id[U/N.Reef.(15-043)__campaign_1,Intercept]",-0.38930550393312,0.65658723241367,-1.76099250758766,0.829769263630052
"r_edna_campaign_id[U/N.Reef.(20-386)__campaign_2,Intercept]",0.177654556011229,0.540649299159238,-0.899995642197881,1.25126321486647
"r_edna_campaign_id[U/N.Reef.(21-057)__campaign_1,Intercept]",0.163504391968226,0.562471397773686,-0.916231720991246,1.27514153552444
"r_edna_campaign_id[U/N.Reef.(21-067)__campaign_1,Intercept]",0.719036556131635,0.643396231883033,-0.478193619939837,2.07565563596279
"r_edna_campaign_id[U/N.Reef.(21-069)__campaign_1,Intercept]",-0.50862876772498,0.641838948763628,-1.8552386562831,0.69236816243091
"r_edna_campaign_id[U/N.Reef.(21-250a)__campaign_1,Intercept]",-0.0407974233965035,0.553738415346626,-1.12948062311903,1.05262085308453
"r_edna_campaign_id[U/N.Reef.(21-460)__campaign_1,Intercept]",-0.912804321561188,0.719840086696675,-2.47132767621821,0.36501436496754
"r_edna_campaign_id[U/N.Reef.(21-466)__campaign_1,Intercept]",-0.785877643135154,0.666594766211037,-2.18000470314088,0.427686327255139
"r_edna_campaign_id[Vicki.Harriott.Reef.(15-070)__campaign_1,Intercept]",0.203937818465588,0.534490717506105,-0.850409420971574,1.29197707191024
"r_Reef[(Big).Broadhurst.Reef.(No.1).(18-100a),Intercept]",-0.670623901542625,0.64005869005799,-1.97676409146365,0.524059108406537
"r_Reef[Banfield.Reef.(North).(18-105a),Intercept]",1.23935522920925,0.515639808238203,0.153860838900687,2.22455822754404
"r_Reef[Batt.Reef.(16-029),Intercept]",0.538348790129747,0.449725408776274,-0.332120232333519,1.42870603245438
"r_Reef[Bowden.Reef.(19-019),Intercept]",0.000353193910118837,0.459964252424089,-0.906459485239963,0.929802934502758
"r_Reef[Bushy-Redbill.Reef.(20-310),Intercept]",1.19404659145202,0.708827899545345,-0.113489133762599,2.59885495351004
"r_Reef[Darley.Reef.(19-043),Intercept]",-0.310447581509902,0.646683388620856,-1.64596626975892,0.935491013609975
"r_Reef[Davies.Reef.(18-096),Intercept]",0.375782788575022,0.322952619440574,-0.229162494601221,1.01605922593033
"r_Reef[Elford.Reef.(16-073),Intercept]",-1.47503647186861,0.744853493359723,-2.9668948352005,-0.0509011613000438
"r_Reef[Eyrie.Reef.(14-118),Intercept]",0.483281893005059,0.408737384706211,-0.302284199999477,1.30104777719493
"r_Reef[Faith.Reef.(19-044),Intercept]",0.154974991711108,0.675602029091485,-1.14337219075115,1.51197167599329
"r_Reef[Fitzroy.Reef.(23-077),Intercept]",0.162258251362615,0.601021072291998,-0.996442673943097,1.40766545460624
"r_Reef[Green.Island.Reef.(16-049),Intercept]",0.324379767587572,0.496120106139212,-0.619435928762599,1.33548135536295
"r_Reef[John.Brewer.Reef.(18-075),Intercept]",-0.854647866679182,0.91547803961085,-2.83294418090092,0.796600062531325
"r_Reef[Judith.Wright.Reef.(18-101),Intercept]",0.454062283841785,0.627179236383534,-0.766398363076342,1.72241906985229
"r_Reef[Keeper.Reef.(18-079),Intercept]",0.639517061965762,0.600429450782986,-0.489863455349551,1.85195587615885
"r_Reef[Lady.Musgrave.Reef.(23-082a),Intercept]",0.0586365148647337,0.567948156373857,-1.04996523065464,1.20206400796366
"r_Reef[Lizard.Island.Reef.(Lagoon).(14-116d),Intercept]",0.24629750830325,0.365337521765741,-0.464764018475752,0.966519213631414
"r_Reef[Lizard.Island.Reef.(North.East).(14-116b),Intercept]",-0.588962499328901,0.540589186661308,-1.67179970555228,0.441745205859034
"r_Reef[Lizard.Island.Reef.(North.West).(14-116a),Intercept]",-0.00893878327354806,0.378850326149813,-0.747330354791412,0.749955692137961
"r_Reef[Lynchs.Reef.(18-091),Intercept]",1.05835844878717,0.685223908592777,-0.214792284719387,2.48202521297115
"r_Reef[Moore.Reef.(16-071),Intercept]",-0.218477036715342,0.47535354323393,-1.15817722234693,0.71840066318379
"r_Reef[North.Direction.Reef.(14-143),Intercept]",-0.134302846632276,0.57112325512917,-1.26220914825458,1.0014429500555
"r_Reef[Prawn.Reef.(19-024),Intercept]",-0.404210078260756,0.733442703659307,-1.89429521956134,1.02922017452373
"r_Reef[Shrimp.Reef.(18-118),Intercept]",-0.321426978698412,0.745913069058006,-1.86531146650879,1.16767523185043
"r_Reef[Thetford.Reef.(16-068),Intercept]",-0.277631333425446,0.518918228468996,-1.29988789783624,0.745595647718774
"r_Reef[Tongue.Reef.(16-026),Intercept]",0.526740065599728,0.638937531138798,-0.685421419596683,1.83042965001478
"r_Reef[U/N.Reef.(11-049),Intercept]",0.121046785262103,0.658486501155176,-1.15702361431011,1.46186650785945
"r_Reef[U/N.Reef.(15-043),Intercept]",-0.752257997565147,0.895901920089917,-2.66067626911405,0.841091820778553
"r_Reef[U/N.Reef.(20-386),Intercept]",0.343762341588419,0.571616143612851,-0.775705841895632,1.51065206209938
"r_Reef[U/N.Reef.(21-057),Intercept]",0.281754140953252,0.626329604728606,-0.925575972991404,1.55028839479714
"r_Reef[U/N.Reef.(21-067),Intercept]",1.31076165594619,0.726832600029151,-0.0598990199818038,2.7466225426001
"r_Reef[U/N.Reef.(21-069),Intercept]",-0.984182835988517,0.885613774739155,-2.90312353800353,0.525680531055268
"r_Reef[U/N.Reef.(21-250a),Intercept]",-0.0319726786257867,0.601006457150674,-1.21303221845267,1.16970481491608
"r_Reef[U/N.Reef.(21-460),Intercept]",-1.65777227047199,0.882654250221689,-3.46577238590342,-0.0323870367692919
"r_Reef[U/N.Reef.(21-466),Intercept]",-1.39913482103637,0.744125664334703,-2.87150304956492,0.00667840532254959
"r_Reef[Vicki.Harriott.Reef.(15-070),Intercept]",0.388750491438753,0.569465273761676,-0.726622765669873,1.51437366690539
"r_site_id[(Big).Broadhurst.Reef.(No.1).(18-100a)__(BI_18-100a_135,Intercept]",-0.275338733404367,0.515929617388656,-1.30872464859387,0.701729671635287
"r_site_id[(Big).Broadhurst.Reef.(No.1).(18-100a)__BBR_18-100a_102,Intercept]",0.00272746451856786,0.476071914536121,-0.934739336768089,0.950927206672951
"r_site_id[(Big).Broadhurst.Reef.(No.1).(18-100a)__BBR_18-100a_78,Intercept]",0.275069921477648,0.468114300355659,-0.6127797426251,1.2253486280997
"r_site_id[(Big).Broadhurst.Reef.(No.1).(18-100a)__BBR_18-100a_92,Intercept]",-0.11644445004397,0.479820567943403,-1.07967730145377,0.796819901879553
"r_site_id[(Big).Broadhurst.Reef.(No.1).(18-100a)__BBR_18-100a_95,Intercept]",0.0956390584550477,0.481497437778125,-0.834391462481723,1.07297961340502
"r_site_id[(Big).Broadhurst.Reef.(No.1).(18-100a)__BBR_18-100a_97,Intercept]",-0.208462923802199,0.50318438417302,-1.22894655046493,0.747203933529992
"r_site_id[Banfield.Reef.(North).(18-105a)__BAN_18-105a_1,Intercept]",-0.171465784611453,0.363475984184163,-0.89101668175561,0.550920499297318
"r_site_id[Banfield.Reef.(North).(18-105a)__BAN_18-105a_10,Intercept]",-0.0319988271264581,0.358538290383196,-0.716812238201377,0.694613760707439
"r_site_id[Banfield.Reef.(North).(18-105a)__BAN_18-105a_15,Intercept]",-0.264702859650747,0.465611956424279,-1.18830303783902,0.634888207310795
"r_site_id[Banfield.Reef.(North).(18-105a)__BAN_18-105a_2,Intercept]",0.081031946025383,0.384203142477691,-0.662271989293774,0.859733776053606
"r_site_id[Banfield.Reef.(North).(18-105a)__BAN_18-105a_3,Intercept]",0.0062257098112137,0.360694962000305,-0.678518134091557,0.74439719442426
"r_site_id[Banfield.Reef.(North).(18-105a)__BAN_18-105a_4,Intercept]",0.203046019405303,0.385892047989895,-0.528631442154206,0.983929348492519
"r_site_id[Banfield.Reef.(North).(18-105a)__BAN_18-105a_5,Intercept]",0.391588796890921,0.41977321853761,-0.400300015318772,1.25299346143472
"r_site_id[Banfield.Reef.(North).(18-105a)__BAN_18-105a_7,Intercept]",0.0649219412743356,0.428601413980677,-0.750340560551628,0.930507411492705
"r_site_id[Banfield.Reef.(North).(18-105a)__BAN_18-105a_8,Intercept]",0.168696267011421,0.374504330341082,-0.543144617705756,0.922741015851004
"r_site_id[Batt.Reef.(16-029)__BAT_16-029_80,Intercept]",-0.29743802579982,0.483364560613173,-1.26742220464242,0.652152600666597
"r_site_id[Batt.Reef.(16-029)__BAT_16-029_81,Intercept]",-0.0827357766536525,0.445148224164472,-0.955317852518353,0.789189104641967
"r_site_id[Batt.Reef.(16-029)__BAT_16-029_82,Intercept]",0.228626725717517,0.352662957483362,-0.447200050466994,0.949419486440122
"r_site_id[Batt.Reef.(16-029)__BAT_16-029_83,Intercept]",0.409118899988167,0.339718206329693,-0.241023248331208,1.1000677611042
"r_site_id[Batt.Reef.(16-029)__BAT_16-029_84,Intercept]",0.196256664246725,0.363308273220167,-0.477208051947152,0.926869791573675
"r_site_id[Batt.Reef.(16-029)__BAT_16-029_85,Intercept]",-0.0856934549710646,0.361415262524355,-0.785774549535833,0.635706643475454
"r_site_id[Batt.Reef.(16-029)__BAT_16-029_86,Intercept]",0.0284409956629048,0.437051897165274,-0.818235728407726,0.89749197303229
"r_site_id[Batt.Reef.(16-029)__BAT_16-029_91,Intercept]",-0.319496909151396,0.488498074770644,-1.31011215909141,0.621437670220706
"r_site_id[Batt.Reef.(16-029)__BAT_16-029_92,Intercept]",0.088148470669072,0.424659400806378,-0.723195477629223,0.926995734995558
"r_site_id[Bowden.Reef.(19-019)__BOW_19-019_1,Intercept]",-0.300845204294607,0.489804340116119,-1.29935277315614,0.650677135708497
"r_site_id[Bowden.Reef.(19-019)__BOW_19-019_15,Intercept]",0.197199326832456,0.429145899101308,-0.623627817423131,1.06444548693591
"r_site_id[Bowden.Reef.(19-019)__BOW_19-019_18,Intercept]",-0.188080393279056,0.465655172223639,-1.10792374618529,0.735394366331774
"r_site_id[Bowden.Reef.(19-019)__BOW_19-019_19,Intercept]",0.787181740557171,0.423177382104614,0.0122470394713083,1.67596054760981
"r_site_id[Bowden.Reef.(19-019)__BOW_19-019_20,Intercept]",0.827198409068831,0.378693790492498,0.116202553399143,1.60353444195974
"r_site_id[Bowden.Reef.(19-019)__BOW_19-019_21,Intercept]",-0.11333535823258,0.457147436988203,-1.02229645838861,0.791630703626345
"r_site_id[Bowden.Reef.(19-019)__BOW_19-019_23,Intercept]",-0.21313130676887,0.492408877668822,-1.20107409511663,0.760865906673803
"r_site_id[Bowden.Reef.(19-019)__BOW_19-019_24,Intercept]",-0.152534820808299,0.460264520800878,-1.0590373487297,0.74144393115011
"r_site_id[Bowden.Reef.(19-019)__BOW_19-019_25,Intercept]",-0.125575595649147,0.398890573316599,-0.909932914461696,0.661272483248734
"r_site_id[Bowden.Reef.(19-019)__BOW_19-019_26,Intercept]",-0.222212036778926,0.468302100320941,-1.16290108064726,0.677830722861766
"r_site_id[Bowden.Reef.(19-019)__BOW_19-019_27,Intercept]",-0.279995557185066,0.479935002311244,-1.23252329294046,0.648982999676694
"r_site_id[Bowden.Reef.(19-019)__BOW_19-019_28,Intercept]",-0.215543056938275,0.409852737532765,-1.02868872250444,0.596187583875237
"r_site_id[Bowden.Reef.(19-019)__BOW_19-019_29,Intercept]",-0.18902874802359,0.404304978890148,-0.998766461919783,0.609375484974113
"r_site_id[Bowden.Reef.(19-019)__BOW_19-019_3,Intercept]",0.294435939270783,0.409979875402451,-0.481726808229016,1.12359533089415
"r_site_id[Bowden.Reef.(19-019)__BOW_19-019_30,Intercept]",0.0255987766470108,0.447742244899269,-0.829485709212585,0.934583245690109
"r_site_id[Bowden.Reef.(19-019)__BOW_19-019_31,Intercept]",-0.26040017489195,0.409172732840287,-1.06579345105141,0.542029014646367
"r_site_id[Bowden.Reef.(19-019)__BOW_19-019_33,Intercept]",-0.474845415527688,0.529863965021341,-1.56307281592891,0.509931584358515
"r_site_id[Bowden.Reef.(19-019)__BOW_19-019_34,Intercept]",-0.244258141138065,0.470105818248737,-1.18283840255922,0.660683952257828
"r_site_id[Bowden.Reef.(19-019)__BOW_19-019_35,Intercept]",-0.223282958744796,0.460037600776672,-1.13522289001551,0.676187649678559
"r_site_id[Bowden.Reef.(19-019)__BOW_19-019_36,Intercept]",-0.270385581364359,0.478746377995722,-1.21349103703262,0.680795324701533
"r_site_id[Bowden.Reef.(19-019)__BOW_19-019_38,Intercept]",-0.424862417121202,0.525002132591512,-1.51262717581915,0.590551111863676
"r_site_id[Bowden.Reef.(19-019)__BOW_19-019_39,Intercept]",0.122196415066746,0.426289366114271,-0.679272664752693,0.98642724179125
"r_site_id[Bowden.Reef.(19-019)__BOW_19-019_41,Intercept]",-0.0761595840607488,0.450868052656897,-0.972450261686851,0.827739726344849
"r_site_id[Bowden.Reef.(19-019)__BOW_19-019_42,Intercept]",-0.282295401686103,0.414548172651703,-1.10940571543779,0.541785280417525
"r_site_id[Bowden.Reef.(19-019)__BOW_19-019_43,Intercept]",-0.23841976140135,0.414773776055141,-1.04944630027229,0.579601574083318
"r_site_id[Bowden.Reef.(19-019)__BOW_19-019_44,Intercept]",0.282451484689656,0.42317641101443,-0.516493549688433,1.15786910632911
"r_site_id[Bowden.Reef.(19-019)__BOW_19-019_45,Intercept]",0.0246274208913063,0.448573672224061,-0.854870523596849,0.912848862502287
"r_site_id[Bowden.Reef.(19-019)__BOW_19-019_46,Intercept]",0.23949525170166,0.410861809085571,-0.525107463589634,1.07630024669298
"r_site_id[Bowden.Reef.(19-019)__BOW_19-019_49,Intercept]",0.0291704083525399,0.481278185203105,-0.92241096079973,0.986878488384667
"r_site_id[Bowden.Reef.(19-019)__BOW_19-019_52,Intercept]",0.483366021030454,0.398396726783365,-0.254283433194926,1.29646822327433
"r_site_id[Bowden.Reef.(19-019)__BOW_19-019_53,Intercept]",0.393108710428102,0.401878485646882,-0.356636334359926,1.2133755825308
"r_site_id[Bowden.Reef.(19-019)__BOW_19-019_56,Intercept]",-0.242047462676666,0.506220209025262,-1.27261900890403,0.737242581991549
"r_site_id[Bowden.Reef.(19-019)__BOW_19-019_57,Intercept]",0.524403182533845,0.400832253812665,-0.212883918814242,1.34550181010454
"r_site_id[Bowden.Reef.(19-019)__BOW_19-019_60,Intercept]",-0.497137224416605,0.521667125025639,-1.57544306821416,0.485918292477543
"r_site_id[Bowden.Reef.(19-019)__BOW_19-019_61,Intercept]",-0.302018700543898,0.484789082637031,-1.2860569191252,0.607482038994232
"r_site_id[Bowden.Reef.(19-019)__BOW_19-019_62,Intercept]",-0.202429916983789,0.479820584009915,-1.14841554224402,0.761105209001535
"r_site_id[Bowden.Reef.(19-019)__BOW_19-019_64,Intercept]",-0.00232621002585332,0.434843486126054,-0.840835807095258,0.868882335494701
"r_site_id[Bowden.Reef.(19-019)__BOW_19-019_65,Intercept]",-0.0937211387143296,0.404724212129703,-0.882070092915829,0.703501082535272
"r_site_id[Bowden.Reef.(19-019)__BOW_19-019_67,Intercept]",0.0833412225499488,0.439846299865554,-0.779126950312413,0.980717380594062
"r_site_id[Bowden.Reef.(19-019)__BOW_19-019_68,Intercept]",0.393197649295122,0.409062149004174,-0.361677828947903,1.23043714628226
"r_site_id[Bowden.Reef.(19-019)__BOW_19-019_69,Intercept]",0.154945180867495,0.428498547536863,-0.653951014889251,1.0162586329812
"r_site_id[Bowden.Reef.(19-019)__BOW_19-019_71,Intercept]",-0.113035539839254,0.443118877235601,-0.982384236215095,0.76187032010152
"r_site_id[Bowden.Reef.(19-019)__BOW_19-019_73,Intercept]",0.461181641760334,0.447009347756697,-0.375588533011949,1.38506759790778
"r_site_id[Bowden.Reef.(19-019)__BOW_19-019_81,Intercept]",-0.020467384043606,0.439046982726196,-0.865642736553616,0.847960211098862
"r_site_id[Bowden.Reef.(19-019)__BOW_19-019_83,Intercept]",-0.183413052799288,0.477000496898606,-1.14296702802446,0.758900597533559
"r_site_id[Bowden.Reef.(19-019)__BOW_19-019_84,Intercept]",0.0426021728915573,0.434327888522111,-0.790537962698857,0.907698917951211
"r_site_id[Bowden.Reef.(19-019)__BOW_19-019_87,Intercept]",0.360747538115112,0.400033212026496,-0.380396779327442,1.17517181465172
"r_site_id[Bowden.Reef.(19-019)__BOW_19-019_88,Intercept]",-0.149061919057071,0.463139343205026,-1.07873170482167,0.779018034868607
"r_site_id[Bowden.Reef.(19-019)__BOW_19-019_89,Intercept]",0.331777925404103,0.416073856669407,-0.458115935283176,1.17992983608595
"r_site_id[Bowden.Reef.(19-019)__BOW_19-019_90,Intercept]",0.128957285778846,0.416942585183791,-0.674643656791693,0.975564501183869
"r_site_id[Bowden.Reef.(19-019)__BOW_19-019_92,Intercept]",-0.0957196065769429,0.461341189954408,-1.01615330457683,0.802267758081365
"r_site_id[Bowden.Reef.(19-019)__BOW_19-019_94,Intercept]",-0.00279573486884416,0.447367479489686,-0.872617989775971,0.899431826645682
"r_site_id[Bowden.Reef.(19-019)__BOW_19-019_97,Intercept]",0.21078350246611,0.402888933615299,-0.559052422352239,1.03643928294152
"r_site_id[Bushy-Redbill.Reef.(20-310)__BUS_20-310_1,Intercept]",0.148089725832248,0.433263184916476,-0.673404829672084,1.02702806587966
"r_site_id[Bushy-Redbill.Reef.(20-310)__BUS_20-310_19,Intercept]",0.141779821058034,0.432425337530538,-0.687454217587734,1.02412395821865
"r_site_id[Bushy-Redbill.Reef.(20-310)__BUS_20-310_20,Intercept]",0.0131366285962221,0.447356541595029,-0.839710940219263,0.931387681925603
"r_site_id[Bushy-Redbill.Reef.(20-310)__BUS_20-310_21,Intercept]",0.0983511602231016,0.42801735974807,-0.732687589969316,0.974173133541812
"r_site_id[Bushy-Redbill.Reef.(20-310)__BUS_20-310_22,Intercept]",-0.00514879809002466,0.441588525881927,-0.865303370081731,0.872453641689588
"r_site_id[Darley.Reef.(19-043)__DAR_19-043_58,Intercept]",-0.306585995196511,0.495520979239799,-1.3464650737083,0.634957502767431
"r_site_id[Darley.Reef.(19-043)__DAR_19-043_62,Intercept]",0.191328209339444,0.46404997378059,-0.700442058221465,1.13052798703137
"r_site_id[Darley.Reef.(19-043)__DAR_19-043_91,Intercept]",-0.391322321268117,0.508753660086901,-1.42094901012633,0.572253347483636
"r_site_id[Darley.Reef.(19-043)__DAR_19-043_98,Intercept]",0.397156488447204,0.454861485625025,-0.471745152573048,1.31669068892487
"r_site_id[Davies.Reef.(18-096)__DAV_18-096_10,Intercept]",-0.287695113935313,0.491194695286531,-1.25078706290053,0.65157342580911
"r_site_id[Davies.Reef.(18-096)__DAV_18-096_11,Intercept]",-0.302882341861416,0.427464413756335,-1.15820235063473,0.517574685493586
"r_site_id[Davies.Reef.(18-096)__DAV_18-096_12,Intercept]",-0.0293042428294731,0.361536038039443,-0.710726689654641,0.695848916941328
"r_site_id[Davies.Reef.(18-096)__DAV_18-096_13,Intercept]",0.177855829247948,0.320979374981723,-0.440439812192811,0.822833894239537
"r_site_id[Davies.Reef.(18-096)__DAV_18-096_14,Intercept]",0.501186152782676,0.290120787329896,-0.0563248066449065,1.09103296820223
"r_site_id[Davies.Reef.(18-096)__DAV_18-096_15,Intercept]",0.609868027879513,0.314588103736219,0.0102234036776213,1.2431394300917
"r_site_id[Davies.Reef.(18-096)__DAV_18-096_16,Intercept]",-0.0480081444971473,0.301868367566998,-0.626229665595963,0.547039588095298
"r_site_id[Davies.Reef.(18-096)__DAV_18-096_17,Intercept]",0.160565277710011,0.323542876718048,-0.466731465931167,0.820693106119005
"r_site_id[Davies.Reef.(18-096)__DAV_18-096_18,Intercept]",0.664675932572225,0.245204787959288,0.190235349992528,1.14567946272958
"r_site_id[Davies.Reef.(18-096)__DAV_18-096_19,Intercept]",0.54378502737853,0.237378099110968,0.0839474201846551,1.01454888811301
"r_site_id[Davies.Reef.(18-096)__DAV_18-096_20,Intercept]",-0.384558809577475,0.297711698092837,-0.958534852177819,0.19767227696079
"r_site_id[Davies.Reef.(18-096)__DAV_18-096_21,Intercept]",-0.347983416872069,0.388112276766324,-1.10981830324652,0.400223256152414
"r_site_id[Davies.Reef.(18-096)__DAV_18-096_22,Intercept]",-0.28770414957502,0.307216092772304,-0.884755880886858,0.326722063815095
"r_site_id[Davies.Reef.(18-096)__DAV_18-096_23,Intercept]",-0.547661868298441,0.360130323863372,-1.26060311993471,0.150596211248608
"r_site_id[Davies.Reef.(18-096)__DAV_18-096_24,Intercept]",-0.420944926505018,0.317995509991082,-1.04979401131643,0.209687711767399
"r_site_id[Davies.Reef.(18-096)__DAV_18-096_25,Intercept]",-0.0528572521929793,0.331183274110363,-0.678926826995231,0.615766231950985
"r_site_id[Davies.Reef.(18-096)__DAV_18-096_26,Intercept]",0.0128274573262883,0.390540767862576,-0.731919160371573,0.798399308724936
"r_site_id[Davies.Reef.(18-096)__DAV_18-096_28,Intercept]",-0.157085807415849,0.450284317891749,-1.04587778024452,0.734393552512312
"r_site_id[Davies.Reef.(18-096)__DAV_18-096_29,Intercept]",0.556568018013039,0.276579246113073,0.032291463956837,1.11994418131447
"r_site_id[Davies.Reef.(18-096)__DAV_18-096_30,Intercept]",0.0363584458871835,0.339841181465429,-0.603409826317291,0.730829600344785
"r_site_id[Davies.Reef.(18-096)__DAV_18-096_31,Intercept]",0.209693246966252,0.283262923683341,-0.329094722221798,0.771414360672799
"r_site_id[Davies.Reef.(18-096)__DAV_18-096_32,Intercept]",0.228976295343605,0.348677558619967,-0.441535378615246,0.932636378881857
"r_site_id[Davies.Reef.(18-096)__DAV_18-096_33,Intercept]",-0.519507494787111,0.383684733525409,-1.28358572803722,0.244980856306294
"r_site_id[Davies.Reef.(18-096)__DAV_18-096_34,Intercept]",0.0832610836012952,0.348828545263468,-0.58311014781014,0.77629710873573
"r_site_id[Davies.Reef.(18-096)__DAV_18-096_35,Intercept]",-0.251448935045121,0.470317626081963,-1.19788103721927,0.650116644230112
"r_site_id[Davies.Reef.(18-096)__DAV_18-096_36,Intercept]",-0.23425066472451,0.390842743138663,-0.98887770922041,0.533528507751565
"r_site_id[Davies.Reef.(18-096)__DAV_18-096_37,Intercept]",0.416552036124424,0.330460416262751,-0.199859823296521,1.08882061192704
"r_site_id[Davies.Reef.(18-096)__DAV_18-096_9,Intercept]",-0.192381630251502,0.459954450408421,-1.09631074431536,0.715438514118703
"r_site_id[Elford.Reef.(16-073)__ELF_16-073_12,Intercept]",-0.167727508312872,0.511571558083408,-1.22066532504674,0.810228287287771
"r_site_id[Elford.Reef.(16-073)__ELF_16-073_3,Intercept]",-0.148363561146595,0.499154104158695,-1.14944200144413,0.815118562920409
"r_site_id[Elford.Reef.(16-073)__ELF_16-073_4,Intercept]",-0.167374118928953,0.497978779606651,-1.18336610453843,0.788643592331897
"r_site_id[Elford.Reef.(16-073)__ELF_16-073_51,Intercept]",-0.0784947159443102,0.508632563452541,-1.10397805088306,0.912249934058327
"r_site_id[Elford.Reef.(16-073)__ELF_16-073_52,Intercept]",-0.0513663406889274,0.518721036538272,-1.08714471767888,0.976872138135714
"r_site_id[Elford.Reef.(16-073)__ELF_16-073_9,Intercept]",0.120865408986988,0.483392747959141,-0.818614220518866,1.08919374895088
"r_site_id[Eyrie.Reef.(14-118)__EYR_14-118_1,Intercept]",0.282292523426581,0.449978073139732,-0.577018178465469,1.17175711961546
"r_site_id[Eyrie.Reef.(14-118)__EYR_14-118_11,Intercept]",-0.25671127035284,0.476661873664723,-1.23754780534245,0.67024308298094
"r_site_id[Eyrie.Reef.(14-118)__EYR_14-118_14,Intercept]",-0.0911259038441145,0.401976096395622,-0.862848593423797,0.715949816682211
"r_site_id[Eyrie.Reef.(14-118)__EYR_14-118_16,Intercept]",-0.0815548103628882,0.398682143894091,-0.852952035525449,0.700766861045659
"r_site_id[Eyrie.Reef.(14-118)__EYR_14-118_17,Intercept]",0.838242403626424,0.381283733523256,0.125646533809482,1.61904846787857
"r_site_id[Eyrie.Reef.(14-118)__EYR_14-118_18,Intercept]",-0.24423542609309,0.350561008876766,-0.92397841839364,0.454463505476767
"r_site_id[Eyrie.Reef.(14-118)__EYR_14-118_19,Intercept]",-0.316704592006464,0.360538378175333,-1.01415557648853,0.396223065178985
"r_site_id[Eyrie.Reef.(14-118)__EYR_14-118_2,Intercept]",0.120985848763231,0.450090215864085,-0.747816968880389,1.03247860827222
"r_site_id[Eyrie.Reef.(14-118)__EYR_14-118_20,Intercept]",0.643261870978684,0.397638089215158,-0.10455828643404,1.45511755394904
"r_site_id[Eyrie.Reef.(14-118)__EYR_14-118_21,Intercept]",0.060844918070969,0.357016790371697,-0.625945782281823,0.815232586549843
"r_site_id[Eyrie.Reef.(14-118)__EYR_14-118_24,Intercept]",-0.283878979322978,0.477253878044367,-1.24716381767899,0.641139956033158
"r_site_id[Eyrie.Reef.(14-118)__EYR_14-118_27,Intercept]",-0.41012731280152,0.510548021366214,-1.45907947699324,0.557001078423716
"r_site_id[Eyrie.Reef.(14-118)__EYR_14-118_28,Intercept]",-0.345989971372171,0.498926287988033,-1.37517548638323,0.615705608049659
"r_site_id[Eyrie.Reef.(14-118)__EYR_14-118_29,Intercept]",-0.379889793584284,0.501349758314781,-1.39525468497689,0.596453794508625
"r_site_id[Eyrie.Reef.(14-118)__EYR_14-118_30,Intercept]",-0.359054055689449,0.506060341691414,-1.39631225658945,0.617637598745232
"r_site_id[Eyrie.Reef.(14-118)__EYR_14-118_31,Intercept]",-0.802893939559748,0.523733902712464,-1.89040391208948,0.172310636457787
"r_site_id[Eyrie.Reef.(14-118)__EYR_14-118_32,Intercept]",-0.267406065543084,0.475186985917293,-1.21110249585955,0.655848624019201
"r_site_id[Eyrie.Reef.(14-118)__EYR_14-118_33,Intercept]",-0.457869003362385,0.514584207228453,-1.54118889700181,0.510970338003754
"r_site_id[Eyrie.Reef.(14-118)__EYR_14-118_6,Intercept]",0.668785536428259,0.385180861060173,-0.0648446361222582,1.44634952299002
"r_site_id[Eyrie.Reef.(14-118)__EYR_14-118_7,Intercept]",0.748165917747698,0.385345390332313,0.0416395582220479,1.54191625997551
"r_site_id[Eyrie.Reef.(14-118)__EYR_14-118_8,Intercept]",1.07646409796039,0.360223084369237,0.403828255340653,1.80494570619231
"r_site_id[Faith.Reef.(19-044)__FAI_19-044_13,Intercept]",-0.0304893978231048,0.478976271037538,-0.98364312967882,0.912972904781851
"r_site_id[Faith.Reef.(19-044)__FAI_19-044_14,Intercept]",0.0764741660120289,0.473386833226721,-0.845769094560389,1.02654518402207
"r_site_id[Fitzroy.Reef.(23-077)__FIT_23-077_21,Intercept]",0.308464880175295,0.429760115781282,-0.496002073920382,1.18776457280732
"r_site_id[Fitzroy.Reef.(23-077)__FIT_23-077_22,Intercept]",0.212374509585922,0.43238562914965,-0.615103483455717,1.08737465460646
"r_site_id[Fitzroy.Reef.(23-077)__FIT_23-077_24,Intercept]",-0.0971246074203562,0.456377432032532,-0.971549608590662,0.809034070784464
"r_site_id[Fitzroy.Reef.(23-077)__FIT_23-077_25,Intercept]",-0.0425779400660284,0.436940070175942,-0.880166049902282,0.821024895699583
"r_site_id[Fitzroy.Reef.(23-077)__FIT_23-077_32,Intercept]",-0.220899932035049,0.486711866251955,-1.20306137684743,0.725907952674174
"r_site_id[Fitzroy.Reef.(23-077)__FIT_23-077_33,Intercept]",-0.127883052235024,0.453930426029601,-1.02812584648665,0.776066266225671
"r_site_id[Green.Island.Reef.(16-049)__GRE_16-049_1,Intercept]",-0.163279821429833,0.489371269949806,-1.15382483037463,0.798171847350441
"r_site_id[Green.Island.Reef.(16-049)__GRE_16-049_14,Intercept]",0.0528178195791745,0.455686734216031,-0.809387542119728,0.975260229199684
"r_site_id[Green.Island.Reef.(16-049)__GRE_16-049_15,Intercept]",0.298652749389135,0.453455801556775,-0.575423669713301,1.21827652467557
"r_site_id[Green.Island.Reef.(16-049)__GRE_16-049_19,Intercept]",0.390003232870467,0.466344863544955,-0.494290350738013,1.37638164424301
"r_site_id[Green.Island.Reef.(16-049)__GRE_16-049_2,Intercept]",0.0578512844239578,0.465979862193678,-0.856777523581797,0.980071513841382
"r_site_id[Green.Island.Reef.(16-049)__GRE_16-049_21,Intercept]",-0.420964597872381,0.51579021495763,-1.47693163388548,0.555591539475754
"r_site_id[Green.Island.Reef.(16-049)__GRE_16-049_3,Intercept]",-0.100831439917967,0.460338257681988,-1.00918461258906,0.814811772189741
"r_site_id[John.Brewer.Reef.(18-075)__JOH_18-075_21,Intercept]",-0.266003914865332,0.51421242080421,-1.32687152015843,0.710173667378376
"r_site_id[Judith.Wright.Reef.(18-101)__JUD_18-101_1,Intercept]",-0.509516744951835,0.540509356860015,-1.62113549556634,0.485238123535721
"r_site_id[Judith.Wright.Reef.(18-101)__JUD_18-101_3,Intercept]",0.0901913825027765,0.44330487350164,-0.779347063720702,0.980865082933037
"r_site_id[Judith.Wright.Reef.(18-101)__JUD_18-101_38,Intercept]",0.238071123328579,0.450840436847124,-0.610647876132858,1.16025470640094
"r_site_id[Judith.Wright.Reef.(18-101)__JUD_18-101_4,Intercept]",0.534681933754342,0.440066479680783,-0.287176011872257,1.44150471484777
"r_site_id[Judith.Wright.Reef.(18-101)__JUD_18-101_5,Intercept]",-0.18486165646414,0.469051491789515,-1.10315799067347,0.737646874620017
"r_site_id[Keeper.Reef.(18-079)__KEE_18-079_10,Intercept]",-0.0414414977694034,0.436184086594598,-0.882976576311561,0.825762422256626
"r_site_id[Keeper.Reef.(18-079)__KEE_18-079_11,Intercept]",-0.408018000482704,0.491203764944193,-1.41276521654904,0.533549728877945
"r_site_id[Keeper.Reef.(18-079)__KEE_18-079_12,Intercept]",-0.561786556362365,0.545246561151111,-1.67594140151879,0.436899415105721
"r_site_id[Keeper.Reef.(18-079)__KEE_18-079_13,Intercept]",-0.432430688918446,0.516391928900177,-1.47381853320664,0.54553603518909
"r_site_id[Keeper.Reef.(18-079)__KEE_18-079_17,Intercept]",0.159559233818509,0.416161554021259,-0.626104954445294,1.01144741758332
"r_site_id[Keeper.Reef.(18-079)__KEE_18-079_18,Intercept]",0.305831579973383,0.402949733317573,-0.448016881339841,1.13397043881322
"r_site_id[Keeper.Reef.(18-079)__KEE_18-079_19,Intercept]",0.12678449297261,0.440794965510285,-0.724450877046433,0.994005426887722
"r_site_id[Keeper.Reef.(18-079)__KEE_18-079_20,Intercept]",-0.154510770768896,0.448187701452047,-1.03440084836708,0.739347271434572
"r_site_id[Keeper.Reef.(18-079)__KEE_18-079_23,Intercept]",0.196825381895607,0.417665828337154,-0.592020897114104,1.05453284318281
"r_site_id[Keeper.Reef.(18-079)__KEE_18-079_4,Intercept]",-0.0676623032520054,0.437077389837484,-0.92051354554876,0.812266329747704
"r_site_id[Keeper.Reef.(18-079)__KEE_18-079_5,Intercept]",0.119644392251558,0.436326100121741,-0.723317023287285,1.008947079935
"r_site_id[Keeper.Reef.(18-079)__KEE_18-079_6,Intercept]",0.201288300238328,0.421941147816008,-0.595842491337085,1.04722580610281
"r_site_id[Keeper.Reef.(18-079)__KEE_18-079_7,Intercept]",0.202430401488184,0.413399966000959,-0.587765227870718,1.03424824928106
"r_site_id[Keeper.Reef.(18-079)__KEE_18-079_8,Intercept]",0.278609930029103,0.409696820048445,-0.480180857905015,1.12878210208968
"r_site_id[Keeper.Reef.(18-079)__KEE_18-079_9,Intercept]",0.283533863897877,0.404094106438022,-0.48451550960284,1.10956337321689
"r_site_id[Lady.Musgrave.Reef.(23-082a)__LAD_23-082a_16,Intercept]",0.235494379695872,0.414505907894837,-0.53437553876813,1.08529967004687
"r_site_id[Lady.Musgrave.Reef.(23-082a)__LAD_23-082a_17,Intercept]",-0.0667849923508226,0.439330954696987,-0.92914921168801,0.789612496879644
"r_site_id[Lady.Musgrave.Reef.(23-082a)__LAD_23-082a_18,Intercept]",0.434838784756191,0.421165877880941,-0.344203149084626,1.29423277589717
"r_site_id[Lady.Musgrave.Reef.(23-082a)__LAD_23-082a_19,Intercept]",0.242851091591795,0.417313145931557,-0.538928020381935,1.09289213642974
"r_site_id[Lady.Musgrave.Reef.(23-082a)__LAD_23-082a_20,Intercept]",0.860103196116305,0.414745539957857,0.0951160243189293,1.71074920188984
"r_site_id[Lady.Musgrave.Reef.(23-082a)__LAD_23-082a_21,Intercept]",0.442600310037286,0.414077238797412,-0.311375397823174,1.29035420709556
"r_site_id[Lady.Musgrave.Reef.(23-082a)__LAD_23-082a_25,Intercept]",-0.0586455594929322,0.440963832272071,-0.930896982073416,0.815966704091055
"r_site_id[Lady.Musgrave.Reef.(23-082a)__LAD_23-082a_40,Intercept]",-0.22093015421583,0.475791417973832,-1.19381415803563,0.70832122555177
"r_site_id[Lady.Musgrave.Reef.(23-082a)__LAD_23-082a_41,Intercept]",-0.379542733059198,0.501880007708185,-1.41120108654465,0.547054334226756
"r_site_id[Lady.Musgrave.Reef.(23-082a)__LAD_23-082a_43,Intercept]",-0.289162333037083,0.499401724757037,-1.27565395766284,0.68392234372539
"r_site_id[Lady.Musgrave.Reef.(23-082a)__LAD_23-082a_45,Intercept]",-0.415490869828921,0.512294259278563,-1.48006708501279,0.563659671612168
"r_site_id[Lady.Musgrave.Reef.(23-082a)__LAD_23-082a_52,Intercept]",0.135029173350642,0.427631332311583,-0.684102492878105,0.997956796768692
"r_site_id[Lady.Musgrave.Reef.(23-082a)__LAD_23-082a_55,Intercept]",-0.205201122564126,0.475267973960775,-1.1411316886016,0.724593577281179
"r_site_id[Lady.Musgrave.Reef.(23-082a)__LAD_23-082a_56,Intercept]",-0.273238941717236,0.485410646112631,-1.26610596033207,0.666852807561223
"r_site_id[Lady.Musgrave.Reef.(23-082a)__LAD_23-082a_57,Intercept]",-0.42100843440721,0.512828644911833,-1.47329091775214,0.553277064974899
"r_site_id[Lizard.Island.Reef.(Lagoon).(14-116d)__LIZ_14-116d_13,Intercept]",0.0931064773255026,0.355435251626581,-0.602345217078032,0.80775099949127
"r_site_id[Lizard.Island.Reef.(Lagoon).(14-116d)__LIZ_14-116d_14,Intercept]",-0.056128920410318,0.373694010236327,-0.795577259129169,0.678241369146824
"r_site_id[Lizard.Island.Reef.(Lagoon).(14-116d)__LIZ_14-116d_15,Intercept]",0.5245552496795,0.378324249858998,-0.187813211606278,1.28636605982493
"r_site_id[Lizard.Island.Reef.(Lagoon).(14-116d)__LIZ_14-116d_16,Intercept]",-0.325636616003044,0.439177498681813,-1.19683752978822,0.513383597380447
"r_site_id[Lizard.Island.Reef.(Lagoon).(14-116d)__LIZ_14-116d_20,Intercept]",-0.0637440012411122,0.443481433686782,-0.93532065993679,0.840044239226076
"r_site_id[Lizard.Island.Reef.(Lagoon).(14-116d)__LIZ_14-116d_21,Intercept]",0.210125676151874,0.329531380574938,-0.401022744236813,0.887455665731747
"r_site_id[Lizard.Island.Reef.(Lagoon).(14-116d)__LIZ_14-116d_22,Intercept]",-0.439720092514691,0.384191930935271,-1.18990504243054,0.327002418497157
"r_site_id[Lizard.Island.Reef.(Lagoon).(14-116d)__LIZ_14-116d_23,Intercept]",-0.0334863264801074,0.440514532521923,-0.896846217597395,0.835215520628705
"r_site_id[Lizard.Island.Reef.(Lagoon).(14-116d)__LIZ_14-116d_24,Intercept]",-0.47481941273752,0.401620802658916,-1.28260083450419,0.29415952810325
"r_site_id[Lizard.Island.Reef.(Lagoon).(14-116d)__LIZ_14-116d_25,Intercept]",0.252633147032477,0.324463605954475,-0.366095772346228,0.911923316402048
"r_site_id[Lizard.Island.Reef.(Lagoon).(14-116d)__LIZ_14-116d_26,Intercept]",-0.0521858361951995,0.404656195222024,-0.826794248382334,0.748933787630163
"r_site_id[Lizard.Island.Reef.(Lagoon).(14-116d)__LIZ_14-116d_27,Intercept]",0.104334591411729,0.416229251514802,-0.691266860288406,0.938635033666627
"r_site_id[Lizard.Island.Reef.(Lagoon).(14-116d)__LIZ_14-116d_28,Intercept]",0.199305456084102,0.325192519984749,-0.416498735593853,0.862839958553129
"r_site_id[Lizard.Island.Reef.(Lagoon).(14-116d)__LIZ_14-116d_29,Intercept]",0.348571389820133,0.332924580266554,-0.276999570032836,1.02486170277737
"r_site_id[Lizard.Island.Reef.(Lagoon).(14-116d)__LIZ_14-116d_30,Intercept]",-0.107518697650931,0.455124020375372,-0.983853414162415,0.778133374018374
"r_site_id[Lizard.Island.Reef.(Lagoon).(14-116d)__LIZ_14-116d_31,Intercept]",-0.124976166977871,0.395670845916258,-0.885511102893661,0.679145844071866
"r_site_id[Lizard.Island.Reef.(North.East).(14-116b)__LIZ_14-116b_1,Intercept]",0.18196947962984,0.469268114440362,-0.744537518457181,1.12191297445353
"r_site_id[Lizard.Island.Reef.(North.East).(14-116b)__LIZ_14-116b_3,Intercept]",-0.129591945803701,0.469439080325261,-1.07193673416836,0.779348093538403
"r_site_id[Lizard.Island.Reef.(North.East).(14-116b)__LIZ_14-116b_4,Intercept]",-0.255057090569335,0.512706185766827,-1.29240133005582,0.70586123227571
"r_site_id[Lizard.Island.Reef.(North.West).(14-116a)__LIZ_14-116a_30,Intercept]",0.228286944338386,0.349563301954516,-0.453301038373669,0.930580194734442
"r_site_id[Lizard.Island.Reef.(North.West).(14-116a)__LIZ_14-116a_31,Intercept]",0.538765478254542,0.338382906716431,-0.105265231313503,1.219118853819
"r_site_id[Lizard.Island.Reef.(North.West).(14-116a)__LIZ_14-116a_32,Intercept]",0.0485879183280019,0.417756943544825,-0.793085425462767,0.878636091070786
"r_site_id[Lizard.Island.Reef.(North.West).(14-116a)__LIZ_14-116a_33,Intercept]",-0.687127029063511,0.408687325896718,-1.52169611580462,0.109022792813235
"r_site_id[Lizard.Island.Reef.(North.West).(14-116a)__LIZ_14-116a_34,Intercept]",-0.240296148942269,0.37920895246588,-0.997373550203088,0.499253383740738
"r_site_id[Lizard.Island.Reef.(North.West).(14-116a)__LIZ_14-116a_35,Intercept]",0.141726405854261,0.356736950795284,-0.555697683715697,0.856929956672991
"r_site_id[Lizard.Island.Reef.(North.West).(14-116a)__LIZ_14-116a_36,Intercept]",-0.0498642422075744,0.356680839428656,-0.752889535477362,0.657620188578537
"r_site_id[Lynchs.Reef.(18-091)__LYN_18-091_37,Intercept]",0.203363891159435,0.444799531805645,-0.636142660399992,1.09844335431768
"r_site_id[Lynchs.Reef.(18-091)__LYN_18-091_38,Intercept]",0.203569558630895,0.434604831274329,-0.622407047758272,1.08229269150893
"r_site_id[Lynchs.Reef.(18-091)__LYN_18-091_39,Intercept]",-0.0538333786272344,0.448690829993236,-0.916799425729188,0.861195477781311
"r_site_id[Lynchs.Reef.(18-091)__LYN_18-091_40,Intercept]",-0.161222694309574,0.458854796610099,-1.05610659414431,0.747011711491812
"r_site_id[Lynchs.Reef.(18-091)__LYN_18-091_41,Intercept]",0.181959931242093,0.431566676030169,-0.634878427515841,1.06264255817533
"r_site_id[Moore.Reef.(16-071)__MOO_16-071_112,Intercept]",-0.391476007601696,0.454040241781244,-1.30563290374699,0.468588903123736
"r_site_id[Moore.Reef.(16-071)__MOO_16-071_113,Intercept]",-0.336525879554607,0.485374900444583,-1.35188323241116,0.596211213762311
"r_site_id[Moore.Reef.(16-071)__MOO_16-071_133,Intercept]",0.122195974379861,0.42442993285954,-0.696745083914125,0.97685868610737
"r_site_id[Moore.Reef.(16-071)__MOO_16-071_134,Intercept]",0.432821812513662,0.413324845996395,-0.325441640481718,1.29257478671773
"r_site_id[Moore.Reef.(16-071)__MOO_16-071_136,Intercept]",0.110961532298425,0.42267102006993,-0.690979436980447,0.968876265590536
"r_site_id[Moore.Reef.(16-071)__MOO_16-071_137,Intercept]",0.14449335195054,0.422459424097395,-0.661005922769678,0.99573888059331
"r_site_id[Moore.Reef.(16-071)__MOO_16-071_146,Intercept]",0.236806015471335,0.433118021843939,-0.581248572347957,1.10470645147719
"r_site_id[Moore.Reef.(16-071)__MOO_16-071_147,Intercept]",0.000331014637069138,0.408978323824449,-0.788671460201581,0.817154730955006
"r_site_id[Moore.Reef.(16-071)__MOO_16-071_148,Intercept]",0.0739622041964547,0.433264986480081,-0.744534459721005,0.942405289215518
"r_site_id[Moore.Reef.(16-071)__MOO_16-071_154,Intercept]",0.0784986526593079,0.422866705049119,-0.736083939674282,0.915252482060565
"r_site_id[Moore.Reef.(16-071)__MOO_16-071_155,Intercept]",0.123425786015264,0.467792708146701,-0.781429537291224,1.04887041252983
"r_site_id[Moore.Reef.(16-071)__MOO_16-071_156,Intercept]",-0.022340913412932,0.403158143765176,-0.804745768665092,0.767952471150791
"r_site_id[Moore.Reef.(16-071)__MOO_16-071_157,Intercept]",-0.415912766198258,0.515851485381724,-1.47680528933066,0.536115692503136
"r_site_id[Moore.Reef.(16-071)__MOO_16-071_160,Intercept]",-0.25454901456541,0.460166586638662,-1.14265785082226,0.643841448371851
"r_site_id[North.Direction.Reef.(14-143)__NOR_14-143_2,Intercept]",0.352852052564474,0.464936972192097,-0.54538587618251,1.30085467844267
"r_site_id[North.Direction.Reef.(14-143)__NOR_14-143_3,Intercept]",0.0199161193445496,0.444965090413699,-0.844599946472255,0.90114975048799
"r_site_id[North.Direction.Reef.(14-143)__NOR_14-143_4,Intercept]",-0.423984686666364,0.468173777142589,-1.38337989571191,0.458395563210839
"r_site_id[Prawn.Reef.(19-024)__PRA_19-024_11,Intercept]",-0.131663922598357,0.497544295896551,-1.12952649784977,0.837036300806567
"r_site_id[Prawn.Reef.(19-024)__PRA_19-024_4,Intercept]",-0.00836869697771439,0.500654095332896,-1.00918912246985,0.966113570723163
"r_site_id[Shrimp.Reef.(18-118)__SHR_18-118_19,Intercept]",-0.108717342997581,0.497310633686604,-1.09498409540597,0.867140766576908
"r_site_id[Thetford.Reef.(16-068)__THE_16-068_12,Intercept]",-0.0488660463446591,0.471999963780397,-0.976001506187125,0.900323345193352
"r_site_id[Thetford.Reef.(16-068)__THE_16-068_13,Intercept]",-0.0190539033807146,0.49806139643377,-1.00607784011792,0.966767882616304
"r_site_id[Thetford.Reef.(16-068)__THE_16-068_14,Intercept]",0.113378343783282,0.446626771172505,-0.739274073580095,0.999911117887512
"r_site_id[Thetford.Reef.(16-068)__THE_16-068_15,Intercept]",-0.363751631267246,0.457991738741992,-1.2795902260788,0.514024890525094
"r_site_id[Thetford.Reef.(16-068)__THE_16-068_16,Intercept]",-0.0909846675513643,0.452298248973269,-0.988762049552585,0.800310806654372
"r_site_id[Thetford.Reef.(16-068)__THE_16-068_17,Intercept]",-0.134309651385903,0.47435507350421,-1.07281402100916,0.798400617015548
"r_site_id[Thetford.Reef.(16-068)__THE_16-068_27,Intercept]",0.446254685292255,0.420109728452532,-0.342002053406361,1.31629017129003
"r_site_id[Tongue.Reef.(16-026)__TON_16-026_36,Intercept]",0.34534975128525,0.447923949708634,-0.512675467859446,1.24806974051768
"r_site_id[Tongue.Reef.(16-026)__TON_16-026_37,Intercept]",0.177919884358246,0.43676591575484,-0.651131798220497,1.07949583296287
"r_site_id[Tongue.Reef.(16-026)__TON_16-026_43,Intercept]",-0.0390888015703702,0.461856627144375,-0.934682216392393,0.881711764297288
"r_site_id[Tongue.Reef.(16-026)__TON_16-026_44,Intercept]",-0.316893148736694,0.481373707701633,-1.27532781585414,0.587379303737779
"r_site_id[U/N.Reef.(11-049)__U/N_11-049_11,Intercept]",0.315406537499265,0.469545191964448,-0.57999835358084,1.27734453811731
"r_site_id[U/N.Reef.(11-049)__U/N_11-049_7,Intercept]",-0.284360870366895,0.483841710060533,-1.24734035982461,0.642973900959594
"r_site_id[U/N.Reef.(15-043)__U/N_15-043_17,Intercept]",-0.230005690798744,0.509530688721647,-1.29070599868578,0.765871129073023
"r_site_id[U/N.Reef.(20-386)__U/N_20-386_1,Intercept]",0.0415079816801859,0.439729001390964,-0.804872057778078,0.927208762361993
"r_site_id[U/N.Reef.(20-386)__U/N_20-386_14,Intercept]",-0.287626610028738,0.480215859081626,-1.24627935339905,0.630112156805947
"r_site_id[U/N.Reef.(20-386)__U/N_20-386_15,Intercept]",0.496996990050509,0.408713090963383,-0.248658523135881,1.3660187883353
"r_site_id[U/N.Reef.(20-386)__U/N_20-386_17,Intercept]",-0.424488270131125,0.49802119802635,-1.46458635113963,0.513177759393156
"r_site_id[U/N.Reef.(20-386)__U/N_20-386_18,Intercept]",0.344902357515557,0.425440295059408,-0.451983418268289,1.22649729947309
"r_site_id[U/N.Reef.(20-386)__U/N_20-386_19,Intercept]",-0.37276945096918,0.50682220919667,-1.39626791297654,0.589541819904968
"r_site_id[U/N.Reef.(20-386)__U/N_20-386_2,Intercept]",0.302333634553154,0.413376921306776,-0.462254715455095,1.15916292512828
"r_site_id[U/N.Reef.(20-386)__U/N_20-386_26,Intercept]",0.0329121842900902,0.446376050473529,-0.858998323574674,0.929048865764026
"r_site_id[U/N.Reef.(20-386)__U/N_20-386_27,Intercept]",-0.317265281401865,0.500826292419583,-1.32597411617393,0.624241357340217
"r_site_id[U/N.Reef.(20-386)__U/N_20-386_28,Intercept]",0.237237542716071,0.424952940661528,-0.545427533661569,1.10860512470839
"r_site_id[U/N.Reef.(20-386)__U/N_20-386_29,Intercept]",0.416519603242605,0.409586745772574,-0.348441891891987,1.24210741420723
"r_site_id[U/N.Reef.(20-386)__U/N_20-386_30,Intercept]",-0.137571766549933,0.458607855767709,-1.05735669009001,0.756286766767996
"r_site_id[U/N.Reef.(20-386)__U/N_20-386_31,Intercept]",0.149605825373179,0.425944852033186,-0.671862210707109,1.01981405104234
"r_site_id[U/N.Reef.(20-386)__U/N_20-386_36,Intercept]",0.387615239372443,0.422538988145368,-0.403943559167503,1.2463288598614
"r_site_id[U/N.Reef.(20-386)__U/N_20-386_4,Intercept]",-0.44825270790866,0.519097169552091,-1.525285908611,0.531933332901141
"r_site_id[U/N.Reef.(20-386)__U/N_20-386_5,Intercept]",-0.291861485338821,0.495889063551383,-1.28890760664578,0.652065615098877
"r_site_id[U/N.Reef.(21-057)__U/N_21-057_41,Intercept]",0.0867957951540316,0.451237649360017,-0.798272100194027,0.977124999235724
"r_site_id[U/N.Reef.(21-057)__U/N_21-057_42,Intercept]",0.0242663269003173,0.454929951726632,-0.879276740827557,0.916621934128704
"r_site_id[U/N.Reef.(21-057)__U/N_21-057_43,Intercept]",-0.16560986590056,0.48291627128179,-1.14137295918801,0.795426937042732
"r_site_id[U/N.Reef.(21-057)__U/N_21-057_44,Intercept]",0.152646382517285,0.451611823222275,-0.713302891570926,1.04499537146486
"r_site_id[U/N.Reef.(21-067)__UN_21-067_1,Intercept]",0.505906100092732,0.452789446246738,-0.340435751233543,1.44249726036857
"r_site_id[U/N.Reef.(21-067)__UN_21-067_3,Intercept]",0.0146168583565591,0.441466110406396,-0.83836468669025,0.908496453131642
"r_site_id[U/N.Reef.(21-067)__UN_21-067_5,Intercept]",-0.233617385611407,0.467109479174078,-1.15435798220865,0.679853728126343
"r_site_id[U/N.Reef.(21-067)__UN_21-067_6,Intercept]",0.141051720602583,0.438302398512412,-0.707924189407661,1.01086090822423
"r_site_id[U/N.Reef.(21-069)__UN_21-069_3,Intercept]",-0.0683986566901229,0.523757243384967,-1.14420613330334,0.957705060520343
"r_site_id[U/N.Reef.(21-069)__UN_21-069_6,Intercept]",-0.11295646744884,0.503077467433737,-1.12865936043496,0.857448895265719
"r_site_id[U/N.Reef.(21-069)__UN_21-069_8,Intercept]",-0.128955275566045,0.507648741668782,-1.12289108508205,0.842316100648274
"r_site_id[U/N.Reef.(21-250a)__U/N_21-250a_11,Intercept]",0.0211858575276627,0.440864470994722,-0.827807641273354,0.9116529530224
"r_site_id[U/N.Reef.(21-250a)__U/N_21-250a_20,Intercept]",0.126001104188831,0.446115161948673,-0.759392521653901,0.995453984281987
"r_site_id[U/N.Reef.(21-250a)__U/N_21-250a_21,Intercept]",-0.0590594057235863,0.457351602913396,-0.986507729191468,0.854772417531631
"r_site_id[U/N.Reef.(21-250a)__U/N_21-250a_5,Intercept]",0.437271209707266,0.44208907884531,-0.382788680061375,1.35407953816299
"r_site_id[U/N.Reef.(21-250a)__U/N_21-250a_6,Intercept]",-0.335453601684489,0.498775940427694,-1.36385713498283,0.587594679650906
"r_site_id[U/N.Reef.(21-250a)__U/N_21-250a_7,Intercept]",0.0158836839245006,0.45263337677712,-0.845433590216976,0.90812114894507
"r_site_id[U/N.Reef.(21-250a)__U/N_21-250a_8,Intercept]",-0.133259560193328,0.473261778209524,-1.07371733217305,0.790150798271799
"r_site_id[U/N.Reef.(21-250a)__U/N_21-250a_9,Intercept]",-0.089485015522155,0.453659535909357,-0.975310658013844,0.799439387869925
"r_site_id[U/N.Reef.(21-460)__U/N_21-460_23,Intercept]",-0.0747955069487713,0.517488360053158,-1.14736474538332,0.953014733632279
"r_site_id[U/N.Reef.(21-460)__U/N_21-460_31,Intercept]",-0.130694995320053,0.513982469556649,-1.18446211261695,0.873389688998343
"r_site_id[U/N.Reef.(21-460)__U/N_21-460_32,Intercept]",-0.0915560088093591,0.505944195326404,-1.09382731220741,0.909645235082518
"r_site_id[U/N.Reef.(21-460)__U/N_21-460_34,Intercept]",-0.120969471052708,0.508754723021882,-1.17533878609428,0.865464307629885
"r_site_id[U/N.Reef.(21-460)__U/N_21-460_35,Intercept]",-0.115580304599179,0.516103162459864,-1.17251971718324,0.882445376747656
"r_site_id[U/N.Reef.(21-460)__U/N_21-460_43,Intercept]",0.0836277640601993,0.503678364943611,-0.914654945924365,1.10065930478673
"r_site_id[U/N.Reef.(21-460)__U/N_21-460_44,Intercept]",-0.100291177796338,0.519246802555332,-1.13718954847171,0.914547538241624
"r_site_id[U/N.Reef.(21-466)__U/N_21-466_1,Intercept]",-0.124535337023382,0.505008223238584,-1.14492745826543,0.858298378975363
"r_site_id[U/N.Reef.(21-466)__U/N_21-466_10,Intercept]",-0.0709961648957211,0.499574040005292,-1.05110389562531,0.893361500316602
"r_site_id[U/N.Reef.(21-466)__U/N_21-466_12,Intercept]",-0.122562095389779,0.502154792936059,-1.12791923314183,0.865083378167008
"r_site_id[U/N.Reef.(21-466)__U/N_21-466_14,Intercept]",0.045547390189598,0.489451532410455,-0.92717420624283,1.00676290081725
"r_site_id[U/N.Reef.(21-466)__U/N_21-466_2,Intercept]",-0.130904688545064,0.504166047984885,-1.13581291680442,0.858066192652567
"r_site_id[U/N.Reef.(21-466)__U/N_21-466_4,Intercept]",-0.110423214456306,0.519600310146649,-1.17747217823076,0.885075887583299
"r_site_id[U/N.Reef.(21-466)__U/N_21-466_42,Intercept]",0.304386570588766,0.493845187709707,-0.624793342890434,1.30153111164443
"r_site_id[U/N.Reef.(21-466)__U/N_21-466_43,Intercept]",-0.085092592540867,0.511638988254139,-1.09920522873786,0.925766725873304
"r_site_id[U/N.Reef.(21-466)__U/N_21-466_44,Intercept]",-0.121625092539722,0.506354941191067,-1.14263775918485,0.847416663219632
"r_site_id[U/N.Reef.(21-466)__U/N_21-466_45,Intercept]",0.388063915723772,0.485613989953078,-0.542510718720355,1.35916544273119
"r_site_id[U/N.Reef.(21-466)__U/N_21-466_46,Intercept]",-0.0819291526442662,0.518185752243373,-1.12615843102534,0.905908736396966
"r_site_id[U/N.Reef.(21-466)__U/N_21-466_7,Intercept]",-0.118592617941499,0.504077949300101,-1.14168628436017,0.848125458323222
"r_site_id[U/N.Reef.(21-466)__U/N_21-466_8,Intercept]",-0.124053281436914,0.503931479140898,-1.15326685056761,0.852759787489804
"r_site_id[U/N.Reef.(21-466)__U/N_21-466_9,Intercept]",-0.139396917881145,0.508092578787186,-1.15115811240416,0.859124358865485
"r_site_id[Vicki.Harriott.Reef.(15-070)__VIC_15-070_1,Intercept]",0.0647551770932372,0.424251341123534,-0.739487014598219,0.934944891502906
"r_site_id[Vicki.Harriott.Reef.(15-070)__VIC_15-070_12,Intercept]",0.119714517571176,0.429563445753322,-0.710557350616509,0.96894120644835
"r_site_id[Vicki.Harriott.Reef.(15-070)__VIC_15-070_13,Intercept]",0.161516287873834,0.427404733460123,-0.66065734906985,1.03610895073074
"r_site_id[Vicki.Harriott.Reef.(15-070)__VIC_15-070_14,Intercept]",0.235086096299785,0.435110170470787,-0.582293068887927,1.11754038857393
"r_site_id[Vicki.Harriott.Reef.(15-070)__VIC_15-070_15,Intercept]",0.174022179851912,0.430677835635689,-0.665437858761538,1.0469611679194
"r_site_id[Vicki.Harriott.Reef.(15-070)__VIC_15-070_16,Intercept]",0.240718648523126,0.41291569982028,-0.540960013818173,1.08489099013256
"r_site_id[Vicki.Harriott.Reef.(15-070)__VIC_15-070_19,Intercept]",0.0114754074696044,0.430525916015912,-0.807421710062088,0.868815197807446
"r_site_id[Vicki.Harriott.Reef.(15-070)__VIC_15-070_2,Intercept]",-0.197229877006716,0.460019050314781,-1.11454257691065,0.714693433026877
"r_site_id[Vicki.Harriott.Reef.(15-070)__VIC_15-070_22,Intercept]",-0.366736788037004,0.493493937436149,-1.36454555173708,0.583359636475217
"r_site_id[Vicki.Harriott.Reef.(15-070)__VIC_15-070_23,Intercept]",-0.0643025042282027,0.443996901344733,-0.937455364515455,0.828119421450656
"r_site_id[Vicki.Harriott.Reef.(15-070)__VIC_15-070_24,Intercept]",-0.163922957571914,0.456183562013804,-1.05105083008218,0.740330024962501
"r_site_id[Vicki.Harriott.Reef.(15-070)__VIC_15-070_29,Intercept]",-0.00101466619077682,0.429969595870756,-0.834067709396966,0.854461330012906
"r_site_id[Vicki.Harriott.Reef.(15-070)__VIC_15-070_30,Intercept]",-0.36790197802074,0.498983185770085,-1.38420486524039,0.587757059891447
"r_site_id[Vicki.Harriott.Reef.(15-070)__VIC_15-070_31,Intercept]",-0.216744430695689,0.465470442965697,-1.15423423498292,0.694542960932257
"r_site_id[Vicki.Harriott.Reef.(15-070)__ViC_15-070_32,Intercept]",-0.223635829074866,0.464450470013595,-1.14820481753006,0.678069325001666
"r_site_id[Vicki.Harriott.Reef.(15-070)__VIC_15-070_4,Intercept]",-0.153946081097303,0.451247911795277,-1.03804434232424,0.743247564056682
"r_site_id[Vicki.Harriott.Reef.(15-070)__VIC_15-070_5,Intercept]",0.366023731203897,0.408917372877758,-0.400833081540569,1.20006532353828
"r_site_id[Vicki.Harriott.Reef.(15-070)__VIC_15-070_6,Intercept]",0.224157995429791,0.412999291608945,-0.537233272518689,1.06818483024097
"r_site_id[Vicki.Harriott.Reef.(15-070)__VIC_15-070_7,Intercept]",0.26701724674693,0.414330817644282,-0.515247375495261,1.11195654594634
"lprior",-6.91837969703797,0.490229363107452,-7.94093882024734,-6.02879896137182
"lp__",-2321.62341902969,28.8025770494196,-2376.57709132661,-2265.99741196989
"z_1[1,1]",-0.539385547206151,0.85016607840046,-2.17012447452609,1.13969722503622
"z_1[1,2]",0.499651264805032,0.675618196664133,-0.835207721933565,1.83435742965844
"z_1[1,3]",0.488654889357445,0.691446522025816,-0.896578459312141,1.8153186159119
"z_1[1,4]",0.120246598706802,0.659299326961263,-1.21521154664825,1.38221517074041
"z_1[1,5]",1.08710331067886,0.613210155149153,-0.0872490155169922,2.31705811523903
"z_1[1,6]",-0.681895083064302,0.704063853162137,-2.04436997091943,0.708770310336899
"z_1[1,7]",-0.281797733838526,0.636101053158933,-1.52864874149367,0.975715035801686
"z_1[1,8]",0.306724961686787,0.593658804515514,-0.855981710084307,1.47435368384211
"z_1[1,9]",0.226461302873875,0.661633795765567,-1.08778627607782,1.53286966327173
"z_1[1,10]",-0.304277485244266,0.677151107736958,-1.64207932451135,1.04250642577395
"z_1[1,11]",0.938660196145587,0.873710457113201,-0.827988793894784,2.5812156873071
"z_1[1,12]",-0.253983219793467,0.856967251434856,-1.92534604209646,1.41634933835059
"z_1[1,13]",0.3355420107515,0.440241640922401,-0.500540637211353,1.23713754814224
"z_1[1,14]",-0.711461706123911,0.63328453861735,-1.93225324325603,0.551561929092814
"z_1[1,15]",-0.743245889465665,0.480098542292858,-1.68847693304143,0.164288019346609
"z_1[1,16]",1.21929503510795,0.624404205818382,0.0272320203390914,2.44785610417347
"z_1[1,17]",1.44821996007454,0.506012753174992,0.52005706242962,2.51593952149568
"z_1[1,18]",1.02280299180434,0.425540096481719,0.229778248592886,1.87945904086365
"z_1[1,19]",-0.784113113564885,0.444124101449712,-1.67018022975815,0.0721642019056917
"z_1[1,20]",0.895331263006619,0.476110015988209,0.00355529395863521,1.85325812956801
"z_1[1,21]",-0.372540246217698,0.477987724943282,-1.32728510253023,0.551194616066489
"z_1[1,22]",-0.793206080725053,0.440525059360393,-1.69584735795478,0.0449888765822618
"z_1[1,23]",-1.19233467305296,0.455641300003219,-2.10431805282087,-0.316027373415971
"z_1[1,24]",-0.455206481777934,0.890283785823897,-2.1475147724171,1.29501125318065
"z_1[1,25]",-0.741469618228846,0.916271129475479,-2.54377931624006,1.05320128444651
"z_1[1,26]",0.958321062604769,0.611389002132013,-0.197190472721595,2.20038516695067
"z_1[1,27]",-0.894859031182552,0.594831362678597,-2.05746469270584,0.240518542827314
"z_1[1,28]",-0.60601629633497,0.58268888148222,-1.76105167621319,0.520822694751376
"z_1[1,29]",0.956554337851722,0.723735693175721,-0.450162396444811,2.41260760360035
"z_1[1,30]",0.103890301843879,0.872324094390825,-1.61333052480389,1.82193719008627
"z_1[1,31]",0.101470898157399,0.829171761009805,-1.54475771635154,1.70324291230149
"z_1[1,32]",0.55088869510083,0.798701446790315,-1.00808899273416,2.14103363696352
"z_1[1,33]",-1.05962980011619,0.777413783876541,-2.60766243338679,0.448696216350799
"z_1[1,34]",0.806341694348681,0.78698695871844,-0.740599807524326,2.36121786911936
"z_1[1,35]",-0.634454059867044,0.954754387501633,-2.50374267576697,1.23141492303972
"z_1[1,36]",0.343938341896342,0.851296982638986,-1.36755260798514,1.97489836851463
"z_1[1,37]",0.487075724768933,0.827552326032747,-1.19167102629505,2.05697572841203
"z_1[1,38]",0.0525494479857589,0.819671214468665,-1.55923073033568,1.64007094694776
"z_1[1,39]",-1.07411190087632,0.692582260382565,-2.42619084426076,0.263839111175568
"z_1[1,40]",-0.80321435867492,0.739207821000595,-2.25349263346114,0.628896672155042
"z_1[1,41]",-0.012901255378063,0.702511745323853,-1.40309110847667,1.3736638299893
"z_1[1,42]",0.693059025730219,0.553833873654514,-0.392001283316853,1.78915725507369
"z_1[1,43]",0.493051572684576,0.507253796464769,-0.494778670691423,1.4606089300636
"z_1[1,44]",0.267212136394894,0.563832305506577,-0.814397477809211,1.39836650115537
"z_1[1,45]",0.593399261660739,0.533403165058596,-0.446849751327817,1.62621782182691
"z_1[1,46]",-0.389240617679483,0.901601918778444,-2.17940614988832,1.3685104200159
"z_1[1,47]",-0.183761556572438,0.903828424993684,-1.99027765533462,1.5878854402343
"z_1[1,48]",-0.501128162944736,0.863816469521049,-2.21201842300024,1.22413759507813
"z_1[1,49]",0.211392966873102,0.823624595672177,-1.36318774533967,1.81858719457244
"z_1[1,50]",0.377255224296083,0.802525537271048,-1.19373468747108,1.99369693587276
"z_1[1,51]",-0.726188036667174,0.620914137297887,-1.96461016428505,0.482860121910668
"z_1[1,52]",-0.402127323390199,0.649854676666678,-1.70421106296647,0.891557164163107
"z_1[1,53]",0.459101617718112,0.641921033370713,-0.785476619344861,1.77451061389896
"z_1[1,54]",0.748433105232285,0.676185346632064,-0.562366944984081,2.07064326416174
"z_1[1,55]",-0.355235269316832,0.648835583568708,-1.61169565754379,0.945166973385553
"z_1[1,56]",-0.558949849498968,0.629481611264657,-1.81592254930344,0.693822862314359
"z_1[1,57]",0.825133064878365,0.583103925791204,-0.281688219663657,2.0171457299503
"z_1[1,58]",0.831749708853214,0.865178136358125,-0.94857774896629,2.47757634314131
"z_1[1,59]",0.696408550053962,0.683533596298059,-0.602658001912481,2.07962169338554
"z_1[1,60]",0.329602292743494,0.767429443923542,-1.15553251840405,1.8771125293339
"z_1[1,61]",-1.29188505648334,0.87522827286675,-3.00749712578347,0.452215413756745
"z_1[1,62]",-0.486181075743386,0.842355923941006,-2.12135671497376,1.18704944920239
"z_1[1,63]",0.360966723298224,0.793352651684187,-1.17201552224511,1.92105828114248
"z_1[1,64]",-0.294635685665355,0.899883200856822,-2.00282112315296,1.4925922562999
"z_1[1,65]",-0.245084214824573,0.910176451032094,-2.04751323573742,1.51268827236205
"z_1[1,66]",0.0643512695431685,0.769275415396039,-1.42508255960413,1.60392632157968
"z_1[1,67]",-0.295664023736833,0.747510445659434,-1.75313120109752,1.19313127173205
"z_1[1,68]",0.423070252059742,0.843659318211759,-1.25511847187335,2.05447475716253
"z_1[1,69]",0.0709659338875106,0.848844707498918,-1.57669192333409,1.79287626486081
"z_1[1,70]",-0.561364513148699,0.95468993105223,-2.44309988242662,1.27824199906436
"z_1[1,71]",0.25814174178278,0.818984823502507,-1.38473779053768,1.85862958563564
"z_1[1,72]",0.234383837842264,0.842048855152738,-1.42734196234581,1.8599994256564
"z_1[1,73]",1.03429313488583,0.895091965520378,-0.784424226265342,2.72295667510441
"z_1[1,74]",-0.731993168635316,0.916816611501436,-2.52065475722573,1.09104856376859
"z_1[1,75]",-0.0548674588365101,0.837191558551023,-1.66885132936593,1.61889029230155
"z_1[1,76]",-1.30853487947106,0.957571696468334,-3.12159967883812,0.588089552081847
"z_1[1,77]",-1.12767726227171,0.914670365921579,-2.85506103354042,0.708153153867541
"z_1[1,78]",0.291254992195288,0.800341007263977,-1.32813429207477,1.84218776599457
"z_2[1,1]",-0.703714356571932,0.680602073943653,-2.04744317472425,0.644726988849249
"z_2[1,2]",1.33014079319094,0.537600966528599,0.277916818907969,2.41347816726139
"z_2[1,3]",0.57168425259856,0.498825376020188,-0.430830709518537,1.54635292642615
"z_2[1,4]",-0.00472133145856952,0.528958960053132,-1.07686432706384,1.06219420006484
"z_2[1,5]",1.23523146311112,0.695103315133046,-0.203056826182905,2.55768739165243
"z_2[1,6]",-0.325225739059324,0.705745841934391,-1.7272023567719,1.08598798675578
"z_2[1,7]",0.405597172389102,0.371153860992687,-0.301130488160519,1.14251884861158
"z_2[1,8]",-1.54561168303923,0.712991486570786,-2.92824221083983,-0.085373636205126
"z_2[1,9]",0.518055209247071,0.475538647955375,-0.412692355235912,1.46240677024994
"z_2[1,10]",0.155339639140452,0.734798451562669,-1.32453811536354,1.59478657559681
"z_2[1,11]",0.157892370365224,0.666212602910291,-1.19886240738265,1.49098618418154
"z_2[1,12]",0.346778087943149,0.556389018680543,-0.725468004740315,1.45420161409906
"z_2[1,13]",-0.864084506711378,0.894444976869873,-2.60833764828625,0.938926855220215
"z_2[1,14]",0.467467566126459,0.691345732959741,-0.945481142031808,1.82714223361244
"z_2[1,15]",0.664852520748282,0.643106980992885,-0.652399235885708,1.92655802695297
"z_2[1,16]",0.0514073403695511,0.641015966914112,-1.22484242314335,1.34216867728618
"z_2[1,17]",0.263600263444862,0.426292052483795,-0.585593873064449,1.11069685662471
"z_2[1,18]",-0.631595216320122,0.60235591367252,-1.85528583206725,0.563754391185617
"z_2[1,19]",-0.0195104085204169,0.442702228949979,-0.896721784956965,0.842301584827137
"z_2[1,20]",1.10109183653327,0.691282707130845,-0.324938339577394,2.46638263086383
"z_2[1,21]",-0.250382650238358,0.549813393790169,-1.39093035260812,0.794180538450765
"z_2[1,22]",-0.152165859583784,0.641862383701272,-1.46259871135609,1.12480055341279
"z_2[1,23]",-0.420518147648498,0.778236002778815,-1.91905488751999,1.1327889789612
"z_2[1,24]",-0.331575803500048,0.788613477293763,-1.86938531698885,1.25927620727537
"z_2[1,25]",-0.295484861554339,0.578680269334786,-1.42874241293979,0.869014482162125
"z_2[1,26]",0.543354983658788,0.694039460782119,-0.868147090657757,1.92259893869556
"z_2[1,27]",0.115801669395186,0.717603716413584,-1.28735510683555,1.50314957757366
"z_2[1,28]",-0.759828505429789,0.905636969286291,-2.50728301705301,1.05420727506276
"z_2[1,29]",0.354298449707777,0.623715181183211,-0.917283157810541,1.56281285362968
"z_2[1,30]",0.288767893485326,0.682980226842041,-1.07975410304756,1.6194069401429
"z_2[1,31]",1.35824446769644,0.710778700364155,-0.137217831607719,2.70191689196489
"z_2[1,32]",-0.997009625645878,0.866074181976773,-2.71966915442363,0.694198259456858
"z_2[1,33]",-0.0403264622928835,0.672235796928214,-1.3698648410187,1.25626971202401
"z_2[1,34]",-1.70919275696636,0.80385419445485,-3.22970615855936,-0.0460066318653789
"z_2[1,35]",-1.46160206047018,0.720323127290658,-2.83477021065816,0.00849525821517143
"z_2[1,36]",0.398322540449421,0.631350667915652,-0.926709047136128,1.61783139252621
"z_3[1,1]",-0.512961051645342,0.969255627499528,-2.39510357628726,1.3836640376211
"z_3[1,2]",0.00484465540870324,0.903728730142745,-1.76930596451769,1.79662192593251
"z_3[1,3]",0.515823458193441,0.885186259295047,-1.22521079781645,2.26731668221402
"z_3[1,4]",-0.218220520236787,0.913059820007866,-1.9920067960794,1.57101738416105
"z_3[1,5]",0.17802347490734,0.91569045074398,-1.61882731103721,2.01247063840344
"z_3[1,6]",-0.388442446663883,0.944462380201899,-2.23113320179234,1.44897444399192
"z_3[1,7]",-0.328455124323908,0.697512638103286,-1.66950086353077,1.06605147997269
"z_3[1,8]",-0.0613144333636711,0.69712324181806,-1.39365587930217,1.35660204899562
"z_3[1,9]",-0.494262321767445,0.884593609933189,-2.16974359598837,1.29362373277184
"z_3[1,10]",0.151414374145067,0.741696336452067,-1.26423822279927,1.63866941120261
"z_3[1,11]",0.0100809349754981,0.69978736349106,-1.33685939501431,1.41808246375171
"z_3[1,12]",0.384761835642219,0.737868972049827,-1.05381034173467,1.83826795735898
"z_3[1,13]",0.734889871711995,0.790935328473942,-0.823668731114716,2.30699572180646
"z_3[1,14]",0.118000475775807,0.823568209058687,-1.48210639219732,1.77154963215843
"z_3[1,15]",0.319161673342265,0.718855113339675,-1.05053895056658,1.74195161419619
"z_3[1,16]",-0.554190019193805,0.909247878372433,-2.32789854736431,1.2774876564561
"z_3[1,17]",-0.157195802963545,0.8493092089364,-1.80546910119922,1.52045242808464
"z_3[1,18]",0.426395272115739,0.670369014928472,-0.898947634094826,1.73260215118322
"z_3[1,19]",0.774601992270372,0.639244155522132,-0.479282986745618,2.07165309238093
"z_3[1,20]",0.36484368136503,0.696152472039485,-0.985824405392518,1.73162901101264
"z_3[1,21]",-0.16874589371271,0.705890354932226,-1.55605921668175,1.22601298338841
"z_3[1,22]",0.0508081666386959,0.835714868321345,-1.5846203143573,1.69512454055414
"z_3[1,23]",-0.594820023472911,0.921668159949694,-2.38979334451022,1.24950214698735
"z_3[1,24]",0.164278483135136,0.813188212168838,-1.41561425972879,1.75509147635816
"z_3[1,25]",-0.559963155256435,0.917844427672984,-2.32917515922992,1.24643092367057
"z_3[1,26]",0.365979191586674,0.812490484300943,-1.22989888617437,1.949344839934
"z_3[1,27]",-0.354519684043158,0.88799970931616,-2.07096350382471,1.46288535302352
"z_3[1,28]",1.48505169362406,0.745567230892174,0.0224097097899343,2.95189171909311
"z_3[1,29]",1.57021336813469,0.671537706214577,0.257168045533487,2.90878340376369
"z_3[1,30]",-0.215497986418212,0.870958139350036,-1.9224170135079,1.46458016028722
"z_3[1,31]",-0.402208355092491,0.930159977942315,-2.20802226362854,1.46557184279687
"z_3[1,32]",-0.285034279517121,0.884433673154401,-1.98518098342498,1.47145975256502
"z_3[1,33]",-0.240707173586867,0.764666678298044,-1.7411125182625,1.27140017612573
"z_3[1,34]",-0.414004932038706,0.886971642457468,-2.078928279295,1.35972106789368
"z_3[1,35]",-0.52144028949759,0.906338999437117,-2.25480643258684,1.3071831428259
"z_3[1,36]",-0.410246345057867,0.78883180068739,-1.93316026759682,1.1837649148212
"z_3[1,37]",-0.359811528341785,0.774972384295353,-1.86934988313926,1.17513140591001
"z_3[1,38]",0.549046175129379,0.775166951883997,-0.970728613141663,2.07401577316824
"z_3[1,39]",0.0426942377924959,0.85495181718923,-1.60472047415378,1.73673807032986
"z_3[1,40]",-0.496372107887602,0.78575925410754,-2.04142415038303,1.0657140135688
"z_3[1,41]",-0.881837021235446,0.968751473292026,-2.73070403085217,1.01845873965389
"z_3[1,42]",-0.45503435141391,0.888892021070632,-2.15222615751986,1.32864150583428
"z_3[1,43]",-0.418936643557946,0.87764936202136,-2.09387552170465,1.3601825091984
"z_3[1,44]",-0.506051876053893,0.906934236083138,-2.24046991166001,1.34037190465585
"z_3[1,45]",-0.79034814969769,0.969455353355565,-2.70014917601745,1.15338273531851
"z_3[1,46]",0.225395322504969,0.816532208394049,-1.34803173990457,1.84544567803312
"z_3[1,47]",-0.146547756855884,0.861414969307767,-1.85054322883292,1.58050009903968
"z_3[1,48]",-0.534485658886063,0.791128768028953,-2.06022339396254,1.05439402319715
"z_3[1,49]",-0.452140383493989,0.793239240311282,-2.00782875260805,1.13525987241327
"z_3[1,50]",0.528102293231485,0.804627653863193,-1.05410244845166,2.14329341061754
"z_3[1,51]",0.0429207014746969,0.857988299962561,-1.64040653004129,1.71309674860169
"z_3[1,52]",0.449999973278966,0.787072163661732,-1.05946010950476,2.03156390544762
"z_3[1,53]",0.0553207643046713,0.919632031982932,-1.78896009341449,1.86971218745218
"z_3[1,54]",0.909613708621588,0.739655777064354,-0.538849538677936,2.38389623628081
"z_3[1,55]",0.739358014521678,0.756483875296809,-0.731542522751155,2.23244257014372
"z_3[1,56]",-0.452454813818184,0.952293463998776,-2.3257031522682,1.4222056263336
"z_3[1,57]",0.987850052929463,0.741503797716433,-0.422026192369493,2.48088113510121
"z_3[1,58]",-0.921381116611131,0.954462227040416,-2.7797655768021,0.996045255028139
"z_3[1,59]",-0.563251728893751,0.915938556908294,-2.34815942187302,1.18233833484025
"z_3[1,60]",-0.379474358732469,0.908506328069959,-2.11964918276873,1.43456681214156
"z_3[1,61]",-0.00663858645471698,0.835917539307847,-1.59617139255601,1.67044402349213
"z_3[1,62]",-0.179104383623455,0.781845235811615,-1.70867772925155,1.37177057744815
"z_3[1,63]",0.155061570771234,0.841688565437789,-1.50800499518105,1.8191796952308
"z_3[1,64]",0.741111108614384,0.769439383799704,-0.728034325654169,2.28246862729704
"z_3[1,65]",0.288611273914016,0.822398616492685,-1.30378284752435,1.90290617030083
"z_3[1,66]",-0.213454162858734,0.844064172400045,-1.82124891924656,1.44034747677629
"z_3[1,67]",0.862349154567592,0.828713165715105,-0.766354645894484,2.4919244533562
"z_3[1,68]",-0.0417889675653025,0.841624788828471,-1.65732242318348,1.57919971403978
"z_3[1,69]",-0.345295616598986,0.905118463330217,-2.10995374350968,1.44125860230534
"z_3[1,70]",0.0780532492849798,0.83189041696412,-1.52808805781103,1.72233723935743
"z_3[1,71]",0.676952647846759,0.758252603352342,-0.794941618238884,2.19199767784765
"z_3[1,72]",-0.279443676378481,0.882299291366412,-1.99817424940621,1.50141911830417
"z_3[1,73]",0.622129632580501,0.783910917531132,-0.880044610186393,2.17384911301901
"z_3[1,74]",0.241414312746823,0.798535414931746,-1.31803043571149,1.86353267630294
"z_3[1,75]",-0.181146800145199,0.880104042973824,-1.90065456097648,1.54064753124715
"z_3[1,76]",-0.00869714649343537,0.856646034227383,-1.67581805961206,1.72616347114553
"z_3[1,77]",0.391840349816472,0.769338662941773,-1.09692658928656,1.911526888975
"z_3[1,78]",0.277123921963097,0.828275413456707,-1.31995796956528,1.92756466157997
"z_3[1,79]",0.26379619700132,0.817815241288678,-1.34153763976553,1.89678610793412
"z_3[1,80]",0.022394323899152,0.853437306107768,-1.59759554856247,1.73945141993878
"z_3[1,81]",0.183319017175216,0.823110178488376,-1.43853861132973,1.84046534480292
"z_3[1,82]",-0.0139172874926265,0.845541592475174,-1.65457748295848,1.62956105255031
"z_3[1,83]",-0.571972496901071,0.922745403118622,-2.40643833465098,1.20074420286689
"z_3[1,84]",0.353137143321491,0.877675799266495,-1.38230758349839,2.06765401326593
"z_3[1,85]",-0.728017586420308,0.94843200325061,-2.54441642472811,1.15038126953875
"z_3[1,86]",0.743729552481271,0.85022006665097,-0.950985141834761,2.4146567189868
"z_3[1,87]",-0.53928406777465,0.930684050801421,-2.32947979470636,1.30906734374334
"z_3[1,88]",-0.572759006839844,0.81073497356446,-2.16575384782429,1.00571304165024
"z_3[1,89]",-0.0613724139955917,0.702283811550586,-1.42526311519829,1.34031287556712
"z_3[1,90]",0.334371322467532,0.620241790838504,-0.881919059006439,1.54662573744807
"z_3[1,91]",0.957922016853748,0.550297547332478,-0.118345281483945,2.07917893763852
"z_3[1,92]",1.16022969394777,0.582934906125555,0.0203110771747178,2.33635224626137
"z_3[1,93]",-0.0963506328384534,0.59485591261616,-1.26143480383291,1.08856377071915
"z_3[1,94]",0.302910519534757,0.629392014155403,-0.923841396599098,1.57037581526588
"z_3[1,95]",1.27966438642691,0.465515260453472,0.399348244281489,2.22942414450441
"z_3[1,96]",1.04797146766169,0.45928563055074,0.171025366057787,1.99138617854477
"z_3[1,97]",-0.743366689200519,0.582863530518478,-1.86909159148469,0.405656839615448
"z_3[1,98]",-0.662894524786174,0.740545671362976,-2.09459436503224,0.815897889191729
"z_3[1,99]",-0.557540061861627,0.603054181903161,-1.7398670437534,0.647853782836381
"z_3[1,100]",-1.04517944663763,0.682675761936056,-2.36868890643432,0.316329726102419
"z_3[1,101]",-0.81103422871537,0.616773126336057,-2.01647624404014,0.428187970770626
"z_3[1,102]",-0.108331169282629,0.648129046920439,-1.35567823797957,1.17817148739819
"z_3[1,103]",0.0243295236949145,0.756730095743953,-1.43865385780234,1.54179063257588
"z_3[1,104]",-0.296897656279628,0.861508965963882,-1.97833804263026,1.4242823996125
"z_3[1,105]",1.06666895991579,0.523884769084941,0.0647245428762629,2.13197616338915
"z_3[1,106]",0.0667284200772789,0.665475573720095,-1.22887075694804,1.38494607994951
"z_3[1,107]",0.395370213667473,0.547401483312925,-0.673420815714733,1.47765794430609
"z_3[1,108]",0.429211011596706,0.673235457819638,-0.904032210612442,1.7517796037732
"z_3[1,109]",-0.986106946061042,0.721615266683666,-2.38387153421421,0.483004481472689
"z_3[1,110]",0.155923810706785,0.67943661595552,-1.14737043661483,1.48817658798202
"z_3[1,111]",-0.471615202079769,0.889583475517123,-2.22097310468563,1.30043127828299
"z_3[1,112]",-0.444532786062186,0.751792444376509,-1.89567560144371,1.05820606614993
"z_3[1,113]",0.793048816715151,0.629576782047483,-0.409745731020204,2.04934990929457
"z_3[1,114]",-0.360455470868232,0.876112512966029,-2.07312903001539,1.3671661791406
"z_3[1,115]",-0.310188714372904,0.956239150557211,-2.2099403143564,1.54526308770602
"z_3[1,116]",-0.275703921101683,0.937647990290397,-2.11482353028576,1.57800637077947
"z_3[1,117]",-0.309129389258952,0.934401969168504,-2.18603829309488,1.5260531917918
"z_3[1,118]",-0.147208655017841,0.958237914711993,-2.02699234904083,1.69980758594808
"z_3[1,119]",-0.0947657437020635,0.980744200930961,-1.98036959914853,1.84304262149333
"z_3[1,120]",0.226398197912481,0.920212456811101,-1.57529694320775,2.04436391867791
"z_3[1,121]",0.523618747724545,0.845419969512157,-1.17704633157209,2.13053986751247
"z_3[1,122]",-0.4828286847376,0.903951963737357,-2.28629366657795,1.31701857465838
"z_3[1,123]",-0.180572693022455,0.779380287070334,-1.71040798964069,1.37619453168222
"z_3[1,124]",-0.162832585131508,0.772362151891776,-1.67097891125836,1.36680995961343
"z_3[1,125]",1.58559665884534,0.661663584812448,0.271113001073987,2.87752782865975
"z_3[1,126]",-0.477122307644593,0.686777567707527,-1.82537484583142,0.884791684755539
"z_3[1,127]",-0.614642482060832,0.70398712054071,-1.98548065935243,0.775680792378958
"z_3[1,128]",0.221017174254106,0.855468486086838,-1.47115824365201,1.91693322213795
"z_3[1,129]",1.20937773791684,0.717465118276054,-0.216439503245013,2.59697969161425
"z_3[1,130]",0.098701261852777,0.690730889584961,-1.25842235077862,1.50200603812104
"z_3[1,131]",-0.533766208331933,0.901273620661802,-2.28914586978075,1.24634518859677
"z_3[1,132]",-0.763804699394447,0.945093139819783,-2.59733072316658,1.10352748922925
"z_3[1,133]",-0.648060566691876,0.937466963500686,-2.50117445327853,1.23853089045141
"z_3[1,134]",-0.708913421757964,0.937364667668772,-2.5030900110096,1.20634311304874
"z_3[1,135]",-0.669608034234728,0.948059165230224,-2.53996171060012,1.22093714450663
"z_3[1,136]",-1.49969665620217,0.928473990168712,-3.25593864257543,0.372186379613601
"z_3[1,137]",-0.499898232714577,0.902571833980449,-2.23011363573181,1.32764156396197
"z_3[1,138]",-0.84935915705335,0.944399158077263,-2.67331921725184,1.03700744759008
"z_3[1,139]",1.25781373803713,0.688713204320438,-0.133668654974306,2.59336728871787
"z_3[1,140]",1.40965244755836,0.677256637416343,0.0960628561984361,2.7734804389836
"z_3[1,141]",2.05028360931982,0.604781303659814,0.87793352098003,3.24663317562002
"z_3[1,142]",-0.0590003981698759,0.91222334868805,-1.85957197333856,1.70691057853968
"z_3[1,143]",0.146951289406014,0.901526411436922,-1.6144499426049,1.9214680944373
"z_3[1,144]",0.578597638518344,0.813872041422435,-1.00670565032484,2.19251058817975
"z_3[1,145]",0.39728946523625,0.822515878023551,-1.21123198672612,2.0227790818709
"z_3[1,146]",-0.18438169346768,0.868132423341149,-1.83529908145473,1.53287746388979
"z_3[1,147]",-0.0818069895123954,0.837992347533406,-1.68223410299969,1.60404188403956
"z_3[1,148]",-0.412927875123856,0.920842843632335,-2.19305954958686,1.42650736911976
"z_3[1,149]",-0.241186235023151,0.866742595653959,-1.95833791100933,1.49975246130952
"z_3[1,150]",-0.30883877174409,0.925588213345393,-2.14279305372711,1.52752145019925
"z_3[1,151]",0.0951610703833676,0.864626250735207,-1.55824539022814,1.80740696115162
"z_3[1,152]",0.56205978971622,0.854355297012504,-1.14044555008199,2.23812383983008
"z_3[1,153]",0.730252635769338,0.871514632907542,-1.00934722376979,2.46735651766464
"z_3[1,154]",0.108929023695663,0.887283586506635,-1.62418150809257,1.82285375874342
"z_3[1,155]",-0.781043456130529,0.956276614292257,-2.63202295270061,1.10969435377654
"z_3[1,156]",-0.192695954325092,0.881954274808201,-1.90692571773359,1.57097402080199
"z_3[1,157]",-0.494776227415412,0.960101354461212,-2.38809063447796,1.38167503693114
"z_3[1,158]",-0.944727875040902,0.987684569404762,-2.82038254919348,0.9573885196403
"z_3[1,159]",0.161743507322457,0.843500362588582,-1.50549483878074,1.82404938429481
"z_3[1,160]",0.442203468041514,0.854709277988114,-1.24617899363936,2.13474534307302
"z_3[1,161]",1.00247714631053,0.801932921901203,-0.585216684282005,2.56282254227668
"z_3[1,162]",-0.350037651835249,0.894115920969324,-2.0775693830725,1.44232212409531
"z_3[1,163]",-0.0797398704513506,0.834977986042161,-1.69215188889573,1.55521726327178
"z_3[1,164]",-0.759899529835681,0.910991701071515,-2.52294570426853,1.05866145048783
"z_3[1,165]",-1.03749347247944,0.979609228000414,-2.91486598722728,0.891903754553329
"z_3[1,166]",-0.803346721658245,0.952371761832901,-2.59994415453373,1.12329120649067
"z_3[1,167]",0.298137619673879,0.796929358604584,-1.24655194990192,1.90257052485512
"z_3[1,168]",0.571280270066924,0.761059300568742,-0.913111183736287,2.06776279126226
"z_3[1,169]",0.231488793643775,0.844071685207563,-1.43730589744668,1.87072751370965
"z_3[1,170]",-0.292114091137891,0.856759581553136,-1.93037439559795,1.395177977642
"z_3[1,171]",0.36715493296048,0.796235804225041,-1.15621402523422,1.94426685712525
"z_3[1,172]",-0.128895054928054,0.837999368637311,-1.7528036718723,1.5661343907921
"z_3[1,173]",0.219139182708019,0.836918502596143,-1.39764640468649,1.91621252198834
"z_3[1,174]",0.375303278348931,0.80194445566899,-1.1796284741288,1.9463417924464
"z_3[1,175]",0.379278606230136,0.788942991099416,-1.15770876783829,1.93052578109977
"z_3[1,176]",0.521546704867855,0.775663177151359,-0.959238369403641,2.08294404075038
"z_3[1,177]",0.530717657381318,0.76945135016381,-0.957990074335865,2.02569376088481
"z_3[1,178]",0.436843964943181,0.784684064815697,-1.05960157337477,1.99291062149104
"z_3[1,179]",-0.133490999184106,0.842901440391765,-1.78787702385725,1.49064704474963
"z_3[1,180]",0.81171673543263,0.78088298808853,-0.706316070742919,2.34616080692504
"z_3[1,181]",0.449209014100043,0.793332300147609,-1.09790262150239,1.97209828571664
"z_3[1,182]",1.62397904617054,0.721761318386181,0.204948117095742,3.04667580338608
"z_3[1,183]",0.82676018284556,0.770174694984251,-0.639385002777698,2.34646417043389
"z_3[1,184]",-0.114360133824623,0.847144685316601,-1.76803976448873,1.57736563630424
"z_3[1,185]",-0.415660986389682,0.899024298055039,-2.19122552794486,1.38221708220279
"z_3[1,186]",-0.703407064181641,0.936272652129924,-2.51088734964126,1.11175833896215
"z_3[1,187]",-0.541088941069787,0.943481461227669,-2.36100852782911,1.3531207738553
"z_3[1,188]",-0.773403807978873,0.944922197272204,-2.63196102336741,1.09006732521581
"z_3[1,189]",0.250782727589381,0.818427877438798,-1.35152496263789,1.87196548359759
"z_3[1,190]",-0.384182795726955,0.902455400694424,-2.10916942610781,1.4133216370905
"z_3[1,191]",-0.509704574350226,0.910406819865776,-2.28774596783513,1.30476558025586
"z_3[1,192]",-0.782732974505822,0.949149210650886,-2.62016914102875,1.1302654318489
"z_3[1,193]",0.172792940772665,0.686709507157325,-1.16758373443736,1.52076752274327
"z_3[1,194]",-0.111768018455388,0.723211555197399,-1.56261178137715,1.30691435260334
"z_3[1,195]",0.996855489831566,0.70837330818628,-0.388716820085576,2.36995153461391
"z_3[1,196]",-0.612151890620586,0.828352939108905,-2.21531237244924,1.03231208873204
"z_3[1,197]",-0.120342891565874,0.842226262920483,-1.78012784399435,1.57314371375773
"z_3[1,198]",0.397879501459136,0.637188877279727,-0.814973912815462,1.68938158997693
"z_3[1,199]",-0.835650795313083,0.730141786280937,-2.2434893892267,0.665411778928769
"z_3[1,200]",-0.0636690144051532,0.844061225971771,-1.70435966225393,1.58228178452057
"z_3[1,201]",-0.902617403211146,0.75692562585994,-2.35237614392148,0.589809536182226
"z_3[1,202]",0.479602938815143,0.625322438098652,-0.727276793918956,1.74005611087809
"z_3[1,203]",-0.104996301203815,0.779051893719446,-1.64064958686755,1.42531712333804
"z_3[1,204]",0.195135162898808,0.795584124992261,-1.32878115126247,1.76902982167242
"z_3[1,205]",0.377632288679835,0.626378520967763,-0.852157770896479,1.64021122363489
"z_3[1,206]",0.664320389533044,0.635344326139069,-0.568409931512307,1.94030430622096
"z_3[1,207]",-0.203378376814964,0.869795409861408,-1.88986624719379,1.50911495754438
"z_3[1,208]",-0.239004660174719,0.763578255782177,-1.71313913957568,1.3043565966283
"z_3[1,209]",0.342243884156903,0.887529797755228,-1.40050913673653,2.0660179935701
"z_3[1,210]",-0.241076578626229,0.893172521530829,-2.00075163914402,1.51933860190967
"z_3[1,211]",-0.474537068664507,0.960599757295728,-2.35174226699799,1.37899917741913
"z_3[1,212]",0.435482644505545,0.672698087751026,-0.896911410736394,1.78123081306455
"z_3[1,213]",1.03029440837737,0.639315669117802,-0.226391664016005,2.30914379527836
"z_3[1,214]",0.0920785849912995,0.801133831485597,-1.49547211483836,1.65714711441715
"z_3[1,215]",-1.3062935447208,0.754348125185673,-2.77421692600941,0.208563809781972
"z_3[1,216]",-0.456517407150729,0.729192719973974,-1.84449593702502,0.994551248573773
"z_3[1,217]",0.267743661844941,0.690118426118273,-1.12067851526758,1.61835114234253
"z_3[1,218]",-0.0976156540070302,0.690505321782219,-1.439588638479,1.25203001787285
"z_3[1,219]",0.379072010131421,0.846005831656114,-1.26849565917577,2.01830110332611
"z_3[1,220]",0.378707591628934,0.832244404982672,-1.25012615809612,2.01982330742484
"z_3[1,221]",-0.106121235617567,0.858222816196787,-1.74958145915333,1.61312737025643
"z_3[1,222]",-0.30274472242903,0.876857645677678,-1.97703910629713,1.45734901092729
"z_3[1,223]",0.33970317452921,0.822722837116538,-1.25001897864785,1.96029298077811
"z_3[1,224]",-0.737485176949256,0.852102831964128,-2.38376459049726,0.934235184183867
"z_3[1,225]",-0.629231012579445,0.908567644214106,-2.42621361184626,1.17480933675039
"z_3[1,226]",0.227106308527281,0.813678163714581,-1.36248006042681,1.88252051227288
"z_3[1,227]",0.812005272993971,0.7711452368354,-0.683403450145291,2.34124263921645
"z_3[1,228]",0.207087620880755,0.811802535130841,-1.35295357364269,1.81728370561185
"z_3[1,229]",0.271000262021797,0.810408384416035,-1.3077086733667,1.85069586903817
"z_3[1,230]",0.445098828748304,0.824381708301433,-1.18331767308409,2.04657932738682
"z_3[1,231]",-0.000988892107278834,0.786338066686732,-1.52804972947232,1.54593888187004
"z_3[1,232]",0.134615861380417,0.830673106847805,-1.45960242976656,1.76812363937822
"z_3[1,233]",0.145465510180336,0.813241177312896,-1.4324367737168,1.74682820941708
"z_3[1,234]",0.2308341004408,0.892084617664964,-1.52363932423284,1.96821132871306
"z_3[1,235]",-0.0443955876372856,0.775819271030427,-1.55275557285159,1.48283389470395
"z_3[1,236]",-0.771958472356565,0.955304714520536,-2.63515305959837,1.09074901803275
"z_3[1,237]",-0.478174842187677,0.877678694783141,-2.14571822200796,1.25569982067866
"z_3[1,238]",0.663327963427128,0.872370726862584,-1.07642599678287,2.37140548008392
"z_3[1,239]",0.0369258621876429,0.848195108310797,-1.62604168900008,1.72741973145381
"z_3[1,240]",-0.797498688170631,0.87458421724594,-2.54041163217049,0.905980190312895
"z_3[1,241]",-0.245491939779154,0.937955973800819,-2.08295539514089,1.56964931418124
"z_3[1,242]",-0.0151847927115921,0.951156098502661,-1.89110259830649,1.81239213827567
"z_3[1,243]",-0.206134522087721,0.940719773474647,-1.99615748627378,1.64643839830398
"z_3[1,244]",-0.0893258745908651,0.904378145958905,-1.85134446124632,1.70991638955352
"z_3[1,245]",-0.0355556175999934,0.948062800479535,-1.90306488048741,1.81681649733987
"z_3[1,246]",0.21259818399133,0.853750240963826,-1.43706049503386,1.86597990913918
"z_3[1,247]",-0.684411513889264,0.86007236017116,-2.3441496578146,1.03524678585723
"z_3[1,248]",-0.170228504172028,0.859715469687061,-1.84359782948273,1.54546441488868
"z_3[1,249]",-0.250003577730112,0.899955048223212,-1.99139761323852,1.51658349295094
"z_3[1,250]",0.845184448827154,0.789067516239299,-0.710410837347742,2.40057591597646
"z_3[1,251]",0.647706283993813,0.843661444932021,-1.00870157308021,2.31098276896243
"z_3[1,252]",0.330170505888419,0.82933547047173,-1.25119375982781,1.94573788409297
"z_3[1,253]",-0.0761465298559092,0.877061322862961,-1.76225528656095,1.63062702236313
"z_3[1,254]",-0.592432767242066,0.905980171094885,-2.33069226114853,1.1930254247223
"z_3[1,255]",0.58829464406933,0.882617820490364,-1.15934259592564,2.33072461162424
"z_3[1,256]",-0.533130834888405,0.905444070740063,-2.28147539431814,1.24180040607216
"z_3[1,257]",-0.427888167419929,0.955385322270725,-2.32110043982313,1.45536596564961
"z_3[1,258]",0.0729556751822245,0.838661940363453,-1.57856897698722,1.73009154712045
"z_3[1,259]",-0.538771318351901,0.904011078165606,-2.27316157477667,1.24089742265545
"z_3[1,260]",0.934417706041814,0.752910563976127,-0.516782085127743,2.43509015804861
"z_3[1,261]",-0.789256996264783,0.920882723696362,-2.58853243176696,1.02962297577112
"z_3[1,262]",0.642870053878296,0.803836507755714,-0.911379683379632,2.24234212687022
"z_3[1,263]",-0.6926895880989,0.946730998703546,-2.51023920700955,1.20835200403292
"z_3[1,264]",0.564209124979943,0.777718251316571,-0.934110582399303,2.0953916498236
"z_3[1,265]",0.0562078560036627,0.84820136373707,-1.6240787553705,1.72581241360171
"z_3[1,266]",-0.592017627224725,0.939570960126015,-2.43019411828363,1.27664800433052
"z_3[1,267]",0.439874346796183,0.8065301707053,-1.13484607382294,2.05183478130548
"z_3[1,268]",0.779899452910072,0.763798280848253,-0.708077470670871,2.26616240189017
"z_3[1,269]",-0.260335873861659,0.87786918089544,-1.98686071128053,1.49674174289719
"z_3[1,270]",0.275674945314818,0.81308332963248,-1.33759923969031,1.88993034132174
"z_3[1,271]",0.725034157226338,0.791739464528785,-0.834500949918541,2.25867530341778
"z_3[1,272]",-0.834334993585135,0.959767054235128,-2.7139858712748,1.08126969477396
"z_3[1,273]",-0.547270252294915,0.938757884029376,-2.36830496744287,1.27661812092574
"z_3[1,274]",0.163108419019876,0.859120240615771,-1.50861186685299,1.85806531546204
"z_3[1,275]",0.0439305477292387,0.861250563305914,-1.6715259161297,1.70909381086174
"z_3[1,276]",-0.311324802894925,0.918385041920653,-2.09891574612538,1.51749583311876
"z_3[1,277]",0.285848768010314,0.861221710934308,-1.39013909580026,1.96140052101463
"z_3[1,278]",0.949571134640369,0.835489746350398,-0.687356094775721,2.56628120836312
"z_3[1,279]",0.0230021352704636,0.846009695472809,-1.58957396242605,1.71713447918526
"z_3[1,280]",-0.439357283563661,0.884532279089974,-2.12430687548424,1.34098793064149
"z_3[1,281]",0.259509643469326,0.835317647757606,-1.37564593932178,1.87417252875933
"z_3[1,282]",-0.127024851098196,0.985458313852923,-2.06778357950351,1.78183672060378
"z_3[1,283]",-0.212019198217928,0.94590293836685,-2.07853982499701,1.62574636955801
"z_3[1,284]",-0.241352088083236,0.962751347626131,-2.09093005358246,1.60978482184525
"z_3[1,285]",0.0377040069063489,0.842598225430793,-1.61309187921286,1.70631211563511
"z_3[1,286]",0.236751291344783,0.852116333303583,-1.45343257140854,1.89177264692539
"z_3[1,287]",-0.113384369361646,0.866801994781638,-1.84994831901478,1.61333898177219
"z_3[1,288]",0.819612940003518,0.82996193531121,-0.768570997659683,2.47164874660973
"z_3[1,289]",-0.623240482314276,0.926727669923451,-2.44579317963832,1.16506560562616
"z_3[1,290]",0.0282873390945396,0.867125732362484,-1.6509280557954,1.7446756871258
"z_3[1,291]",-0.249083737879271,0.897558972861391,-1.9907616637415,1.53417801832589
"z_3[1,292]",-0.170651007044545,0.868316409527775,-1.87898560983594,1.53865584402237
"z_3[1,293]",-0.136674762710464,0.971110549813854,-2.10530402151351,1.79160544938787
"z_3[1,294]",-0.242676104026798,0.970156902040427,-2.19511255024392,1.69492849797429
"z_3[1,295]",-0.170202559333679,0.956674031644124,-2.01677721079952,1.70948013124851
"z_3[1,296]",-0.224122587968889,0.957482368933998,-2.15877261553039,1.66797825875145
"z_3[1,297]",-0.213663380235901,0.972930083877681,-2.1430981031763,1.71990149388173
"z_3[1,298]",0.154189057284002,0.954004415967456,-1.72345542024241,2.0559525712041
"z_3[1,299]",-0.185111996848009,0.981328893039632,-2.09608635381392,1.70920160181835
"z_3[1,300]",-0.231190738535541,0.951186806159068,-2.08926855221207,1.62835244018248
"z_3[1,301]",-0.131184553617402,0.940672503399915,-1.93914522095712,1.71416326898658
"z_3[1,302]",-0.229150069580307,0.950288495641928,-2.11092686105109,1.64994480823333
"z_3[1,303]",0.0842181295027459,0.928768812566089,-1.76427856060896,1.89568804623314
"z_3[1,304]",-0.244164537574551,0.950510860616468,-2.08441456549895,1.61386766900535
"z_3[1,305]",-0.202929425720037,0.978269433641747,-2.11768866382132,1.66334378432926
"z_3[1,306]",0.568776366395365,0.924344403367688,-1.23257916207367,2.39801798792213
"z_3[1,307]",-0.1595259150542,0.966031488742691,-2.04625509231698,1.75377269534716
"z_3[1,308]",-0.225417423571807,0.95658346437884,-2.14066804185135,1.61627976583747
"z_3[1,309]",0.729237464662991,0.902781746666938,-1.08002647822165,2.46739325777749
"z_3[1,310]",-0.151100910830034,0.979642659021457,-2.05321707389123,1.7130533599465
"z_3[1,311]",-0.220289050439473,0.947746023257003,-2.092739308273,1.59723076334094
"z_3[1,312]",-0.231087711846,0.952474968523103,-2.11208449344206,1.65082787508187
"z_3[1,313]",-0.25703199327294,0.952993546434118,-2.11418921000664,1.6267726893246
"z_3[1,314]",0.121464073437601,0.81242668505761,-1.43406520163866,1.74847815445452
"z_3[1,315]",0.222993658468901,0.826366578109446,-1.39353926497266,1.84327727409212
"z_3[1,316]",0.30067495252997,0.813008517068322,-1.26585401991879,1.93174804498944
"z_3[1,317]",0.44026455289317,0.828621189865794,-1.14773494396497,2.07953003824684
"z_3[1,318]",0.324113742828765,0.821646734449085,-1.30346783437712,1.92537525433257
"z_3[1,319]",0.451034740984066,0.782818196612421,-1.05545721419577,2.00004234116825
"z_3[1,320]",0.0190234006043332,0.829184140241141,-1.5835683038398,1.63813070081345
"z_3[1,321]",-0.370304939725991,0.869861013993693,-2.06047865875836,1.39945223682822
"z_3[1,322]",-0.682227716777016,0.925148720004546,-2.48086821252325,1.19539210300628
"z_3[1,323]",-0.118876974937469,0.847358267745829,-1.76500588255575,1.54529206200587
"z_3[1,324]",-0.308467963498876,0.871500265409627,-1.96143686836782,1.41284121080654
"z_3[1,325]",-0.00551693114790757,0.819095122996182,-1.620546676646,1.57329672289538
"z_3[1,326]",-0.684087594969917,0.938492256827837,-2.50669010296705,1.18674275609377
"z_3[1,327]",-0.404869185214843,0.880714907782386,-2.13391201928546,1.35616779742124
"z_3[1,328]",-0.41845520259557,0.88533950230537,-2.10722840001825,1.33879592345335
"z_3[1,329]",-0.288126624356085,0.858770358495365,-1.91635344229145,1.44882311449198
"z_3[1,330]",0.688331010736862,0.771196712144051,-0.80089995962425,2.20232274224713
"z_3[1,331]",0.418915853321832,0.788433054119581,-1.07275206067616,1.9864878839236
"z_3[1,332]",0.498768555410963,0.787641055526443,-1.03940980772017,2.04793017514564
