"edna_campaign_id","fold","n_rows"
"Bowden Reef (19-019)__campaign_4",1,43
"Vicki Harriott Reef (15-070)__campaign_1",2,19
"Bowden Reef (19-019)__campaign_6",3,18
"Davies Reef (18-096)__campaign_9",4,17
"Davies Reef (18-096)__campaign_4",5,16
"Davies Reef (18-096)__campaign_5",1,16
"U/N Reef (20-386)__campaign_2",2,16
"Eyrie Reef (14-118)__campaign_2",3,15
"Keeper Reef (18-079)__campaign_1",4,15
"Lady Musgrave Reef (23-082a)__campaign_1",5,15
"Davies Reef (18-096)__campaign_8",1,14
"U/N Reef (21-466)__campaign_1",2,14
"Moore Reef (16-071)__campaign_1",3,13
"Eyrie Reef (14-118)__campaign_3",4,12
"Davies Reef (18-096)__campaign_1",5,11
"Lizard Island Reef (Lagoon) (14-116d)__campaign_5",1,11
"Davies Reef (18-096)__campaign_11",2,10
"Banfield Reef (North) (18-105a)__campaign_3",3,9
"Batt Reef (16-029)__campaign_4",4,9
"Davies Reef (18-096)__campaign_7",5,9
"Lizard Island Reef (Lagoon) (14-116d)__campaign_7",1,9
"Davies Reef (18-096)__campaign_6",2,8
"U/N Reef (21-250a)__campaign_1",3,8
"Eyrie Reef (14-118)__campaign_1",4,7
"Lizard Island Reef (Lagoon) (14-116d)__campaign_4",5,7
"U/N Reef (21-460)__campaign_1",1,7
"(Big) Broadhurst Reef (No 1) (18-100a)__campaign_1",2,6
"Davies Reef (18-096)__campaign_3",3,6
"Fitzroy Reef (23-077)__campaign_1",4,6
"Lizard Island Reef (Lagoon) (14-116d)__campaign_6",5,6
"Lizard Island Reef (North West) (14-116a)__campaign_1",1,6
"Lizard Island Reef (North West) (14-116a)__campaign_7",2,6
"Thetford Reef (16-068)__campaign_3",3,6
"Banfield Reef (North) (18-105a)__campaign_1",4,5
"Bushy-Redbill Reef (20-310)__campaign_1",5,5
"Judith Wright Reef (18-101)__campaign_1",1,5
"Lynchs Reef (18-091)__campaign_1",2,5
"Banfield Reef (North) (18-105a)__campaign_2",3,4
"Batt Reef (16-029)__campaign_1",4,4
"Batt Reef (16-029)__campaign_3",5,4
"Darley Reef (19-043)__campaign_1",1,4
"Elford Reef (16-073)__campaign_2",2,4
"Lizard Island Reef (Lagoon) (14-116d)__campaign_1",3,4
"Lizard Island Reef (North West) (14-116a)__campaign_2",4,4
"Lizard Island Reef (North West) (14-116a)__campaign_3",5,4
"Lizard Island Reef (North West) (14-116a)__campaign_5",1,4
"Lizard Island Reef (North West) (14-116a)__campaign_6",2,4
"Tongue Reef (16-026)__campaign_1",3,4
"U/N Reef (21-057)__campaign_1",4,4
"U/N Reef (21-067)__campaign_1",5,4
"Batt Reef (16-029)__campaign_2",1,3
"Davies Reef (18-096)__campaign_10",2,3
"Green Island Reef (16-049)__campaign_3",3,3
"Lizard Island Reef (Lagoon) (14-116d)__campaign_2",4,3
"Lizard Island Reef (Lagoon) (14-116d)__campaign_3",5,3
"North Direction Reef (14-143)__campaign_3",1,3
"Thetford Reef (16-068)__campaign_2",2,3
"U/N Reef (21-069)__campaign_1",3,3
"Davies Reef (18-096)__campaign_2",4,2
"Elford Reef (16-073)__campaign_3",5,2
"Eyrie Reef (14-118)__campaign_4",1,2
"Faith Reef (19-044)__campaign_1",2,2
"Green Island Reef (16-049)__campaign_1",3,2
"Green Island Reef (16-049)__campaign_4",4,2
"Lizard Island Reef (North East) (14-116b)__campaign_4",5,2
"Lizard Island Reef (North West) (14-116a)__campaign_4",1,2
"Moore Reef (16-071)__campaign_2",2,2
"Moore Reef (16-071)__campaign_3",3,2
"North Direction Reef (14-143)__campaign_1",4,2
"Prawn Reef (19-024)__campaign_1",5,2
"U/N Reef (11-049)__campaign_4",1,2
"John Brewer Reef (18-075)__campaign_1",2,1
"Lizard Island Reef (North East) (14-116b)__campaign_1",3,1
"Lizard Island Reef (North East) (14-116b)__campaign_2",4,1
"Lizard Island Reef (North East) (14-116b)__campaign_5",5,1
"Lizard Island Reef (North East) (14-116b)__campaign_7",1,1
"Shrimp Reef (18-118)__campaign_1",2,1
"U/N Reef (15-043)__campaign_1",3,1
