"model","edna_pct","conditional_cpue","marginal_new_group_cpue"
"reef",0,0.00755871763103127,0.0138336240293394
"reef",0.25,0.007584201145943,0.0138802628087518
"reef",0.5,0.00760977057615993,0.0139270588264802
"reef",0.75,0.00763542621133756,0.0139740126126389
"reef",1,0.00766116834210788,0.0140211246991294
"reef",1.25,0.00768699726008279,0.0140683956196468
"reef",1.5,0.00771291325785727,0.0141158259096851
"reef",1.75,0.00773891662901278,0.0141634161065438
"reef",2,0.00776500766812058,0.0142111667493341
"reef",2.25,0.00779118667074503,0.0142590783789845
"reef",2.5,0.00781745393344696,0.0143071515382472
"reef",2.75,0.00784380975378702,0.0143553867717043
"reef",3,0.00787025443032908,0.014403784625774
"reef",3.25,0.00789678826264357,0.0144523456487165
"reef",3.5,0.00792341155131091,0.0145010703906405
"reef",3.75,0.00795012459792488,0.0145499594035094
"reef",4,0.00797692770509607,0.0145990132411474
"reef",4.25,0.00800382117645529,0.014648232459246
"reef",4.5,0.00803080531665702,0.01469761761537
"reef",4.75,0.00805788043138283,0.014747169268964
"reef",5,0.0080850468273449,0.0147968879813589
"reef",5.25,0.00811230481228943,0.0148467743157779
"reef",5.5,0.00813965469500019,0.014896828837343
"reef",5.75,0.00816709678530196,0.0149470521130817
"reef",6,0.00819463139406408,0.0149974447119329
"reef",6.25,0.00822225883320394,0.0150480072047538
"reef",6.5,0.00824997941569056,0.0150987401643262
"reef",6.75,0.00827779345554808,0.0151496441653628
"reef",7,0.00830570126785933,0.0152007197845142
"reef",7.25,0.00833370316876947,0.0152519676003748
"reef",7.5,0.00836179947548946,0.01530338819349
"reef",7.75,0.00838999050629972,0.015354982146362
"reef",8,0.00841827658055375,0.0154067500434574
"reef",8.25,0.00844665801868168,0.0154586924712128
"reef",8.5,0.00847513514219395,0.0155108100180423
"reef",8.75,0.00850370827368498,0.0155631032743435
"reef",9,0.00853237773683675,0.0156155728325045
"reef",9.25,0.00856114385642249,0.0156682192869109
"reef",9.5,0.00859000695831043,0.0157210432339517
"reef",9.75,0.00861896736946738,0.015774045272027
"reef",10,0.0086480254179625,0.0158272260015541
"reef",10.25,0.00867718143297104,0.0158805860249748
"reef",10.5,0.00870643574477799,0.0159341259467616
"reef",10.75,0.00873578868478189,0.0159878463734254
"reef",11,0.00876524058549854,0.0160417479135214
"reef",11.25,0.00879479178056481,0.0160958311776569
"reef",11.5,0.00882444260474237,0.0161500967784975
"reef",11.75,0.00885419339392153,0.0162045453307745
"reef",12,0.00888404448512502,0.0162591774512918
"reef",12.25,0.00891399621651179,0.0163139937589326
"reef",12.5,0.00894404892738089,0.0163689948746666
"reef",12.75,0.00897420295817527,0.0164241814215574
"reef",13,0.00900445865048565,0.0164795540247686
"reef",13.25,0.0090348163470544,0.0165351133115721
"reef",13.5,0.0090652763917794,0.0165908599113541
"reef",13.75,0.00909583912971797,0.0166467944556231
"reef",14,0.00912650490709074,0.0167029175780163
"reef",14.25,0.00915727407128559,0.0167592299143075
"reef",14.5,0.00918814697086162,0.0168157321024137
"reef",14.75,0.00921912395555303,0.0168724247824027
"reef",15,0.00925020537627311,0.0169293085965003
"reef",15.25,0.00928139158511825,0.0169863841890972
"reef",15.5,0.00931268293537189,0.017043652206757
"reef",15.75,0.00934407978150851,0.0171011132982228
"reef",16,0.00937558247919772,0.0171587681144252
"reef",16.25,0.00940719138530819,0.017216617308489
"reef",16.5,0.00943890685791174,0.0172746615357411
"reef",16.75,0.00947072925628742,0.0173329014537179
"reef",17,0.00950265894092556,0.0173913377221725
"reef",17.25,0.00953469627353182,0.0174499710030823
"reef",17.5,0.00956684161703132,0.0175088019606564
"reef",17.75,0.0095990953355728,0.0175678312613435
"reef",18,0.00963145779453263,0.0176270595738389
"reef",18.25,0.00966392936051903,0.0176864875690924
"reef",18.5,0.00969651040137623,0.017746115920316
"reef",18.75,0.00972920128618859,0.0178059453029912
"reef",19,0.0097620023852848,0.0178659763948768
"reef",19.25,0.00979491407024211,0.0179262098760169
"reef",19.5,0.00982793671389046,0.0179866464287478
"reef",19.75,0.00986107069031681,0.0180472867377067
"reef",20,0.00989431637486925,0.0181081314898388
"reef",20.25,0.00992767414416138,0.0181691813744053
"reef",20.5,0.0099611443760765,0.018230437082991
"reef",20.75,0.00999472744977189,0.0182918993095127
"reef",21,0.0100284237456832,0.0183535687502263
"reef",21.25,0.0100622336455285,0.0184154461037353
"reef",21.5,0.010096157532313,0.0184775320709983
"reef",21.75,0.010130195790333,0.0185398273553373
"reef",22,0.0101643488051807,0.0186023326624453
"reef",22.25,0.0101986169637479,0.0186650487003947
"reef",22.5,0.010233000654231,0.0187279761796448
"reef",22.75,0.0102675002661352,0.0187911158130505
"reef",23,0.0103021161902787,0.0188544683158698
"reef",23.25,0.0103368488187975,0.0189180344057721
"reef",23.5,0.0103716985451496,0.0189818148028464
"reef",23.75,0.0104066657641194,0.0190458102296096
"reef",24,0.0104417508718224,0.0191100214110142
"reef",24.25,0.0104769542657095,0.0191744490744569
"reef",24.5,0.0105122763445716,0.019239093949787
"reef",24.75,0.0105477175085441,0.019303956769314
"reef",25,0.0105832781591114,0.0193690382678167
"reef",25.25,0.0106189586991114,0.0194343391825509
"reef",25.5,0.0106547595327402,0.019499860253258
"reef",25.75,0.0106906810655566,0.0195656022221735
"reef",26,0.0107267237044869,0.0196315658340353
"reef",26.25,0.0107628878578288,0.0196977518360918
"reef",26.5,0.0107991739352571,0.0197641609781111
"reef",26.75,0.0108355823478275,0.0198307940123887
"reef",27,0.0108721135079815,0.0198976516937567
"reef",27.25,0.0109087678295512,0.0199647347795918
"reef",27.5,0.010945545727764,0.0200320440298244
"reef",27.75,0.0109824476192469,0.0200995802069466
"reef",28,0.0110194739220318,0.0201673440760215
"reef",28.25,0.0110566250555599,0.0202353364046913
"reef",28.5,0.0110939014406864,0.0203035579631863
"reef",28.75,0.0111313034996854,0.0203720095243337
"reef",29,0.0111688316562548,0.0204406918635659
"reef",29.25,0.0112064863355208,0.02050960575893
"reef",29.5,0.011244267964043,0.0205787519910958
"reef",29.75,0.0112821769698189,0.0206481313433654
"reef",30,0.0113202137822891,0.0207177446016816
"reef",30.25,0.0113583788323421,0.0207875925546368
"reef",30.5,0.011396672552319,0.0208576759934824
"reef",30.75,0.0114350953760185,0.020927995712137
"reef",31,0.0114736477387017,0.0209985525071961
"reef",31.25,0.0115123300770974,0.021069347177941
"reef",31.5,0.0115511428294066,0.0211403805263472
"reef",31.75,0.0115900864353077,0.0212116533570944
"reef",32,0.0116291613359615,0.0212831664775752
"reef",32.25,0.011668367974016,0.021354920697904
"reef",32.5,0.0117077067936116,0.0214269168309265
"reef",32.75,0.0117471782403861,0.0214991556922291
"reef",33,0.0117867827614799,0.0215716381001475
"reef",33.25,0.0118265208055404,0.0216443648757766
"reef",33.5,0.0118663928227282,0.0217173368429793
"reef",33.75,0.0119063992647211,0.0217905548283965
"reef",34,0.0119465405847198,0.0218640196614555
"reef",34.25,0.0119868172374531,0.0219377321743804
"reef",34.5,0.0120272296791828,0.0220116932022008
"reef",34.75,0.0120677783677087,0.0220859035827616
"reef",35,0.0121084637623744,0.0221603641567325
"reef",35.25,0.0121492863240719,0.0222350757676173
"reef",35.5,0.0121902465152471,0.0223100392617636
"reef",35.75,0.012231344799905,0.0223852554883725
"reef",36,0.012272581643615,0.022460725299508
"reef",36.25,0.012313957513516,0.0225364495501069
"reef",36.5,0.0123554728783221,0.0226124290979881
"reef",36.75,0.0123971282083272,0.0226886648038628
"reef",37,0.0124389239754111,0.0227651575313438
"reef",37.25,0.0124808606530443,0.0228419081469556
"reef",37.5,0.0125229387162937,0.0229189175201442
"reef",37.75,0.0125651586418278,0.0229961865232867
"reef",38,0.0126075209079221,0.0230737160317013
"reef",38.25,0.0126500259944646,0.0231515069236575
"reef",38.5,0.0126926743829611,0.0232295600803856
"reef",38.75,0.0127354665565409,0.0233078763860868
"reef",39,0.0127784029999621,0.0233864567279436
"reef",39.25,0.012821484199617,0.0234653019961294
"reef",39.5,0.0128647106435378,0.0235444130838186
"reef",39.75,0.0129080828214022,0.0236237908871971
"reef",40,0.0129516012245386,0.023703436305472
"reef",40.25,0.0129952663459318,0.0237833502408821
"reef",40.5,0.0130390786802289,0.0238635335987081
"reef",40.75,0.0130830387237446,0.0239439872872825
"reef",41,0.0131271469744667,0.0240247122180005
"reef",41.25,0.0131714039320621,0.0241057093053297
"reef",41.5,0.0132158100978823,0.0241869794668208
"reef",41.75,0.0132603659749688,0.0242685236231182
"reef",42,0.0133050720680593,0.0243503426979698
"reef",42.25,0.0133499288835932,0.024432437618238
"reef",42.5,0.0133949369297172,0.02451480931391
"reef",42.75,0.0134400967162912,0.0245974587181085
"reef",43,0.0134854087548939,0.0246803867671019
"reef",43.25,0.0135308735588291,0.0247635944003153
"reef",43.5,0.0135764916431308,0.024847082560341
"reef",43.75,0.0136222635245695,0.024930852192949
"reef",44,0.0136681897216581,0.0250149042470981
"reef",44.25,0.0137142707546575,0.0250992396749462
"reef",44.5,0.0137605071455824,0.0251838594318616
"reef",44.75,0.0138068994182079,0.0252687644764331
"reef",45,0.0138534480980744,0.0253539557704818
"reef",45.25,0.0139001537124946,0.0254394342790712
"reef",45.5,0.0139470167905587,0.0255252009705183
"reef",45.75,0.0139940378631408,0.025611256816405
"reef",46,0.0140412174629048,0.0256976027915886
"reef",46.25,0.0140885561243102,0.0257842398742131
"reef",46.5,0.0141360543836187,0.0258711690457202
"reef",46.75,0.0141837127788998,0.0259583912908606
"reef",47,0.0142315318500371,0.0260459075977046
"reef",47.25,0.0142795121387342,0.0261337189576542
"reef",47.5,0.0143276541885213,0.0262218263654534
"reef",47.75,0.0143759585447608,0.0263102308192001
"reef",48,0.0144244257546539,0.0263989333203571
"reef",48.25,0.0144730563672466,0.0264879348737636
"reef",48.5,0.0145218509334358,0.0265772364876466
"reef",48.75,0.0145708100059759,0.0266668391736319
"reef",49,0.0146199341394849,0.0267567439467564
"reef",49.25,0.0146692238904504,0.0268469518254787
"reef",49.5,0.0147186798172363,0.0269374638316913
"reef",49.75,0.014768302480089,0.0270282809907317
"reef",50,0.0148180924411437,0.0271194043313944
"reef",50.25,0.0148680502644306,0.0272108348859423
"reef",50.5,0.0149181765158819,0.0273025736901185
"reef",50.75,0.0149684717633373,0.0273946217831581
"reef",51,0.0150189365765512,0.0274869802077996
"reef",51.25,0.0150695715271988,0.0275796500102973
"reef",51.5,0.0151203771888828,0.0276726322404328
"reef",51.75,0.0151713541371395,0.0277659279515268
"reef",52,0.0152225029494456,0.0278595382004513
"reef",52.25,0.015273824205225,0.0279534640476413
"reef",52.5,0.0153253184858547,0.0280477065571072
"reef",52.75,0.0153769863746719,0.0281422667964464
"reef",53,0.0154288284569807,0.0282371458368557
"reef",53.25,0.015480845320058,0.0283323447531433
"reef",53.5,0.0155330375531612,0.0284278646237411
"reef",53.75,0.0155854057475339,0.0285237065307166
"reef",54,0.0156379504964133,0.0286198715597857
"reef",54.25,0.0156906723950365,0.0287163608003245
"reef",54.5,0.0157435720406473,0.0288131753453819
"reef",54.75,0.0157966500325033,0.0289103162916919
"reef",55,0.0158499069718823,0.029007784739686
"reef",55.25,0.0159033434620892,0.0291055817935056
"reef",55.5,0.015956960108463,0.029203708561015
"reef",55.75,0.0160107575183835,0.0293021661538132
"reef",56,0.0160647363012782,0.0294009556872469
"reef",56.25,0.0161188970686292,0.0295000782804232
"reef",56.5,0.0161732404339803,0.029599535056222
"reef",56.75,0.0162277670129437,0.0296993271413091
"reef",57,0.016282477423207,0.0297994556661487
"reef",57.25,0.0163373722845405,0.029899921765016
"reef",57.5,0.0163924522188037,0.0300007265760107
"reef",57.75,0.0164477178499529,0.0301018712410692
"reef",58,0.016503169804048,0.0302033569059779
"reef",58.25,0.0165588087092593,0.0303051847203863
"reef",58.5,0.0166146351958753,0.0304073558378195
"reef",58.75,0.0166706498963092,0.0305098714156919
"reef",59,0.0167268534451065,0.0306127326153198
"reef",59.25,0.016783246478952,0.030715940601935
"reef",59.5,0.0168398296366767,0.0308194965446975
"reef",59.75,0.0168966035592658,0.0309234016167092
"reef",60,0.0169535688898654,0.031027656995027
"reef",60.25,0.0170107262737896,0.0311322638606761
"reef",60.5,0.0170680763585285,0.0312372233986634
"reef",60.75,0.0171256197937551,0.0313425367979909
"reef",61,0.0171833572313325,0.0314482052516693
"reef",61.25,0.0172412893253216,0.0315542299567315
"reef",61.5,0.0172994167319885,0.0316606121142458
"reef",61.75,0.0173577401098118,0.03176735292933
"reef",62,0.0174162601194899,0.0318744536111649
"reef",62.25,0.017474977423949,0.0319819153730077
"reef",62.5,0.0175338926883501,0.0320897394322063
"reef",62.75,0.0175930065800967,0.0321979270102125
"reef",63,0.0176523197688425,0.0323064793325962
"reef",63.25,0.017711832926499,0.0324153976290594
"reef",63.5,0.0177715467272425,0.0325246831334495
"reef",63.75,0.0178314618475229,0.032634337083774
"reef",64,0.01789157896607,0.0327443607222143
"reef",64.25,0.0179518987639024,0.0328547552951394
"reef",64.5,0.0180124219243345,0.0329655220531207
"reef",64.75,0.0180731491329844,0.0330766622509453
"reef",65,0.0181340810777817,0.0331881771476312
"reef",65.25,0.0181952184489753,0.0333000680064407
"reef",65.5,0.0182565619391413,0.0334123360948953
"reef",65.75,0.0183181122431906,0.0335249826847896
"reef",66,0.0183798700583771,0.0336380090522062
"reef",66.25,0.0184418360843053,0.0337514164775297
"reef",66.5,0.0185040110229383,0.0338652062454615
"reef",66.75,0.0185663955786061,0.0339793796450342
"reef",67,0.0186289904580129,0.0340939379696263
"reef",67.25,0.0186917963702457,0.0342088825169767
"reef",67.5,0.0187548140267821,0.0343242145891996
"reef",67.75,0.0188180441414984,0.0344399354927992
"reef",68,0.0188814874306776,0.0345560465386844
"reef",68.25,0.0189451446130176,0.0346725490421836
"reef",68.5,0.0190090164096394,0.0347894443230599
"reef",68.75,0.019073103544095,0.0349067337055258
"reef",69,0.0191374067423761,0.0350244185182581
"reef",69.25,0.0192019267329217,0.0351425000944133
"reef",69.5,0.0192666642466269,0.0352609797716425
"reef",69.75,0.0193316200168507,0.0353798588921065
"reef",70,0.0193967947794248,0.0354991388024911
"reef",70.25,0.0194621892726616,0.0356188208540223
"reef",70.5,0.0195278042373626,0.0357389064024816
"reef",70.75,0.0195936404168268,0.0358593968082216
"reef",71,0.0196596985568594,0.0359802934361808
"reef",71.25,0.0197259794057797,0.0361015976558999
"reef",71.5,0.0197924837144302,0.0362233108415366
"reef",71.75,0.0198592122361844,0.0363454343718816
"reef",72,0.0199261657269563,0.036467969630374
"reef",72.25,0.0199933449452077,0.0365909180051169
"reef",72.5,0.0200607506519582,0.0367142808888935
"reef",72.75,0.0201283836107925,0.0368380596791825
"reef",73,0.0201962445878699,0.0369622557781742
"reef",73.25,0.0202643343519329,0.037086870592786
"reef",73.5,0.0203326536743156,0.0372119055346789
"reef",73.75,0.0204012033289524,0.0373373620202729
"reef",74,0.0204699840923872,0.0374632414707635
"reef",74.25,0.0205389967437819,0.0375895453121377
"reef",74.5,0.0206082420649252,0.0377162749751899
"reef",74.75,0.0206777208402415,0.0378434318955383
"reef",75,0.0207474338568,0.0379710175136412
"reef",75.25,0.0208173819043232,0.0380990332748134
"reef",75.5,0.0208875657751962,0.0382274806292423
"reef",75.75,0.0209579862644756,0.0383563610320045
"reef",76,0.0210286441698983,0.0384856759430823
"reef",76.25,0.0210995402918909,0.0386154268273801
"reef",76.5,0.0211706754335783,0.0387456151547411
"reef",76.75,0.0212420504007934,0.038876242399964
"reef",77,0.0213136660020856,0.0390073100428198
"reef",77.25,0.0213855230487304,0.039138819568068
"reef",77.5,0.0214576223547383,0.0392707724654743
"reef",77.75,0.0215299647368644,0.0394031702298266
"reef",78,0.0216025510146172,0.0395360143609526
"reef",78.25,0.0216753820102681,0.0396693063637364
"reef",78.5,0.0217484585488609,0.0398030477481358
"reef",78.75,0.0218217814582208,0.0399372400291991
"reef",79,0.0218953515689639,0.0400718847270827
"reef",79.25,0.0219691697145068,0.0402069833670678
"reef",79.5,0.0220432367310758,0.0403425374795781
"reef",79.75,0.0221175534577164,0.0404785486001969
"reef",80,0.0221921207363031,0.0406150182696846
"reef",80.25,0.0222669394115483,0.0407519480339963
"reef",80.5,0.0223420103310126,0.0408893394442989
"reef",80.75,0.022417334345114,0.0410271940569889
"reef",81,0.0224929123071375,0.0411655134337104
"reef",81.25,0.0225687450732451,0.041304299141372
"reef",81.5,0.022644833502485,0.0414435527521652
"reef",81.75,0.0227211784568017,0.0415832758435821
"reef",82,0.0227977808010458,0.0417234699984329
"reef",82.25,0.0228746414029834,0.0418641368048643
"reef",82.5,0.0229517611333065,0.0420052778563773
"reef",82.75,0.0230291408656423,0.042146894751845
"reef",83,0.0231067814765634,0.0422889890955313
"reef",83.25,0.0231846838455979,0.0424315624971086
"reef",83.5,0.0232628488552389,0.0425746165716759
"reef",83.75,0.0233412773909548,0.0427181529397777
"reef",84,0.0234199703411993,0.0428621732274219
"reef",84.25,0.0234989285974215,0.0430066790660983
"reef",84.5,0.0235781530540759,0.0431516720927971
"reef",84.75,0.0236576446086324,0.0432971539500275
"reef",85,0.0237374041615869,0.0434431262858363
"reef",85.25,0.0238174326164711,0.0435895907538265
"reef",85.5,0.0238977308798629,0.043736549013176
"reef",85.75,0.0239782998613967,0.0438840027286567
"reef",86,0.0240591404737735,0.0440319535706528
"reef",86.25,0.0241402536327714,0.0441804032151803
"reef",86.5,0.0242216402572563,0.0443293533439056
"reef",86.75,0.0243033012691915,0.0444788056441647
"reef",87,0.0243852375936488,0.0446287618089823
"reef",87.25,0.0244674501588189,0.0447792235370911
"reef",87.5,0.0245499398960218,0.0449301925329507
"reef",87.75,0.0246327077397171,0.0450816705067672
"reef",88,0.0247157546275151,0.0452336591745127
"reef",88.25,0.0247990815001872,0.0453861602579443
"reef",88.5,0.0248826893016762,0.0455391754846239
"reef",88.75,0.0249665789791077,0.0456927065879378
"reef",89,0.0250507514828003,0.0458467553071161
"reef",89.25,0.0251352077662763,0.0460013233872527
"reef",89.5,0.0252199487862731,0.0461564125793248
"reef",89.75,0.0253049755027534,0.0463120246402131
"reef",90,0.0253902888789163,0.0464681613327211
"reef",90.25,0.0254758898812083,0.0466248244255956
"reef",90.5,0.0255617794793343,0.0467820156935468
"reef",90.75,0.0256479586462684,0.0469397369172677
"reef",91,0.0257344283582648,0.0470979898834551
"reef",91.25,0.0258211895948693,0.0472567763848293
"reef",91.5,0.0259082433389301,0.0474160982201548
"reef",91.75,0.0259955905766088,0.0475759571942602
"reef",92,0.0260832322973921,0.0477363551180592
"reef",92.25,0.0261711694941022,0.0478972938085704
"reef",92.5,0.026259403162909,0.0480587750889388
"reef",92.75,0.0263479343033405,0.0482208007884557
"reef",93,0.0264367639182948,0.0483833727425796
"reef",93.25,0.0265258930140509,0.0485464927929574
"reef",93.5,0.0266153226002806,0.0487101627874446
"reef",93.75,0.0267050536900597,0.0488743845801268
"reef",94,0.0267950872998793,0.0490391600313404
"reef",94.25,0.0268854244496578,0.0492044910076937
"reef",94.5,0.0269760661627518,0.0493703793820881
"reef",94.75,0.0270670134659684,0.0495368270337395
"reef",95,0.0271582673895764,0.0497038358481992
"reef",95.25,0.0272498289673178,0.0498714077173755
"reef",95.5,0.02734169923642,0.0500395445395551
"reef",95.75,0.0274338792376073,0.0502082482194246
"reef",96,0.0275263700151128,0.0503775206680922
"reef",96.25,0.0276191726166898,0.050547363803109
"reef",96.5,0.0277122880936243,0.0507177795484911
"reef",96.75,0.0278057175007466,0.0508887698347412
"reef",97,0.0278994618964431,0.0510603365988705
"reef",97.25,0.0279935223426686,0.0512324817844206
"reef",97.5,0.028087899904958,0.0514052073414858
"reef",97.75,0.0281825956524389,0.0515785152267346
"reef",98,0.0282776106578429,0.0517524074034326
"reef",98.25,0.0283729459975186,0.051926885841464
"reef",98.5,0.0284686027514433,0.0521019525173546
"reef",98.75,0.0285645820032351,0.0522776094142938
"reef",99,0.0286608848401659,0.0524538585221569
"reef",99.25,0.0287575123531727,0.0526307018375282
"reef",99.5,0.028854465636871,0.0528081413637231
"reef",99.75,0.0289517457895663,0.0529861791108111
"reef",100,0.029049353913267,0.0531648170956384
"reef_site",0,0.00688935953174108,0.0135722530921543
"reef_site",0.25,0.00691387767650963,0.0136205546018398
"reef_site",0.5,0.00693848307749122,0.0136690280089856
"reef_site",0.75,0.00696317604521692,0.0137176739253477
"reef_site",1,0.00698795689132301,0.0137664929648593
"reef_site",1.25,0.00701282592855477,0.0138154857436383
"reef_site",1.5,0.00703778347077053,0.0138646528799954
"reef_site",1.75,0.00706282983294558,0.0139139949944418
"reef_site",2,0.00708796533117615,0.0139635127096969
"reef_site",2.25,0.00711319028268341,0.0140132066506963
"reef_site",2.5,0.00713850500581748,0.0140630774445996
"reef_site",2.75,0.00716390982006143,0.0141131257207985
"reef_site",3,0.00718940504603533,0.0141633521109245
"reef_site",3.25,0.00721499100550026,0.014213757248857
"reef_site",3.5,0.00724066802136243,0.0142643417707312
"reef_site",3.75,0.00726643641767719,0.0143151063149463
"reef_site",4,0.00729229651965318,0.0143660515221735
"reef_site",4.25,0.0073182486536564,0.0144171780353639
"reef_site",4.5,0.00734429314721432,0.0144684864997569
"reef_site",4.75,0.00737043032902005,0.0145199775628882
"reef_site",5,0.00739666052893644,0.0145716518745978
"reef_site",5.25,0.00742298407800029,0.0146235100870387
"reef_site",5.5,0.00744940130842651,0.0146755528546844
"reef_site",5.75,0.0074759125536123,0.014727780834338
"reef_site",6,0.00750251814814138,0.0147801946851397
"reef_site",6.25,0.00752921842778818,0.0148327950685756
"reef_site",6.5,0.00755601372952212,0.0148855826484861
"reef_site",6.75,0.00758290439151182,0.0149385580910738
"reef_site",7,0.00760989075312942,0.0149917220649124
"reef_site",7.25,0.00763697315495479,0.015045075240955
"reef_site",7.5,0.00766415193877992,0.0150986182925423
"reef_site",7.75,0.00769142744761314,0.0151523518954115
"reef_site",8,0.00771880002568351,0.0152062767277045
"reef_site",8.25,0.00774627001844514,0.0152603934699769
"reef_site",8.5,0.00777383777258157,0.0153147028052058
"reef_site",8.75,0.00780150363601014,0.0153692054187993
"reef_site",9,0.00782926795788634,0.0154239019986047
"reef_site",9.25,0.00785713108860827,0.0154787932349171
"reef_site",9.5,0.00788509337982104,0.0155338798204883
"reef_site",9.75,0.0079131551844212,0.0155891624505356
"reef_site",10,0.00794131685656123,0.0156446418227504
"reef_site",10.25,0.00796957875165396,0.015700318637307
"reef_site",10.5,0.00799794122637707,0.0157561935968716
"reef_site",10.75,0.00802640463867763,0.015812267406611
"reef_site",11,0.00805496934777655,0.0158685407742017
"reef_site",11.25,0.00808363571417319,0.0159250144098387
"reef_site",11.5,0.00811240409964984,0.0159816890262443
"reef_site",11.75,0.00814127486727632,0.0160385653386774
"reef_site",12,0.00817024838141459,0.0160956440649425
"reef_site",12.25,0.00819932500772327,0.0161529259253983
"reef_site",12.5,0.00822850511316233,0.0162104116429676
"reef_site",12.75,0.00825778906599768,0.0162681019431455
"reef_site",13,0.00828717723580585,0.0163259975540095
"reef_site",13.25,0.00831666999347861,0.0163840992062278
"reef_site",13.5,0.00834626771122769,0.0164424076330692
"reef_site",13.75,0.00837597076258946,0.016500923570412
"reef_site",14,0.00840577952242965,0.0165596477567533
"reef_site",14.25,0.00843569436694805,0.0166185809332185
"reef_site",14.5,0.00846571567368335,0.0166777238435705
"reef_site",14.75,0.00849584382151777,0.0167370772342192
"reef_site",15,0.00852607919068196,0.0167966418542308
"reef_site",15.25,0.00855642216275973,0.0168564184553372
"reef_site",15.5,0.00858687312069287,0.0169164077919458
"reef_site",15.75,0.00861743244878606,0.0169766106211487
"reef_site",16,0.00864810053271159,0.0170370277027324
"reef_site",16.25,0.00867887775951433,0.0170976597991874
"reef_site",16.5,0.00870976451761659,0.0171585076757176
"reef_site",16.75,0.00874076119682299,0.0172195721002505
"reef_site",17,0.00877186818832542,0.0172808538434461
"reef_site",17.25,0.00880308588470796,0.0173423536787074
"reef_site",17.5,0.00883441467995183,0.0174040723821896
"reef_site",17.75,0.00886585496944036,0.0174660107328103
"reef_site",18,0.00889740714996399,0.017528169512259
"reef_site",18.25,0.0089290716197253,0.0175905495050071
"reef_site",18.5,0.00896084877834398,0.017653151498318
"reef_site",18.75,0.00899273902686191,0.0177159762822566
"reef_site",19,0.00902474276774821,0.0177790246496997
"reef_site",19.25,0.00905686040490434,0.0178422973963457
"reef_site",19.5,0.00908909234366918,0.0179057953207248
"reef_site",19.75,0.00912143899082414,0.0179695192242092
"reef_site",20,0.00915390075459828,0.0180334699110227
"reef_site",20.25,0.00918647804467353,0.0180976481882517
"reef_site",20.5,0.00921917127218978,0.0181620548658544
"reef_site",20.75,0.00925198084975012,0.0182266907566718
"reef_site",21,0.009284907191426,0.0182915566764376
"reef_site",21.25,0.0093179507127625,0.0183566534437886
"reef_site",21.5,0.00935111183078359,0.0184219818802749
"reef_site",21.75,0.00938439096399732,0.0184875428103706
"reef_site",22,0.00941778853240117,0.0185533370614836
"reef_site",22.25,0.0094513049574873,0.0186193654639668
"reef_site",22.5,0.00948494066224792,0.018685628851128
"reef_site",22.75,0.0095186960711806,0.0187521280592405
"reef_site",23,0.00955257161029361,0.0188188639275541
"reef_site",23.25,0.00958656770711133,0.018885837298305
"reef_site",23.5,0.00962068479067963,0.018953049016727
"reef_site",23.75,0.0096549232915713,0.0190204999310618
"reef_site",24,0.00968928364189144,0.0190881908925702
"reef_site",24.25,0.00972376627528298,0.019156122755542
"reef_site",24.5,0.00975837162693208,0.0192242963773076
"reef_site",24.75,0.00979310013357368,0.0192927126182486
"reef_site",25,0.009827952233497,0.0193613723418082
"reef_site",25.25,0.00986292836655104,0.0194302764145028
"reef_site",25.5,0.00989802897415018,0.0194994257059325
"reef_site",25.75,0.00993325449927969,0.0195688210887919
"reef_site",26,0.00996860538650137,0.0196384634388819
"reef_site",26.25,0.0100040820819592,0.0197083536351197
"reef_site",26.5,0.0100396850333848,0.0197784925595509
"reef_site",26.75,0.0100754146901032,0.0198488810973597
"reef_site",27,0.0101112715030387,0.019919520136881
"reef_site",27.25,0.0101472559247202,0.0199904105696108
"reef_site",27.5,0.0101833684092872,0.0200615532902179
"reef_site",27.75,0.0102196094124951,0.0201329491965551
"reef_site",28,0.0102559793917216,0.0202045991896706
"reef_site",28.25,0.0102924788059721,0.020276504173819
"reef_site",28.5,0.0103291081158854,0.0203486650564734
"reef_site",28.75,0.0103658677837396,0.0204210827483362
"reef_site",29,0.0104027582734582,0.0204937581633508
"reef_site",29.25,0.0104397800506156,0.0205666922187134
"reef_site",29.5,0.010476933582443,0.0206398858348842
"reef_site",29.75,0.0105142193378345,0.0207133399355992
"reef_site",30,0.010551637787353,0.0207870554478818
"reef_site",30.25,0.010589189403236,0.0208610333020546
"reef_site",30.5,0.0106268746594015,0.020935274431751
"reef_site",30.75,0.0106646940314544,0.0210097797739272
"reef_site",31,0.0107026479966917,0.0210845502688737
"reef_site",31.25,0.0107407370341096,0.0211595868602274
"reef_site",31.5,0.0107789616244086,0.0212348904949835
"reef_site",31.75,0.0108173222500001,0.0213104621235074
"reef_site",32,0.0108558193950121,0.0213863026995467
"reef_site",32.25,0.0108944535452959,0.0214624131802432
"reef_site",32.5,0.0109332251884315,0.021538794526145
"reef_site",32.75,0.0109721348137345,0.0216154477012187
"reef_site",33,0.0110111829122614,0.0216923736728614
"reef_site",33.25,0.0110503699768169,0.0217695734119133
"reef_site",33.5,0.0110896965019589,0.0218470478926693
"reef_site",33.75,0.0111291629840059,0.0219247980928919
"reef_site",34,0.0111687699210422,0.0220028249938231
"reef_site",34.25,0.0112085178129253,0.0220811295801972
"reef_site",34.5,0.011248407161291,0.022159712840253
"reef_site",34.75,0.0112884384695607,0.0222385757657461
"reef_site",35,0.0113286122429474,0.0223177193519618
"reef_site",35.25,0.0113689289884619,0.0223971445977273
"reef_site",35.5,0.0114093892149196,0.0224768525054245
"reef_site",35.75,0.0114499934329465,0.0225568440810028
"reef_site",36,0.0114907421549858,0.0226371203339915
"reef_site",36.25,0.0115316358953046,0.0227176822775125
"reef_site",36.5,0.0115726751700001,0.0227985309282934
"reef_site",36.75,0.0116138604970063,0.0228796673066803
"reef_site",37,0.0116551923961002,0.0229610924366502
"reef_site",37.25,0.0116966713889087,0.0230428073458246
"reef_site",37.5,0.0117382979989154,0.0231248130654819
"reef_site",37.75,0.0117800727514665,0.023207110630571
"reef_site",38,0.0118219961737779,0.0232897010797236
"reef_site",38.25,0.011864068794942,0.023372585455268
"reef_site",38.5,0.0119062911459339,0.0234557648032418
"reef_site",38.75,0.0119486637596185,0.0235392401734055
"reef_site",39,0.0119911871707569,0.0236230126192554
"reef_site",39.25,0.0120338619160137,0.0237070831980371
"reef_site",39.5,0.0120766885339631,0.0237914529707586
"reef_site",39.75,0.012119667565096,0.023876123002204
"reef_site",40,0.0121627995518269,0.0239610943609468
"reef_site",40.25,0.0122060850385008,0.0240463681193634
"reef_site",40.5,0.0122495245713997,0.0241319453536465
"reef_site",40.75,0.0122931186987498,0.024217827143819
"reef_site",41,0.0123368679707285,0.0243040145737472
"reef_site",41.25,0.012380772939471,0.0243905087311548
"reef_site",41.5,0.0124248341590775,0.0244773107076366
"reef_site",41.75,0.0124690521856203,0.0245644215986723
"reef_site",42,0.0125134275771506,0.0246518425036399
"reef_site",42.25,0.0125579608937055,0.0247395745258302
"reef_site",42.5,0.0126026526973152,0.0248276187724604
"reef_site",42.75,0.0126475035520104,0.0249159763546881
"reef_site",43,0.0126925140238286,0.0250046483876252
"reef_site",43.25,0.0127376846808221,0.0250936359903522
"reef_site",43.5,0.0127830160930646,0.0251829402859325
"reef_site",43.75,0.0128285088326589,0.0252725624014257
"reef_site",44,0.0128741634737434,0.0253625034679031
"reef_site",44.25,0.0129199805925001,0.0254527646204607
"reef_site",44.5,0.0129659607671614,0.0255433469982346
"reef_site",44.75,0.0130121045780175,0.0256342517444147
"reef_site",45,0.0130584126074239,0.0257254800062593
"reef_site",45.25,0.0131048854398086,0.0258170329351096
"reef_site",45.5,0.0131515236616793,0.0259089116864044
"reef_site",45.75,0.0131983278616312,0.0260011174196945
"reef_site",46,0.0132452986303541,0.0260936512986571
"reef_site",46.25,0.0132924365606401,0.0261865144911111
"reef_site",46.5,0.0133397422473906,0.0262797081690312
"reef_site",46.75,0.0133872162876247,0.0263732335085631
"reef_site",47,0.0134348592804857,0.0264670916900383
"reef_site",47.25,0.0134826718272495,0.0265612838979888
"reef_site",47.5,0.0135306545313317,0.026655811321162
"reef_site",47.75,0.0135788079982954,0.0267506751525362
"reef_site",48,0.0136271328358587,0.0268458765893352
"reef_site",48.25,0.0136756296539026,0.0269414168330434
"reef_site",48.5,0.0137242990644786,0.0270372970894213
"reef_site",48.75,0.0137731416818161,0.0271335185685203
"reef_site",49,0.0138221581223309,0.0272300824846983
"reef_site",49.25,0.0138713490046322,0.0273269900566349
"reef_site",49.5,0.0139207149495308,0.0274242425073468
"reef_site",49.75,0.013970256580047,0.0275218410642033
"reef_site",50,0.0140199745214181,0.0276197869589414
"reef_site",50.25,0.0140698694011066,0.0277180814276821
"reef_site",50.5,0.0141199418488083,0.0278167257109452
"reef_site",50.75,0.0141701924964596,0.0279157210536655
"reef_site",51,0.0142206219782461,0.0280150687052083
"reef_site",51.25,0.0142712309306102,0.0281147699193851
"reef_site",51.5,0.0143220199922596,0.0282148259544697
"reef_site",51.75,0.0143729898041747,0.0283152380732137
"reef_site",52,0.0144241410096173,0.0284160075428628
"reef_site",52.25,0.0144754742541383,0.0285171356351724
"reef_site",52.5,0.0145269901855861,0.0286186236264242
"reef_site",52.75,0.0145786894541147,0.0287204727974417
"reef_site",53,0.0146305727121918,0.0288226844336068
"reef_site",53.25,0.0146826406146074,0.0289252598248759
"reef_site",53.5,0.0147348938184814,0.029028200265796
"reef_site",53.75,0.0147873329832726,0.0291315070555212
"reef_site",54,0.0148399587707866,0.0292351814978294
"reef_site",54.25,0.0148927718451842,0.0293392249011379
"reef_site",54.5,0.0149457728729899,0.029443638578521
"reef_site",54.75,0.0149989625231003,0.0295484238477257
"reef_site",55,0.0150523414667924,0.0296535820311886
"reef_site",55.25,0.0151059103777322,0.029759114456053
"reef_site",55.5,0.0151596699319833,0.0298650224541849
"reef_site",55.75,0.0152136208080152,0.0299713073621904
"reef_site",56,0.0152677636867119,0.0300779705214323
"reef_site",56.25,0.0153220992513806,0.0301850132780472
"reef_site",56.5,0.0153766281877603,0.0302924369829623
"reef_site",56.75,0.0154313511840306,0.0304002429919126
"reef_site",57,0.0154862689308198,0.0305084326654579
"reef_site",57.25,0.0155413821212146,0.0306170073689999
"reef_site",57.5,0.0155966914507677,0.0307259684727998
"reef_site",57.75,0.0156521976175077,0.0308353173519953
"reef_site",58,0.015707901321947,0.0309450553866177
"reef_site",58.25,0.0157638032670911,0.0310551839616099
"reef_site",58.5,0.0158199041584476,0.0311657044668437
"reef_site",58.75,0.0158762047040345,0.0312766182971368
"reef_site",59,0.0159327056143898,0.0313879268522713
"reef_site",59.25,0.0159894076025803,0.0314996315370106
"reef_site",59.5,0.0160463113842101,0.0316117337611175
"reef_site",59.75,0.0161034176774303,0.0317242349393721
"reef_site",60,0.0161607272029479,0.0318371364915892
"reef_site",60.25,0.0162182406840344,0.0319504398426367
"reef_site",60.5,0.0162759588465356,0.0320641464224532
"reef_site",60.75,0.0163338824188804,0.0321782576660665
"reef_site",61,0.0163920121320902,0.0322927750136111
"reef_site",61.25,0.0164503487197876,0.0324076999103471
"reef_site",61.5,0.0165088929182064,0.0325230338066776
"reef_site",61.75,0.0165676454662005,0.0326387781581679
"reef_site",62,0.0166266071052531,0.0327549344255631
"reef_site",62.25,0.0166857785794865,0.032871504074807
"reef_site",62.5,0.0167451606356708,0.0329884885770606
"reef_site",62.75,0.0168047540232341,0.0331058894087201
"reef_site",63,0.0168645594942715,0.0332237080514365
"reef_site",63.25,0.0169245778035546,0.0333419459921333
"reef_site",63.5,0.0169848097085412,0.0334606047230261
"reef_site",63.75,0.0170452559693847,0.0335796857416408
"reef_site",64,0.0171059173489438,0.0336991905508328
"reef_site",64.25,0.0171667946127922,0.0338191206588061
"reef_site",64.5,0.0172278885292281,0.033939477579132
"reef_site",64.75,0.0172891998692837,0.0340602628307683
"reef_site",65,0.0173507294067356,0.0341814779380787
"reef_site",65.25,0.0174124779181138,0.0343031244308517
"reef_site",65.5,0.017474446182712,0.0344252038443203
"reef_site",65.75,0.0175366349825975,0.034547717719181
"reef_site",66,0.0175990451026203,0.0346706676016134
"reef_site",66.25,0.0176616773304241,0.0347940550432997
"reef_site",66.5,0.0177245324564555,0.0349178816014444
"reef_site",66.75,0.017787611273974,0.0350421488387937
"reef_site",67,0.0178509145790625,0.0351668583236555
"reef_site",67.25,0.0179144431706368,0.0352920116299189
"reef_site",67.5,0.017978197850456,0.0354176103370743
"reef_site",67.75,0.0180421794231326,0.0355436560302334
"reef_site",68,0.0181063886961425,0.0356701503001489
"reef_site",68.25,0.0181708264798352,0.0357970947432348
"reef_site",68.5,0.0182354935874443,0.0359244909615864
"reef_site",68.75,0.0183003908350975,0.0360523405630007
"reef_site",69,0.0183655190418268,0.0361806451609965
"reef_site",69.25,0.0184308790295793,0.036309406374835
"reef_site",69.5,0.0184964716232271,0.0364386258295401
"reef_site",69.75,0.0185622976505779,0.0365683051559186
"reef_site",70,0.0186283579423854,0.0366984459905815
"reef_site",70.25,0.01869465333236,0.036829049975964
"reef_site",70.5,0.0187611846571789,0.0369601187603464
"reef_site",70.75,0.0188279527564972,0.0370916539978753
"reef_site",71,0.0188949584729578,0.0372236573485837
"reef_site",71.25,0.0189622026522028,0.0373561304784128
"reef_site",71.5,0.0190296861428837,0.0374890750592324
"reef_site",71.75,0.0190974097966721,0.0376224927688623
"reef_site",72,0.0191653744682707,0.0377563852910933
"reef_site",72.25,0.0192335810154238,0.0378907543157086
"reef_site",72.5,0.0193020302989285,0.0380256015385051
"reef_site",72.75,0.0193707231826451,0.0381609286613149
"reef_site",73,0.0194396605335085,0.0382967373920263
"reef_site",73.25,0.0195088432215387,0.0384330294446061
"reef_site",73.5,0.019578272119852,0.0385698065391206
"reef_site",73.75,0.0196479481046719,0.0387070704017575
"reef_site",74,0.0197178720553405,0.0388448227648479
"reef_site",74.25,0.019788044854329,0.038983065366888
"reef_site",74.5,0.0198584673872495,0.0391217999525608
"reef_site",74.75,0.0199291405428656,0.0392610282727587
"reef_site",75,0.0200000652131041,0.0394007520846049
"reef_site",75.25,0.0200712422930657,0.0395409731514761
"reef_site",75.5,0.0201426726810371,0.0396816932430247
"reef_site",75.75,0.0202143572785013,0.0398229141352007
"reef_site",76,0.02028629699015,0.0399646376102747
"reef_site",76.25,0.0203584927238943,0.04010686545686
"reef_site",76.5,0.0204309453908765,0.0402495994699353
"reef_site",76.75,0.0205036559054815,0.0403928414508675
"reef_site",77,0.0205766251853484,0.0405365932074339
"reef_site",77.25,0.020649854151382,0.0406808565538459
"reef_site",77.5,0.0207233437277643,0.0408256333107709
"reef_site",77.75,0.0207970948419665,0.0409709253053561
"reef_site",78,0.0208711084247606,0.0411167343712512
"reef_site",78.25,0.0209453854102309,0.0412630623486313
"reef_site",78.5,0.0210199267357859,0.0414099110842209
"reef_site",78.75,0.0210947333421704,0.0415572824313161
"reef_site",79,0.0211698061734771,0.041705178249809
"reef_site",79.25,0.0212451461771584,0.0418536004062106
"reef_site",79.5,0.0213207543040389,0.0420025507736746
"reef_site",79.75,0.0213966315083265,0.042152031232021
"reef_site",80,0.0214727787476256,0.0423020436677596
"reef_site",80.25,0.021549196982948,0.0424525899741141
"reef_site",80.5,0.021625887178726,0.0426036720510459
"reef_site",80.75,0.0217028503028239,0.0427552918052781
"reef_site",81,0.0217800873265506,0.0429074511503194
"reef_site",81.25,0.0218575992246717,0.0430601520064884
"reef_site",81.5,0.0219353869754219,0.0432133963009379
"reef_site",81.75,0.0220134515605172,0.0433671859676792
"reef_site",82,0.0220917939651674,0.0435215229476063
"reef_site",82.25,0.0221704151780885,0.0436764091885204
"reef_site",82.5,0.0222493161915152,0.043831846645155
"reef_site",82.75,0.0223284980012134,0.0439878372791998
"reef_site",83,0.0224079616064928,0.0441443830593261
"reef_site",83.25,0.0224877080102195,0.0443014859612113
"reef_site",83.5,0.0225677382188284,0.044459147967564
"reef_site",83.75,0.0226480532423366,0.0446173710681487
"reef_site",84,0.0227286540943553,0.0447761572598116
"reef_site",84.25,0.0228095417921032,0.0449355085465049
"reef_site",84.5,0.0228907173564189,0.0450954269393127
"reef_site",84.75,0.0229721818117743,0.0452559144564765
"reef_site",85,0.023053936186287,0.0454169731234201
"reef_site",85.25,0.0231359815117337,0.0455786049727755
"reef_site",85.5,0.0232183188235627,0.0457408120444086
"reef_site",85.75,0.0233009491609077,0.0459035963854448
"reef_site",86,0.0233838735666002,0.046066960050295
"reef_site",86.25,0.0234670930871832,0.0462309051006813
"reef_site",86.5,0.0235506087729241,0.0463954336056631
"reef_site",86.75,0.0236344216778279,0.0465605476416635
"reef_site",87,0.0237185328596509,0.046726249292495
"reef_site",87.25,0.0238029433799135,0.0468925406493863
"reef_site",87.5,0.0238876543039142,0.0470594238110082
"reef_site",87.75,0.0239726667007424,0.0472269008835005
"reef_site",88,0.0240579816432924,0.0473949739804984
"reef_site",88.25,0.0241436002082768,0.0475636452231592
"reef_site",88.5,0.02422952347624,0.047732916740189
"reef_site",88.75,0.0243157525315719,0.0479027906678698
"reef_site",89,0.0244022884625215,0.0480732691500859
"reef_site",89.25,0.0244891323612107,0.0482443543383518
"reef_site",89.5,0.0245762853236482,0.0484160483918387
"reef_site",89.75,0.0246637484497432,0.0485883534774019
"reef_site",90,0.0247515228433193,0.0487612717696084
"reef_site",90.25,0.0248396096121283,0.0489348054507638
"reef_site",90.5,0.0249280098678645,0.0491089567109404
"reef_site",90.75,0.0250167247261784,0.0492837277480048
"reef_site",91,0.0251057553066911,0.0494591207676451
"reef_site",91.25,0.0251951027330081,0.0496351379833992
"reef_site",91.5,0.0252847681327336,0.0498117816166829
"reef_site",91.75,0.025374752637485,0.0499890538968173
"reef_site",92,0.0254650573829066,0.0501669570610575
"reef_site",92.25,0.0255556835086847,0.0503454933546207
"reef_site",92.5,0.0256466321585611,0.0505246650307142
"reef_site",92.75,0.0257379044803484,0.0507044743505644
"reef_site",93,0.0258295016259439,0.0508849235834449
"reef_site",93.25,0.0259214247513443,0.0510660150067053
"reef_site",93.5,0.0260136750166603,0.0512477509058
"reef_site",93.75,0.0261062535861314,0.0514301335743169
"reef_site",94,0.0261991616281403,0.0516131653140064
"reef_site",94.25,0.0262924003152278,0.0517968484348106
"reef_site",94.5,0.0263859708241077,0.0519811852548921
"reef_site",94.75,0.0264798743356814,0.0521661781006637
"reef_site",95,0.0265741120350531,0.0523518293068174
"reef_site",95.25,0.0266686851115443,0.0525381412163541
"reef_site",95.5,0.0267635947587096,0.0527251161806129
"reef_site",95.75,0.0268588421743507,0.0529127565593011
"reef_site",96,0.0269544285605325,0.0531010647205238
"reef_site",96.25,0.0270503551235978,0.0532900430408138
"reef_site",96.5,0.0271466230741824,0.0534796939051615
"reef_site",96.75,0.0272432336272307,0.0536700197070454
"reef_site",97,0.0273401880020109,0.0538610228484616
"reef_site",97.25,0.0274374874221304,0.0540527057399549
"reef_site",97.5,0.027535133115551,0.0542450708006487
"reef_site",97.75,0.027633126314605,0.0544381204582755
"reef_site",98,0.0277314682560101,0.054631857149208
"reef_site",98.25,0.0278301601808854,0.0548262833184895
"reef_site",98.5,0.0279292033347669,0.0550214014198647
"reef_site",98.75,0.0280285989676232,0.0552172139158109
"reef_site",99,0.0281283483338715,0.0554137232775689
"reef_site",99.25,0.0282284526923932,0.0556109319851744
"reef_site",99.5,0.0283289133065498,0.055808842527489
"reef_site",99.75,0.028429731444199,0.0560074574022317
"reef_site",100,0.0285309083777106,0.0562067791160107
"reef_campaign",0,0.00697587672033327,0.0130139956553986
"reef_campaign",0.25,0.00700067633821898,0.0130602611116787
"reef_campaign",0.5,0.0070255641200835,0.0131066910441506
"reef_campaign",0.75,0.00705054037935451,0.013153286037536
"reef_campaign",1,0.00707560543057397,0.0132000466786353
"reef_campaign",1.25,0.00710075958940204,0.013246973556335
"reef_campaign",1.5,0.00712600317262108,0.0132940672616154
"reef_campaign",1.75,0.00715133649813962,0.0133413283875573
"reef_campaign",2,0.00717675988499637,0.0133887575293503
"reef_campaign",2.25,0.00720227365336425,0.0134363552842998
"reef_campaign",2.5,0.0072278781245544,0.0134841222518347
"reef_campaign",2.75,0.00725357362102024,0.0135320590335147
"reef_campaign",3,0.00727936046636154,0.0135801662330385
"reef_campaign",3.25,0.00730523898532847,0.0136284444562505
"reef_campaign",3.5,0.00733120950382573,0.0136768943111493
"reef_campaign",3.75,0.00735727234891659,0.0137255164078946
"reef_campaign",4,0.00738342784882708,0.0137743113588157
"reef_campaign",4.25,0.00740967633295008,0.0138232797784183
"reef_campaign",4.5,0.00743601813184948,0.013872422283393
"reef_campaign",4.75,0.00746245357726433,0.0139217394926228
"reef_campaign",5,0.00748898300211305,0.0139712320271905
"reef_campaign",5.25,0.0075156067404976,0.0140209005103874
"reef_campaign",5.5,0.00754232512770768,0.0140707455677201
"reef_campaign",5.75,0.00756913850022497,0.0141207678269194
"reef_campaign",6,0.00759604719572736,0.0141709679179473
"reef_campaign",6.25,0.0076230515530932,0.0142213464730057
"reef_campaign",6.5,0.00765015191240557,0.0142719041265438
"reef_campaign",6.75,0.00767734861495656,0.0143226415152663
"reef_campaign",7,0.0077046420032516,0.0143735592781415
"reef_campaign",7.25,0.0077320324210137,0.0144246580564093
"reef_campaign",7.5,0.00775952021318787,0.0144759384935891
"reef_campaign",7.75,0.00778710572594537,0.0145274012354881
"reef_campaign",8,0.00781478930668817,0.0145790469302095
"reef_campaign",8.25,0.00784257130405322,0.0146308762281605
"reef_campaign",8.5,0.00787045206791693,0.0146828897820603
"reef_campaign",8.75,0.00789843194939954,0.0147350882469489
"reef_campaign",9,0.00792651130086951,0.0147874722801947
"reef_campaign",9.25,0.00795469047594802,0.0148400425415033
"reef_campaign",9.5,0.00798296982951338,0.0148927996929254
"reef_campaign",9.75,0.00801134971770551,0.0149457443988656
"reef_campaign",10,0.00803983049793042,0.0149988773260902
"reef_campaign",10.25,0.00806841252886475,0.0150521991437361
"reef_campaign",10.5,0.00809709617046021,0.0151057105233189
"reef_campaign",10.75,0.0081258817839482,0.0151594121387415
"reef_campaign",11,0.00815476973184427,0.0152133046663025
"reef_campaign",11.25,0.00818376037795277,0.0152673887847049
"reef_campaign",11.5,0.00821285408737139,0.0153216651750645
"reef_campaign",11.75,0.00824205122649574,0.0153761345209185
"reef_campaign",12,0.00827135216302403,0.015430797508234
"reef_campaign",12.25,0.0083007572659616,0.0154856548254169
"reef_campaign",12.5,0.00833026690562566,0.0155407071633203
"reef_campaign",12.75,0.0083598814536499,0.0155959552152535
"reef_campaign",13,0.00838960128298922,0.0156513996769902
"reef_campaign",13.25,0.00841942676792435,0.0157070412467781
"reef_campaign",13.5,0.00844935828406664,0.0157628806253468
"reef_campaign",13.75,0.00847939620836275,0.0158189185159172
"reef_campaign",14,0.0085095409190994,0.0158751556242102
"reef_campaign",14.25,0.00853979279590815,0.0159315926584556
"reef_campaign",14.5,0.00857015221977015,0.0159882303294008
"reef_campaign",14.75,0.008600619573021,0.0160450693503201
"reef_campaign",15,0.00863119523935547,0.0161021104370237
"reef_campaign",15.25,0.00866187960383243,0.0161593543078662
"reef_campaign",15.5,0.00869267305287962,0.0162168016837561
"reef_campaign",15.75,0.00872357597429859,0.016274453288165
"reef_campaign",16,0.00875458875726952,0.0163323098471361
"reef_campaign",16.25,0.00878571179235614,0.0163903720892941
"reef_campaign",16.5,0.00881694547151067,0.0164486407458537
"reef_campaign",16.75,0.00884829018807874,0.0165071165506292
"reef_campaign",17,0.00887974633680434,0.0165658002400438
"reef_campaign",17.25,0.00891131431383481,0.0166246925531386
"reef_campaign",17.5,0.00894299451672578,0.0166837942315819
"reef_campaign",17.75,0.00897478734444626,0.0167431060196789
"reef_campaign",18,0.00900669319738358,0.0168026286643807
"reef_campaign",18.25,0.00903871247734848,0.0168623629152939
"reef_campaign",18.5,0.00907084558758017,0.0169223095246901
"reef_campaign",18.75,0.00910309293275136,0.016982469247515
"reef_campaign",19,0.00913545491897345,0.0170428428413984
"reef_campaign",19.25,0.00916793195380154,0.0171034310666635
"reef_campaign",19.5,0.00920052444623963,0.0171642346863364
"reef_campaign",19.75,0.00923323280674575,0.0172252544661558
"reef_campaign",20,0.00926605744723714,0.0172864911745827
"reef_campaign",20.25,0.0092989987810954,0.0173479455828099
"reef_campaign",20.5,0.00933205722317175,0.0174096184647721
"reef_campaign",20.75,0.00936523318979222,0.0174715105971551
"reef_campaign",21,0.0093985270987629,0.017533622759406
"reef_campaign",21.25,0.0094319393693752,0.0175959557337429
"reef_campaign",21.5,0.00946547042241115,0.0176585103051645
"reef_campaign",21.75,0.00949912068014867,0.0177212872614606
"reef_campaign",22,0.00953289056636689,0.0177842873932213
"reef_campaign",22.25,0.00956678050635151,0.0178475114938474
"reef_campaign",22.5,0.00960079092690016,0.0179109603595603
"reef_campaign",22.75,0.00963492225632772,0.017974634789412
"reef_campaign",23,0.00966917492447179,0.0180385355852953
"reef_campaign",23.25,0.00970354936269804,0.0181026635519535
"reef_campaign",23.5,0.00973804600390569,0.018167019496991
"reef_campaign",23.75,0.00977266528253291,0.0182316042308832
"reef_campaign",24,0.00980740763456235,0.0182964185669869
"reef_campaign",24.25,0.00984227349752659,0.0183614633215502
"reef_campaign",24.5,0.00987726331051367,0.0184267393137234
"reef_campaign",24.75,0.0099123775141726,0.0184922473655684
"reef_campaign",25,0.00994761655071892,0.0185579883020699
"reef_campaign",25.25,0.00998298086394028,0.0186239629511456
"reef_campaign",25.5,0.010018470899202,0.0186901721436561
"reef_campaign",25.75,0.0100540871034528,0.0187566167134161
"reef_campaign",26,0.0100898299252301,0.0188232974972042
"reef_campaign",26.25,0.0101256998146661,0.0188902153347743
"reef_campaign",26.5,0.0101616972234932,0.0189573710688651
"reef_campaign",26.75,0.0101978226050496,0.0190247655452118
"reef_campaign",27,0.0102340764142854,0.0190923996125558
"reef_campaign",27.25,0.0102704591077679,0.0191602741226561
"reef_campaign",27.5,0.0103069711436875,0.0192283899302996
"reef_campaign",27.75,0.0103436129818636,0.0192967478933122
"reef_campaign",28,0.0103803850837501,0.0193653488725693
"reef_campaign",28.25,0.0104172879124416,0.0194341937320066
"reef_campaign",28.5,0.010454321932679,0.0195032833386313
"reef_campaign",28.75,0.0104914876108552,0.019572618562533
"reef_campaign",29,0.0105287854150213,0.0196422002768943
"reef_campaign",29.25,0.0105662158148923,0.019712029358002
"reef_campaign",29.5,0.0106037792818532,0.0197821066852583
"reef_campaign",29.75,0.0106414762889646,0.0198524331411917
"reef_campaign",30,0.0106793073109689,0.0199230096114679
"reef_campaign",30.25,0.0107172728242963,0.0199938369849015
"reef_campaign",30.5,0.0107553733070707,0.0200649161534667
"reef_campaign",30.75,0.0107936092391158,0.0201362480123089
"reef_campaign",31,0.010831981101961,0.0202078334597555
"reef_campaign",31.25,0.0108704893788477,0.0202796733973277
"reef_campaign",31.5,0.0109091345547351,0.0203517687297516
"reef_campaign",31.75,0.0109479171163065,0.0204241203649697
"reef_campaign",32,0.0109868375519756,0.0204967292141523
"reef_campaign",32.25,0.0110258963518921,0.0205695961917089
"reef_campaign",32.5,0.0110650940079483,0.0206427222152997
"reef_campaign",32.75,0.0111044310137854,0.0207161082058475
"reef_campaign",33,0.0111439078647993,0.0207897550875486
"reef_campaign",33.25,0.0111835250581472,0.0208636637878853
"reef_campaign",33.5,0.0112232830927537,0.0209378352376369
"reef_campaign",33.75,0.011263182469317,0.0210122703708918
"reef_campaign",34,0.0113032236903153,0.0210869701250589
"reef_campaign",34.25,0.0113434072600134,0.0211619354408801
"reef_campaign",34.5,0.0113837336844685,0.0212371672624411
"reef_campaign",34.75,0.0114242034715369,0.0213126665371844
"reef_campaign",35,0.0114648171308805,0.0213884342159203
"reef_campaign",35.25,0.011505575173973,0.0214644712528397
"reef_campaign",35.5,0.0115464781141065,0.0215407786055252
"reef_campaign",35.75,0.0115875264663976,0.0216173572349641
"reef_campaign",36,0.0116287207477944,0.0216942081055598
"reef_campaign",36.25,0.0116700614770829,0.0217713321851444
"reef_campaign",36.5,0.0117115491748931,0.0218487304449905
"reef_campaign",36.75,0.0117531843637061,0.0219264038598237
"reef_campaign",37,0.0117949675678603,0.0220043534078348
"reef_campaign",37.25,0.0118368993135583,0.0220825800706923
"reef_campaign",37.5,0.0118789801288732,0.0221610848335542
"reef_campaign",37.75,0.0119212105437556,0.0222398686850812
"reef_campaign",38,0.01196359109004,0.0223189326174484
"reef_campaign",38.25,0.0120061223014516,0.0223982776263584
"reef_campaign",38.5,0.0120488047136131,0.0224779047110534
"reef_campaign",38.75,0.0120916388640513,0.022557814874328
"reef_campaign",39,0.012134625292204,0.0226380091225419
"reef_campaign",39.25,0.0121777645394266,0.0227184884656324
"reef_campaign",39.5,0.0122210571489992,0.022799253917127
"reef_campaign",39.75,0.0122645036661332,0.0228803064941567
"reef_campaign",40,0.0123081046379783,0.0229616472174681
"reef_campaign",40.25,0.0123518606136293,0.0230432771114368
"reef_campaign",40.5,0.0123957721441331,0.0231251972040802
"reef_campaign",40.75,0.0124398397824956,0.0232074085270701
"reef_campaign",41,0.0124840640836886,0.0232899121157461
"reef_campaign",41.25,0.012528445604657,0.0233727090091285
"reef_campaign",41.5,0.0125729849043255,0.0234558002499314
"reef_campaign",41.75,0.0126176825436059,0.0235391868845757
"reef_campaign",42,0.0126625390854041,0.0236228699632024
"reef_campaign",42.25,0.0127075550946271,0.0237068505396859
"reef_campaign",42.5,0.0127527311381902,0.0237911296716471
"reef_campaign",42.75,0.012798067785024,0.0238757084204668
"reef_campaign",43,0.012843565606082,0.0239605878512991
"reef_campaign",43.25,0.0128892251743471,0.0240457690330848
"reef_campaign",43.5,0.0129350470648394,0.0241312530385648
"reef_campaign",43.75,0.0129810318546231,0.0242170409442936
"reef_campaign",44,0.0130271801228141,0.0243031338306531
"reef_campaign",44.25,0.0130734924505868,0.0243895327818657
"reef_campaign",44.5,0.0131199694211819,0.0244762388860087
"reef_campaign",44.75,0.0131666116199136,0.0245632532350271
"reef_campaign",45,0.0132134196341768,0.0246505769247482
"reef_campaign",45.25,0.0132603940534546,0.0247382110548947
"reef_campaign",45.5,0.0133075354693258,0.0248261567290993
"reef_campaign",45.75,0.0133548444754724,0.0249144150549177
"reef_campaign",46,0.0134023216676868,0.0250029871438434
"reef_campaign",46.25,0.0134499676438794,0.0250918741113212
"reef_campaign",46.5,0.0134977830040866,0.0251810770767611
"reef_campaign",46.75,0.0135457683504775,0.0252705971635531
"reef_campaign",47,0.0135939242873623,0.0253604354990806
"reef_campaign",47.25,0.0136422514211993,0.0254505932147351
"reef_campaign",47.5,0.0136907503606029,0.0255410714459301
"reef_campaign",47.75,0.0137394217163512,0.0256318713321157
"reef_campaign",48,0.0137882661013936,0.0257229940167926
"reef_campaign",48.25,0.0138372841308586,0.025814440647527
"reef_campaign",48.5,0.0138864764220613,0.0259062123759646
"reef_campaign",48.75,0.0139358435945118,0.0259983103578451
"reef_campaign",49,0.0139853862699223,0.0260907357530172
"reef_campaign",49.25,0.0140351050722153,0.0261834897254529
"reef_campaign",49.5,0.0140850006275312,0.0262765734432618
"reef_campaign",49.75,0.0141350735642368,0.0263699880787068
"reef_campaign",50,0.0141853245129323,0.0264637348082177
"reef_campaign",50.25,0.0142357541064599,0.026557814812407
"reef_campaign",50.5,0.0142863629799118,0.026652229276084
"reef_campaign",50.75,0.0143371517706377,0.0267469793882703
"reef_campaign",51,0.0143881211182531,0.0268420663422144
"reef_campaign",51.25,0.0144392716646477,0.026937491335407
"reef_campaign",51.5,0.0144906040539928,0.0270332555695958
"reef_campaign",51.75,0.0145421189327498,0.0271293602508007
"reef_campaign",52,0.0145938169496786,0.0272258065893294
"reef_campaign",52.25,0.0146456987558452,0.0273225957997921
"reef_campaign",52.5,0.0146977650046301,0.0274197291011169
"reef_campaign",52.75,0.014750016351737,0.0275172077165654
"reef_campaign",53,0.0148024534552003,0.0276150328737479
"reef_campaign",53.25,0.0148550769753938,0.0277132058046391
"reef_campaign",53.5,0.0149078875750391,0.0278117277455931
"reef_campaign",53.75,0.0149608859192138,0.0279105999373596
"reef_campaign",54,0.0150140726753597,0.0280098236250991
"reef_campaign",54.25,0.0150674485132916,0.0281094000583987
"reef_campaign",54.5,0.0151210141052054,0.028209330491288
"reef_campaign",54.75,0.0151747701256867,0.0283096161822545
"reef_campaign",55,0.0152287172517195,0.0284102583942599
"reef_campaign",55.25,0.0152828561626941,0.0285112583947556
"reef_campaign",55.5,0.0153371875404165,0.0286126174556992
"reef_campaign",55.75,0.0153917120691163,0.0287143368535697
"reef_campaign",56,0.0154464304354556,0.0288164178693845
"reef_campaign",56.25,0.0155013433285377,0.0289188617887148
"reef_campaign",56.5,0.0155564514399156,0.0290216699017021
"reef_campaign",56.75,0.015611755463601,0.0291248435030747
"reef_campaign",57,0.0156672560960726,0.0292283838921633
"reef_campaign",57.25,0.0157229540362853,0.0293322923729181
"reef_campaign",57.5,0.0157788499856787,0.0294365702539248
"reef_campaign",57.75,0.0158349446481862,0.0295412188484213
"reef_campaign",58,0.0158912387302436,0.0296462394743139
"reef_campaign",58.25,0.0159477329407981,0.0297516334541944
"reef_campaign",58.5,0.0160044279913173,0.0298574021153562
"reef_campaign",58.75,0.0160613245957982,0.0299635467898116
"reef_campaign",59,0.0161184234707759,0.0300700688143082
"reef_campaign",59.25,0.016175725335333,0.0301769695303455
"reef_campaign",59.5,0.0162332309111083,0.0302842502841926
"reef_campaign",59.75,0.0162909409223063,0.0303919124269042
"reef_campaign",60,0.0163488560957058,0.0304999573143384
"reef_campaign",60.25,0.0164069771606696,0.0306083863071734
"reef_campaign",60.5,0.0164653048491533,0.0307172007709244
"reef_campaign",60.75,0.0165238398957147,0.0308264020759614
"reef_campaign",61,0.0165825830375228,0.030935991597526
"reef_campaign",61.25,0.0166415350143675,0.031045970715749
"reef_campaign",61.5,0.0167006965686686,0.0311563408156674
"reef_campaign",61.75,0.0167600684454854,0.0312671032872423
"reef_campaign",62,0.0168196513925256,0.031378259525376
"reef_campaign",62.25,0.0168794461601552,0.0314898109299299
"reef_campaign",62.5,0.016939453501408,0.031601758905742
"reef_campaign",62.75,0.0169996741719946,0.0317141048626443
"reef_campaign",63,0.0170601089303123,0.0318268502154813
"reef_campaign",63.25,0.0171207585374544,0.0319399963841269
"reef_campaign",63.5,0.0171816237572203,0.032053544793503
"reef_campaign",63.75,0.0172427053561243,0.0321674968735971
"reef_campaign",64,0.017304004103406,0.0322818540594802
"reef_campaign",64.25,0.0173655207710395,0.0323966177913254
"reef_campaign",64.5,0.0174272561337435,0.0325117895144255
"reef_campaign",64.75,0.0174892109689908,0.0326273706792113
"reef_campaign",65,0.017551386057018,0.0327433627412702
"reef_campaign",65.25,0.0176137821808356,0.0328597671613641
"reef_campaign",65.5,0.0176764001262379,0.0329765854054481
"reef_campaign",65.75,0.0177392406818125,0.0330938189446887
"reef_campaign",66,0.0178023046389506,0.0332114692554826
"reef_campaign",66.25,0.0178655927918568,0.0333295378194752
"reef_campaign",66.5,0.0179291059375591,0.0334480261235791
"reef_campaign",66.75,0.017992844875919,0.0335669356599932
"reef_campaign",67,0.0180568104096417,0.0336862679262208
"reef_campaign",67.25,0.0181210033442859,0.0338060244250894
"reef_campaign",67.5,0.018185424488274,0.0339262066647689
"reef_campaign",67.75,0.0182500746529027,0.0340468161587907
"reef_campaign",68,0.0183149546523526,0.0341678544260672
"reef_campaign",68.25,0.0183800653036989,0.0342893229909102
"reef_campaign",68.5,0.0184454074269216,0.034411223383051
"reef_campaign",68.75,0.0185109818449156,0.0345335571376589
"reef_campaign",69,0.0185767893835014,0.0346563257953606
"reef_campaign",69.25,0.0186428308714353,0.0347795309022604
"reef_campaign",69.5,0.0187091071404198,0.0349031740099584
"reef_campaign",69.75,0.0187756190251143,0.0350272566755713
"reef_campaign",70,0.0188423673631451,0.035151780461751
"reef_campaign",70.25,0.0189093529951169,0.035276746936705
"reef_campaign",70.5,0.0189765767646221,0.0354021576742158
"reef_campaign",70.75,0.0190440395182528,0.0355280142536607
"reef_campaign",71,0.0191117421056102,0.0356543182600318
"reef_campaign",71.25,0.0191796853793163,0.035781071283956
"reef_campaign",71.5,0.019247870195024,0.0359082749217149
"reef_campaign",71.75,0.0193162974114281,0.0360359307752649
"reef_campaign",72,0.0193849678902761,0.0361640404522575
"reef_campaign",72.25,0.0194538824963792,0.0362926055660597
"reef_campaign",72.5,0.019523042097623,0.0364216277357738
"reef_campaign",72.75,0.0195924475649783,0.0365511085862582
"reef_campaign",73,0.0196620997725125,0.0366810497481477
"reef_campaign",73.25,0.0197319995974001,0.0368114528578744
"reef_campaign",73.5,0.0198021479199343,0.0369423195576875
"reef_campaign",73.75,0.0198725456235375,0.0370736514956749
"reef_campaign",74,0.019943193594773,0.0372054503257834
"reef_campaign",74.25,0.0200140927233556,0.0373377177078396
"reef_campaign",74.5,0.0200852439021632,0.037470455307571
"reef_campaign",74.75,0.0201566480272481,0.0376036647966268
"reef_campaign",75,0.0202283059978477,0.0377373478525989
"reef_campaign",75.25,0.0203002187163967,0.0378715061590433
"reef_campaign",75.5,0.0203723870885378,0.038006141405501
"reef_campaign",75.75,0.0204448120231332,0.0381412552875195
"reef_campaign",76,0.0205174944322763,0.0382768495066741
"reef_campaign",76.25,0.0205904352313029,0.0384129257705891
"reef_campaign",76.5,0.0206636353388032,0.0385494857929596
"reef_campaign",76.75,0.0207370956766326,0.0386865312935732
"reef_campaign",77,0.0208108171699241,0.038824063998331
"reef_campaign",77.25,0.0208848007470993,0.03896208563927
"reef_campaign",77.5,0.0209590473398806,0.0391005979545849
"reef_campaign",77.75,0.0210335578833027,0.0392396026886494
"reef_campaign",78,0.0211083333157244,0.0393791015920388
"reef_campaign",78.25,0.0211833745788402,0.0395190964215516
"reef_campaign",78.5,0.0212586826176928,0.0396595889402319
"reef_campaign",78.75,0.0213342583806841,0.0398005809173916
"reef_campaign",79,0.0214101028195879,0.0399420741286326
"reef_campaign",79.25,0.0214862168895617,0.0400840703558689
"reef_campaign",79.5,0.0215626015491583,0.0402265713873496
"reef_campaign",79.75,0.0216392577603385,0.040369579017681
"reef_campaign",80,0.0217161864884828,0.0405130950478493
"reef_campaign",80.25,0.0217933887024038,0.0406571212852433
"reef_campaign",80.5,0.021870865374358,0.0408016595436773
"reef_campaign",80.75,0.0219486174800587,0.0409467116434137
"reef_campaign",81,0.0220266459986875,0.0410922794111859
"reef_campaign",81.25,0.0221049519129075,0.0412383646802217
"reef_campaign",81.5,0.0221835362088748,0.041384969290266
"reef_campaign",81.75,0.0222623998762516,0.041532095087604
"reef_campaign",82,0.0223415439082184,0.0416797439250847
"reef_campaign",82.25,0.0224209693014862,0.0418279176621439
"reef_campaign",82.5,0.0225006770563099,0.0419766181648281
"reef_campaign",82.75,0.0225806681764998,0.0421258473058174
"reef_campaign",83,0.0226609436694352,0.0422756069644494
"reef_campaign",83.25,0.0227415045460765,0.042425899026743
"reef_campaign",83.5,0.0228223518209782,0.042576725385422
"reef_campaign",83.75,0.0229034865123015,0.0427280879399387
"reef_campaign",84,0.0229849096418273,0.0428799885964984
"reef_campaign",84.25,0.023066622234969,0.0430324292680827
"reef_campaign",84.5,0.0231486253207853,0.0431854118744742
"reef_campaign",84.75,0.0232309199319933,0.0433389383422804
"reef_campaign",85,0.0233135071049816,0.0434930106049579
"reef_campaign",85.25,0.023396387879823,0.043647630602837
"reef_campaign",85.5,0.023479563300288,0.0438028002831457
"reef_campaign",85.75,0.0235630344138576,0.0439585216000348
"reef_campaign",86,0.0236468022717368,0.0441147965146021
"reef_campaign",86.25,0.0237308679288676,0.0442716269949171
"reef_campaign",86.5,0.0238152324439424,0.044429015016046
"reef_campaign",86.75,0.0238998968794172,0.0445869625600766
"reef_campaign",87,0.0239848623015254,0.0447454716161429
"reef_campaign",87.25,0.0240701297802905,0.0449045441804504
"reef_campaign",87.5,0.0241557003895404,0.0450641822563013
"reef_campaign",87.75,0.0242415752069201,0.0452243878541197
"reef_campaign",88,0.0243277553139061,0.0453851629914768
"reef_campaign",88.25,0.0244142417958194,0.0455465096931163
"reef_campaign",88.5,0.0245010357418392,0.0457084299909801
"reef_campaign",88.75,0.0245881382450172,0.0458709259242336
"reef_campaign",89,0.0246755504022906,0.0460339995392918
"reef_campaign",89.25,0.0247632733144964,0.0461976528898446
"reef_campaign",89.5,0.0248513080863852,0.0463618880368829
"reef_campaign",89.75,0.024939655826635,0.0465267070487246
"reef_campaign",90,0.0250283176478652,0.0466921120010406
"reef_campaign",90.25,0.0251172946666505,0.0468581049768809
"reef_campaign",90.5,0.0252065880035354,0.0470246880667007
"reef_campaign",90.75,0.0252961987830476,0.0471918633683871
"reef_campaign",91,0.0253861281337129,0.0473596329872853
"reef_campaign",91.25,0.0254763771880689,0.0475279990362249
"reef_campaign",91.5,0.0255669470826794,0.047696963635547
"reef_campaign",91.75,0.0256578389581488,0.0478665289131303
"reef_campaign",92,0.0257490539591366,0.0480366970044186
"reef_campaign",92.25,0.0258405932343711,0.0482074700524469
"reef_campaign",92.5,0.0259324579366651,0.0483788502078693
"reef_campaign",92.75,0.0260246492229291,0.0485508396289851
"reef_campaign",93,0.0261171682541868,0.0487234404817668
"reef_campaign",93.25,0.0262100161955893,0.0488966549398869
"reef_campaign",93.5,0.02630319421643,0.0490704851847455
"reef_campaign",93.75,0.026396703490159,0.0492449334054976
"reef_campaign",94,0.0264905451943981,0.0494200017990809
"reef_campaign",94.25,0.0265847205109559,0.0495956925702432
"reef_campaign",94.5,0.026679230625842,0.0497720079315704
"reef_campaign",94.75,0.0267740767292827,0.0499489501035142
"reef_campaign",95,0.0268692600157352,0.0501265213144201
"reef_campaign",95.25,0.0269647816839034,0.0503047238005555
"reef_campaign",95.5,0.0270606429367526,0.050483559806138
"reef_campaign",95.75,0.0271568449815246,0.0506630315833633
"reef_campaign",96,0.027253389029753,0.0508431413924339
"reef_campaign",96.25,0.0273502762972786,0.0510238915015875
"reef_campaign",96.5,0.0274475080042645,0.0512052841871252
"reef_campaign",96.75,0.0275450853752116,0.0513873217334409
"reef_campaign",97,0.0276430096389738,0.0515700064330494
"reef_campaign",97.25,0.0277412820287739,0.0517533405866154
"reef_campaign",97.5,0.0278399037822186,0.0519373265029829
"reef_campaign",97.75,0.0279388761413146,0.0521219664992038
"reef_campaign",98,0.0280382003524838,0.0523072629005672
"reef_campaign",98.25,0.0281378776665794,0.0524932180406288
"reef_campaign",98.5,0.0282379093389013,0.0526798342612401
"reef_campaign",98.75,0.028338296629212,0.0528671139125782
"reef_campaign",99,0.0284390408017528,0.0530550593531751
"reef_campaign",99.25,0.0285401431252592,0.0532436729499474
"reef_campaign",99.5,0.0286416048729772,0.0534329570782265
"reef_campaign",99.75,0.0287434273226792,0.053622914121788
"reef_campaign",100,0.0288456117566802,0.053813546472882
"reef_site_campaign",0,0.00612329346362504,0.0131894237239874
"reef_site_campaign",0.25,0.00614536656221066,0.0132369686361947
"reef_site_campaign",0.5,0.00616751922936246,0.0132846849371391
"reef_site_campaign",0.75,0.00618975175190726,0.0133325732446387
"reef_site_campaign",1,0.00621206441770582,0.0133806341787385
"reef_site_campaign",1.25,0.0062344575156566,0.0134288683617187
"reef_site_campaign",1.5,0.00625693133569943,0.0134772764181024
"reef_site_campaign",1.75,0.00627948616881936,0.0135258589746645
"reef_site_campaign",2,0.00630212230705033,0.0135746166604387
"reef_site_campaign",2.25,0.00632484004347902,0.0136235501067267
"reef_site_campaign",2.5,0.00634763967224863,0.0136726599471057
"reef_site_campaign",2.75,0.00637052148856266,0.0137219468174366
"reef_site_campaign",3,0.00639348578868876,0.0137714113558729
"reef_site_campaign",3.25,0.00641653286996257,0.0138210542028681
"reef_site_campaign",3.5,0.00643966303079153,0.0138708760011846
"reef_site_campaign",3.75,0.0064628765706588,0.0139208773959016
"reef_site_campaign",4,0.00648617379012711,0.013971059034424
"reef_site_campaign",4.25,0.00650955499084261,0.0140214215664902
"reef_site_campaign",4.5,0.00653302047553888,0.0140719656441808
"reef_site_campaign",4.75,0.00655657054804072,0.014122691921927
"reef_site_campaign",5,0.00658020551326822,0.0141736010565192
"reef_site_campaign",5.25,0.00660392567724057,0.0142246937071152
"reef_site_campaign",5.5,0.00662773134708015,0.0142759705352491
"reef_site_campaign",5.75,0.00665162283101639,0.0143274322048394
"reef_site_campaign",6,0.00667560043838988,0.0143790793821983
"reef_site_campaign",6.25,0.00669966447965626,0.0144309127360395
"reef_site_campaign",6.5,0.00672381526639031,0.0144829329374876
"reef_site_campaign",6.75,0.00674805311128999,0.0145351406600861
"reef_site_campaign",7,0.00677237832818044,0.0145875365798067
"reef_site_campaign",7.25,0.00679679123201807,0.0146401213750579
"reef_site_campaign",7.5,0.00682129213889465,0.0146928957266934
"reef_site_campaign",7.75,0.00684588136604139,0.0147458603180217
"reef_site_campaign",8,0.00687055923183302,0.0147990158348139
"reef_site_campaign",8.25,0.00689532605579198,0.0148523629653136
"reef_site_campaign",8.5,0.00692018215859248,0.0149059024002452
"reef_site_campaign",8.75,0.00694512786206472,0.014959634832823
"reef_site_campaign",9,0.00697016348919901,0.0150135609587602
"reef_site_campaign",9.25,0.00699528936414996,0.0150676814762779
"reef_site_campaign",9.5,0.0070205058122407,0.0151219970861141
"reef_site_campaign",9.75,0.00704581315996706,0.0151765084915328
"reef_site_campaign",10,0.00707121173500184,0.0152312163983331
"reef_site_campaign",10.25,0.007096701866199,0.0152861215148585
"reef_site_campaign",10.5,0.00712228388359796,0.0153412245520057
"reef_site_campaign",10.75,0.00714795811842786,0.0153965262232341
"reef_site_campaign",11,0.00717372490311183,0.0154520272445751
"reef_site_campaign",11.25,0.00719958457127132,0.015507728334641
"reef_site_campaign",11.5,0.00722553745773042,0.0155636302146347
"reef_site_campaign",11.75,0.00725158389852018,0.0156197336083587
"reef_site_campaign",12,0.00727772423088295,0.015676039242225
"reef_site_campaign",12.25,0.0073039587932768,0.0157325478452638
"reef_site_campaign",12.5,0.00733028792537981,0.0157892601491333
"reef_site_campaign",12.75,0.00735671196809459,0.0158461768881294
"reef_site_campaign",13,0.00738323126355257,0.0159032987991949
"reef_site_campaign",13.25,0.00740984615511852,0.015960626621929
"reef_site_campaign",13.5,0.00743655698739495,0.0160181610985969
"reef_site_campaign",13.75,0.00746336410622658,0.0160759029741399
"reef_site_campaign",14,0.00749026785870485,0.0161338529961843
"reef_site_campaign",14.25,0.00751726859317235,0.0161920119150514
"reef_site_campaign",14.5,0.0075443666592274,0.0162503804837676
"reef_site_campaign",14.75,0.00757156240772851,0.0163089594580733
"reef_site_campaign",15,0.00759885619079897,0.0163677495964335
"reef_site_campaign",15.25,0.00762624836183142,0.0164267516600474
"reef_site_campaign",15.5,0.00765373927549237,0.0164859664128577
"reef_site_campaign",15.75,0.00768132928772684,0.0165453946215614
"reef_site_campaign",16,0.00770901875576293,0.0166050370556191
"reef_site_campaign",16.25,0.00773680803811649,0.0166648944872649
"reef_site_campaign",16.5,0.00776469749459573,0.0167249676915171
"reef_site_campaign",16.75,0.00779268748630589,0.0167852574461874
"reef_site_campaign",17,0.00782077837565392,0.0168457645318915
"reef_site_campaign",17.25,0.00784897052635315,0.016906489732059
"reef_site_campaign",17.5,0.00787726430342803,0.0169674338329435
"reef_site_campaign",17.75,0.00790566007321883,0.017028597623633
"reef_site_campaign",18,0.0079341582033864,0.01708998189606
"reef_site_campaign",18.25,0.00796275906291692,0.0171515874450115
"reef_site_campaign",18.5,0.00799146302212669,0.01721341506814
"reef_site_campaign",18.75,0.00802027045266691,0.0172754655659728
"reef_site_campaign",19,0.00804918172752851,0.0173377397419233
"reef_site_campaign",19.25,0.00807819722104696,0.0174002384023009
"reef_site_campaign",19.5,0.00810731730890711,0.0174629623563215
"reef_site_campaign",19.75,0.0081365423681481,0.0175259124161182
"reef_site_campaign",20,0.00816587277716821,0.0175890893967516
"reef_site_campaign",20.25,0.00819530891572973,0.0176524941162204
"reef_site_campaign",20.5,0.00822485116496393,0.0177161273954718
"reef_site_campaign",20.75,0.00825449990737596,0.0177799900584127
"reef_site_campaign",21,0.00828425552684985,0.0178440829319198
"reef_site_campaign",21.25,0.0083141184086534,0.0179084068458504
"reef_site_campaign",21.5,0.00834408893944323,0.0179729626330535
"reef_site_campaign",21.75,0.00837416750726979,0.0180377511293802
"reef_site_campaign",22,0.00840435450158233,0.0181027731736946
"reef_site_campaign",22.25,0.00843465031323402,0.0181680296078848
"reef_site_campaign",22.5,0.00846505533448692,0.0182335212768736
"reef_site_campaign",22.75,0.00849556995901715,0.0182992490286298
"reef_site_campaign",23,0.00852619458191991,0.0183652137141788
"reef_site_campaign",23.25,0.00855692959971465,0.0184314161876136
"reef_site_campaign",23.5,0.00858777541035018,0.0184978573061062
"reef_site_campaign",23.75,0.00861873241320982,0.0185645379299185
"reef_site_campaign",24,0.00864980100911659,0.0186314589224135
"reef_site_campaign",24.25,0.00868098160033837,0.0186986211500662
"reef_site_campaign",24.5,0.00871227459059313,0.0187660254824753
"reef_site_campaign",24.75,0.00874368038505416,0.0188336727923741
"reef_site_campaign",25,0.00877519939035531,0.0189015639556419
"reef_site_campaign",25.25,0.00880683201459625,0.0189696998513153
"reef_site_campaign",25.5,0.00883857866734775,0.0190380813615998
"reef_site_campaign",25.75,0.008870439759657,0.0191067093718809
"reef_site_campaign",26,0.00890241570405292,0.0191755847707357
"reef_site_campaign",26.25,0.0089345069145515,0.0192447084499446
"reef_site_campaign",26.5,0.00896671380666117,0.0193140813045025
"reef_site_campaign",26.75,0.00899903679738818,0.0193837042326306
"reef_site_campaign",27,0.00903147630524199,0.0194535781357879
"reef_site_campaign",27.25,0.00906403275024068,0.0195237039186832
"reef_site_campaign",27.5,0.0090967065539164,0.0195940824892864
"reef_site_campaign",27.75,0.00912949813932088,0.0196647147588404
"reef_site_campaign",28,0.00916240793103078,0.0197356016418729
"reef_site_campaign",28.25,0.00919543635515331,0.0198067440562085
"reef_site_campaign",28.5,0.0092285838393317,0.0198781429229802
"reef_site_campaign",28.75,0.00926185081275072,0.0199497991666413
"reef_site_campaign",29,0.00929523770614227,0.0200217137149778
"reef_site_campaign",29.25,0.00932874495179093,0.0200938874991202
"reef_site_campaign",29.5,0.00936237298353957,0.0201663214535552
"reef_site_campaign",29.75,0.00939612223679498,0.0202390165161384
"reef_site_campaign",30,0.00942999314853347,0.0203119736281061
"reef_site_campaign",30.25,0.00946398615730659,0.0203851937340875
"reef_site_campaign",30.5,0.00949810170324672,0.020458677782117
"reef_site_campaign",30.75,0.00953234022807286,0.0205324267236464
"reef_site_campaign",31,0.00956670217509629,0.0206064415135573
"reef_site_campaign",31.25,0.00960118798922632,0.0206807231101735
"reef_site_campaign",31.5,0.00963579811697608,0.0207552724752733
"reef_site_campaign",31.75,0.00967053300646826,0.020830090574102
"reef_site_campaign",32,0.00970539310744093,0.0209051783753842
"reef_site_campaign",32.25,0.0097403788712534,0.0209805368513369
"reef_site_campaign",32.5,0.00977549075089198,0.0210561669776815
"reef_site_campaign",32.75,0.00981072920097593,0.0211320697336567
"reef_site_campaign",33,0.00984609467776329,0.021208246102031
"reef_site_campaign",33.25,0.00988158763915681,0.0212846970691158
"reef_site_campaign",33.5,0.0099172085447099,0.0213614236247779
"reef_site_campaign",33.75,0.00995295785563252,0.0214384267624521
"reef_site_campaign",34,0.00998883603479721,0.0215157074791545
"reef_site_campaign",34.25,0.0100248435467451,0.0215932667754953
"reef_site_campaign",34.5,0.0100609808576917,0.0216711056556915
"reef_site_campaign",34.75,0.0100972484355335,0.0217492251275801
"reef_site_campaign",35,0.0101336467498533,0.0218276262026313
"reef_site_campaign",35.25,0.0101701762719266,0.0219063098959612
"reef_site_campaign",35.5,0.0102068374747282,0.0219852772263453
"reef_site_campaign",35.75,0.0102436308329374,0.0220645292162315
"reef_site_campaign",36,0.0102805568229448,0.0221440668917534
"reef_site_campaign",36.25,0.0103176159228583,0.0222238912827436
"reef_site_campaign",36.5,0.0103548086125091,0.0223040034227471
"reef_site_campaign",36.75,0.0103921353734584,0.0223844043490344
"reef_site_campaign",37,0.0104295966890031,0.0224650951026152
"reef_site_campaign",37.25,0.0104671930441823,0.022546076728252
"reef_site_campaign",37.5,0.0105049249257835,0.0226273502744732
"reef_site_campaign",37.75,0.0105427928223491,0.022708916793587
"reef_site_campaign",38,0.0105807972241825,0.0227907773416948
"reef_site_campaign",38.25,0.0106189386233546,0.0228729329787053
"reef_site_campaign",38.5,0.01065721751371,0.0229553847683477
"reef_site_campaign",38.75,0.0106956343908736,0.0230381337781857
"reef_site_campaign",39,0.0107341897522568,0.0231211810796315
"reef_site_campaign",39.25,0.0107728840970642,0.0232045277479594
"reef_site_campaign",39.5,0.0108117179262998,0.0232881748623197
"reef_site_campaign",39.75,0.0108506917427737,0.023372123505753
"reef_site_campaign",40,0.0108898060511085,0.0234563747652039
"reef_site_campaign",40.25,0.0109290613577457,0.0235409297315352
"reef_site_campaign",40.5,0.0109684581709527,0.0236257894995421
"reef_site_campaign",40.75,0.0110079970008288,0.0237109551679662
"reef_site_campaign",41,0.0110476783593123,0.0237964278395099
"reef_site_campaign",41.25,0.0110875027601867,0.0238822086208504
"reef_site_campaign",41.5,0.0111274707190879,0.0239682986226545
"reef_site_campaign",41.75,0.0111675827535102,0.0240546989595926
"reef_site_campaign",42,0.0112078393828137,0.024141410750353
"reef_site_campaign",42.25,0.0112482411282303,0.024228435117657
"reef_site_campaign",42.5,0.0112887885128712,0.0243157731882728
"reef_site_campaign",42.75,0.0113294820617329,0.0244034260930305
"reef_site_campaign",43,0.0113703223017048,0.0244913949668364
"reef_site_campaign",43.25,0.0114113097615753,0.0245796809486882
"reef_site_campaign",43.5,0.0114524449720392,0.024668285181689
"reef_site_campaign",43.75,0.0114937284657042,0.0247572088130629
"reef_site_campaign",44,0.0115351607770979,0.0248464529941694
"reef_site_campaign",44.25,0.0115767424426748,0.0249360188805182
"reef_site_campaign",44.5,0.0116184740008233,0.0250259076317845
"reef_site_campaign",44.75,0.0116603559918724,0.025116120411824
"reef_site_campaign",45,0.011702388958099,0.0252066583886876
"reef_site_campaign",45.25,0.0117445734437347,0.0252975227346368
"reef_site_campaign",45.5,0.011786909994973,0.0253887146261591
"reef_site_campaign",45.75,0.0118293991599762,0.0254802352439826
"reef_site_campaign",46,0.0118720414888827,0.0255720857730919
"reef_site_campaign",46.25,0.0119148375338139,0.0256642674027431
"reef_site_campaign",46.5,0.0119577878488818,0.0257567813264793
"reef_site_campaign",46.75,0.0120008929901954,0.0258496287421463
"reef_site_campaign",47,0.0120441535158687,0.0259428108519074
"reef_site_campaign",47.25,0.0120875699860273,0.0260363288622599
"reef_site_campaign",47.5,0.0121311429628163,0.0261301839840499
"reef_site_campaign",47.75,0.0121748730104067,0.0262243774324885
"reef_site_campaign",48,0.0122187606950037,0.0263189104271673
"reef_site_campaign",48.25,0.0122628065848532,0.0264137841920744
"reef_site_campaign",48.5,0.0123070112502496,0.0265089999556099
"reef_site_campaign",48.75,0.0123513752635433,0.0266045589506022
"reef_site_campaign",49,0.0123958991991475,0.0267004624143235
"reef_site_campaign",49.25,0.0124405836335463,0.0267967115885063
"reef_site_campaign",49.5,0.0124854291453019,0.0268933077193593
"reef_site_campaign",49.75,0.012530436315062,0.0269902520575834
"reef_site_campaign",50,0.0125756057255674,0.027087545858388
"reef_site_campaign",50.25,0.0126209379616595,0.0271851903815072
"reef_site_campaign",50.5,0.0126664336102881,0.0272831868912164
"reef_site_campaign",50.75,0.0127120932605186,0.027381536656348
"reef_site_campaign",51,0.0127579175035401,0.0274802409503088
"reef_site_campaign",51.25,0.0128039069326726,0.0275793010510954
"reef_site_campaign",51.5,0.012850062143375,0.0276787182413117
"reef_site_campaign",51.75,0.0128963837332526,0.0277784938081849
"reef_site_campaign",52,0.012942872302065,0.0278786290435825
"reef_site_campaign",52.25,0.0129895284517337,0.0279791252440286
"reef_site_campaign",52.5,0.0130363527863502,0.0280799837107214
"reef_site_campaign",52.75,0.0130833459121835,0.0281812057495492
"reef_site_campaign",53,0.0131305084376879,0.0282827926711082
"reef_site_campaign",53.25,0.0131778409735114,0.0283847457907185
"reef_site_campaign",53.5,0.0132253441325029,0.028487066428442
"reef_site_campaign",53.75,0.0132730185297206,0.0285897559090991
"reef_site_campaign",54,0.0133208647824399,0.0286928155622856
"reef_site_campaign",54.25,0.0133688835101614,0.0287962467223905
"reef_site_campaign",54.5,0.0134170753346187,0.0289000507286128
"reef_site_campaign",54.75,0.0134654408797867,0.0290042289249792
"reef_site_campaign",55,0.0135139807718896,0.029108782660361
"reef_site_campaign",55.25,0.0135626956394088,0.0292137132884922
"reef_site_campaign",55.5,0.0136115861130916,0.0293190221679865
"reef_site_campaign",55.75,0.0136606528259588,0.0294247106623551
"reef_site_campaign",56,0.013709896413313,0.0295307801400246
"reef_site_campaign",56.25,0.0137593175127471,0.0296372319743542
"reef_site_campaign",56.5,0.0138089167641522,0.0297440675436538
"reef_site_campaign",56.75,0.0138586948097263,0.0298512882312019
"reef_site_campaign",57,0.0139086522939822,0.0299588954252633
"reef_site_campaign",57.25,0.013958789863756,0.0300668905191073
"reef_site_campaign",57.5,0.0140091081682157,0.0301752749110254
"reef_site_campaign",57.75,0.0140596078588692,0.03028405000435
"reef_site_campaign",58,0.014110289589573,0.0303932172074718
"reef_site_campaign",58.25,0.0141611540165408,0.0305027779338587
"reef_site_campaign",58.5,0.0142122017983513,0.0306127336020737
"reef_site_campaign",58.75,0.0142634335959579,0.0307230856357934
"reef_site_campaign",59,0.014314850072696,0.0308338354638267
"reef_site_campaign",59.25,0.0143664518942925,0.0309449845201326
"reef_site_campaign",59.5,0.014418239728874,0.0310565342438394
"reef_site_campaign",59.75,0.0144702142469756,0.0311684860792634
"reef_site_campaign",60,0.0145223761215495,0.0312808414759268
"reef_site_campaign",60.25,0.0145747260279737,0.0313936018885775
"reef_site_campaign",60.5,0.0146272646440607,0.0315067687772071
"reef_site_campaign",60.75,0.0146799926500667,0.0316203436070703
"reef_site_campaign",61,0.0147329107286997,0.0317343278487037
"reef_site_campaign",61.25,0.014786019565129,0.0318487229779449
"reef_site_campaign",61.5,0.0148393198469934,0.0319635304759514
"reef_site_campaign",61.75,0.014892812264411,0.0320787518292201
"reef_site_campaign",62,0.0149464975099871,0.0321943885296063
"reef_site_campaign",62.25,0.0150003762788241,0.0323104420743432
"reef_site_campaign",62.5,0.0150544492685299,0.0324269139660611
"reef_site_campaign",62.75,0.015108717179227,0.0325438057128069
"reef_site_campaign",63,0.015163180713562,0.0326611188280639
"reef_site_campaign",63.25,0.0152178405767142,0.0327788548307708
"reef_site_campaign",63.5,0.0152726974764048,0.0328970152453421
"reef_site_campaign",63.75,0.0153277521229063,0.0330156016016872
"reef_site_campaign",64,0.0153830052290517,0.0331346154352307
"reef_site_campaign",64.25,0.0154384575102434,0.0332540582869319
"reef_site_campaign",64.5,0.0154941096844627,0.0333739317033049
"reef_site_campaign",64.75,0.0155499624722791,0.0334942372364389
"reef_site_campaign",65,0.0156060165968597,0.0336149764440176
"reef_site_campaign",65.25,0.0156622727839782,0.0337361508893402
"reef_site_campaign",65.5,0.0157187317620248,0.0338577621413411
"reef_site_campaign",65.75,0.0157753942620152,0.0339798117746101
"reef_site_campaign",66,0.0158322610176005,0.0341023013694136
"reef_site_campaign",66.25,0.015889332765076,0.0342252325117139
"reef_site_campaign",66.5,0.0159466102433917,0.0343486067931908
"reef_site_campaign",66.75,0.016004094194161,0.0344724258112616
"reef_site_campaign",67,0.0160617853616708,0.0345966911691017
"reef_site_campaign",67.25,0.0161196844928908,0.034721404475666
"reef_site_campaign",67.5,0.0161777923374837,0.034846567345709
"reef_site_campaign",67.75,0.0162361096478142,0.0349721813998061
"reef_site_campaign",68,0.0162946371789593,0.0350982482643747
"reef_site_campaign",68.25,0.016353375688718,0.0352247695716947
"reef_site_campaign",68.5,0.0164123259376207,0.0353517469599305
"reef_site_campaign",68.75,0.0164714886889395,0.0354791820731511
"reef_site_campaign",69,0.0165308647086979,0.0356070765613527
"reef_site_campaign",69.25,0.0165904547656809,0.0357354320804787
"reef_site_campaign",69.5,0.0166502596314445,0.0358642502924423
"reef_site_campaign",69.75,0.0167102800803262,0.0359935328651472
"reef_site_campaign",70,0.0167705168894547,0.0361232814725097
"reef_site_campaign",70.25,0.0168309708387602,0.0362534977944801
"reef_site_campaign",70.5,0.0168916427109843,0.0363841835170647
"reef_site_campaign",70.75,0.0169525332916902,0.0365153403323473
"reef_site_campaign",71,0.0170136433692729,0.0366469699385113
"reef_site_campaign",71.25,0.0170749737349693,0.0367790740398617
"reef_site_campaign",71.5,0.0171365251828687,0.0369116543468473
"reef_site_campaign",71.75,0.0171982985099228,0.0370447125760823
"reef_site_campaign",72,0.017260294515956,0.0371782504503693
"reef_site_campaign",72.25,0.0173225140036763,0.0373122696987211
"reef_site_campaign",72.5,0.0173849577786849,0.037446772056383
"reef_site_campaign",72.75,0.0174476266494871,0.0375817592648557
"reef_site_campaign",73,0.0175105214275027,0.0377172330719176
"reef_site_campaign",73.25,0.0175736429270766,0.0378531952316473
"reef_site_campaign",73.5,0.017636991965489,0.0379896475044466
"reef_site_campaign",73.75,0.0177005693629665,0.0381265916570632
"reef_site_campaign",74,0.0177643759426922,0.0382640294626134
"reef_site_campaign",74.25,0.0178284125308166,0.0384019627006051
"reef_site_campaign",74.5,0.0178926799564685,0.0385403931569612
"reef_site_campaign",74.75,0.0179571790517652,0.0386793226240423
"reef_site_campaign",75,0.0180219106518239,0.03881875290067
"reef_site_campaign",75.25,0.018086875594772,0.0389586857921503
"reef_site_campaign",75.5,0.0181520747217583,0.0390991231102969
"reef_site_campaign",75.75,0.0182175088769637,0.0392400666734549
"reef_site_campaign",76,0.0182831789076122,0.0393815183065237
"reef_site_campaign",76.25,0.0183490856639817,0.0395234798409815
"reef_site_campaign",76.5,0.0184152299994154,0.0396659531149083
"reef_site_campaign",76.75,0.0184816127703325,0.0398089399730099
"reef_site_campaign",77,0.0185482348362394,0.0399524422666422
"reef_site_campaign",77.25,0.0186150970597408,0.0400964618538344
"reef_site_campaign",77.5,0.018682200306551,0.0402410005993138
"reef_site_campaign",77.75,0.0187495454455048,0.0403860603745294
"reef_site_campaign",78,0.0188171333485692,0.0405316430576766
"reef_site_campaign",78.25,0.0188849648908543,0.040677750533721
"reef_site_campaign",78.5,0.0189530409506248,0.0408243846944232
"reef_site_campaign",78.75,0.0190213624093113,0.0409715474383633
"reef_site_campaign",79,0.0190899301515219,0.0411192406709652
"reef_site_campaign",79.25,0.0191587450650534,0.0412674663045214
"reef_site_campaign",79.5,0.0192278080409029,0.0414162262582178
"reef_site_campaign",79.75,0.0192971199732794,0.0415655224581587
"reef_site_campaign",80,0.0193666817596153,0.0417153568373914
"reef_site_campaign",80.25,0.0194364943005781,0.0418657313359315
"reef_site_campaign",80.5,0.0195065585000819,0.0420166479007878
"reef_site_campaign",80.75,0.0195768752652992,0.0421681084859877
"reef_site_campaign",81,0.0196474455066728,0.0423201150526026
"reef_site_campaign",81.25,0.0197182701379273,0.0424726695687727
"reef_site_campaign",81.5,0.0197893500760812,0.0426257740097333
"reef_site_campaign",81.75,0.0198606862414585,0.0427794303578399
"reef_site_campaign",82,0.0199322795577008,0.0429336406025938
"reef_site_campaign",82.25,0.0200041309517793,0.0430884067406681
"reef_site_campaign",82.5,0.0200762413540067,0.0432437307759334
"reef_site_campaign",82.75,0.0201486116980492,0.043399614719484
"reef_site_campaign",83,0.0202212429209388,0.0435560605896635
"reef_site_campaign",83.25,0.020294135963085,0.0437130704120913
"reef_site_campaign",83.5,0.0203672917682876,0.0438706462196887
"reef_site_campaign",83.75,0.0204407112837484,0.0440287900527052
"reef_site_campaign",84,0.0205143954600837,0.0441875039587449
"reef_site_campaign",84.25,0.0205883452513365,0.0443467899927931
"reef_site_campaign",84.5,0.020662561614989,0.0445066502172428
"reef_site_campaign",84.75,0.020737045511975,0.0446670867019217
"reef_site_campaign",85,0.0208117979066919,0.0448281015241185
"reef_site_campaign",85.25,0.0208868197670139,0.0449896967686101
"reef_site_campaign",85.5,0.0209621120643039,0.0451518745276886
"reef_site_campaign",85.75,0.0210376757734266,0.0453146369011884
"reef_site_campaign",86,0.0211135118727607,0.0454779859965133
"reef_site_campaign",86.25,0.0211896213442118,0.0456419239286636
"reef_site_campaign",86.5,0.0212660051732249,0.0458064528202642
"reef_site_campaign",86.75,0.0213426643487976,0.045971574801591
"reef_site_campaign",87,0.0214195998634923,0.0461372920105995
"reef_site_campaign",87.25,0.0214968127134496,0.0463036065929519
"reef_site_campaign",87.5,0.0215743038984009,0.0464705207020449
"reef_site_campaign",87.75,0.0216520744216813,0.046638036499038
"reef_site_campaign",88,0.0217301252902428,0.0468061561528809
"reef_site_campaign",88.25,0.0218084575146673,0.0469748818403421
"reef_site_campaign",88.5,0.0218870721091794,0.0471442157460367
"reef_site_campaign",88.75,0.02196597009166,0.047314160062455
"reef_site_campaign",89,0.0220451524836591,0.0474847169899906
"reef_site_campaign",89.25,0.0221246203104091,0.047655888736969
"reef_site_campaign",89.5,0.0222043746008383,0.0478276775196765
"reef_site_campaign",89.75,0.022284416387584,0.0480000855623883
"reef_site_campaign",90,0.0223647467070057,0.0481731150973977
"reef_site_campaign",90.25,0.0224453665991992,0.0483467683650449
"reef_site_campaign",90.5,0.0225262771080092,0.0485210476137462
"reef_site_campaign",90.75,0.0226074792810433,0.0486959551000227
"reef_site_campaign",91,0.0226889741696857,0.0488714930885299
"reef_site_campaign",91.25,0.0227707628291105,0.0490476638520868
"reef_site_campaign",91.5,0.0228528463182953,0.0492244696717054
"reef_site_campaign",91.75,0.0229352257000352,0.0494019128366204
"reef_site_campaign",92,0.0230179020409566,0.0495799956443184
"reef_site_campaign",92.25,0.0231008764115307,0.0497587204005681
"reef_site_campaign",92.5,0.0231841498860873,0.04993808941945
"reef_site_campaign",92.75,0.0232677235428293,0.0501181050233862
"reef_site_campaign",93,0.0233515984638461,0.0502987695431708
"reef_site_campaign",93.25,0.0234357757351277,0.0504800853179997
"reef_site_campaign",93.5,0.0235202564465789,0.0506620546955013
"reef_site_campaign",93.75,0.0236050416920336,0.0508446800317663
"reef_site_campaign",94,0.0236901325692684,0.051027963691379
"reef_site_campaign",94.25,0.0237755301800174,0.0512119080474473
"reef_site_campaign",94.5,0.0238612356299858,0.0513965154816335
"reef_site_campaign",94.75,0.0239472500288652,0.0515817883841856
"reef_site_campaign",95,0.0240335744903469,0.0517677291539675
"reef_site_campaign",95.25,0.024120210132137,0.0519543401984907
"reef_site_campaign",95.5,0.0242071580759707,0.0521416239339453
"reef_site_campaign",95.75,0.0242944194476268,0.0523295827852311
"reef_site_campaign",96,0.0243819953769422,0.0525182191859891
"reef_site_campaign",96.25,0.0244698869978267,0.052707535578633
"reef_site_campaign",96.5,0.0245580954482776,0.0528975344143811
"reef_site_campaign",96.75,0.0246466218703942,0.0530882181532875
"reef_site_campaign",97,0.0247354674103932,0.0532795892642744
"reef_site_campaign",97.25,0.0248246332186228,0.0534716502251638
"reef_site_campaign",97.5,0.0249141204495781,0.0536644035227099
"reef_site_campaign",97.75,0.0250039302619159,0.0538578516526309
"reef_site_campaign",98,0.0250940638184698,0.0540519971196415
"reef_site_campaign",98.25,0.0251845222862648,0.0542468424374854
"reef_site_campaign",98.5,0.0252753068365332,0.0544423901289679
"reef_site_campaign",98.75,0.0253664186447291,0.0546386427259882
"reef_site_campaign",99,0.0254578588905438,0.0548356027695725
"reef_site_campaign",99.25,0.0255496287579212,0.0550332728099071
"reef_site_campaign",99.5,0.0256417294350731,0.0552316554063707
"reef_site_campaign",99.75,0.0257341621144945,0.0554307531275683
"reef_site_campaign",100,0.025826927992979,0.0556305685513641
