"edna_pct","sampling_design","edna_prop_z","distance_z","lag_z","design_4x6","design_other_or_mixed","bottom_time","log_effort","estimate","lower","upper"
0,"3x12",-2.34421081583413,0,0,0,0,448,6.10479323241498,0.01224691846541,0.00784459320296134,0.0181451986410788
0,"4x6",-2.34421081583413,0,0,1,0,448,6.10479323241498,0.0127705064203058,0.00809049604992781,0.0204149882708277
0,"other_or_mixed",-2.34421081583413,0,0,0,1,448,6.10479323241498,0.0122401001197951,0.00786611604105149,0.0180995787360838
2,"3x12",-2.28036776492133,0,0,0,0,448,6.10479323241498,0.01224691846541,0.00784459320296134,0.0181451986410788
2,"4x6",-2.28036776492133,0,0,1,0,448,6.10479323241498,0.0128586372094495,0.00809049604992781,0.0204149882708277
2,"other_or_mixed",-2.28036776492133,0,0,0,1,448,6.10479323241498,0.0122401001197951,0.00786611604105149,0.0180995787360838
4,"3x12",-2.21652471400852,0,0,0,0,448,6.10479323241498,0.01224691846541,0.00784459320296134,0.0181451986410788
4,"4x6",-2.21652471400852,0,0,1,0,448,6.10479323241498,0.0128586372094495,0.00809049604992781,0.0204149882708277
4,"other_or_mixed",-2.21652471400852,0,0,0,1,448,6.10479323241498,0.0122401001197951,0.00786611604105149,0.0180995787360838
6,"3x12",-2.15268166309571,0,0,0,0,448,6.10479323241498,0.0123635141977242,0.00784459320296134,0.0181451986410788
6,"4x6",-2.15268166309571,0,0,1,0,448,6.10479323241498,0.0129003157573087,0.00809049604992781,0.0204149882708277
6,"other_or_mixed",-2.15268166309571,0,0,0,1,448,6.10479323241498,0.0123566958521094,0.00786611604105149,0.0180995787360838
8,"3x12",-2.08883861218291,0,0,0,0,448,6.10479323241498,0.0123635141977242,0.00784459320296134,0.0181451986410788
8,"4x6",-2.08883861218291,0,0,1,0,448,6.10479323241498,0.0129003157573087,0.00809049604992781,0.0204149882708277
8,"other_or_mixed",-2.08883861218291,0,0,0,1,448,6.10479323241498,0.0123566958521094,0.00786611604105149,0.0180995787360838
10,"3x12",-2.0249955612701,0,0,0,0,448,6.10479323241498,0.0125810775373663,0.00784459320296134,0.0181451986410788
10,"4x6",-2.0249955612701,0,0,1,0,448,6.10479323241498,0.0129900526787554,0.00809049604992781,0.0204149882708277
10,"other_or_mixed",-2.0249955612701,0,0,0,1,448,6.10479323241498,0.0125909154968602,0.00786611604105149,0.0180995787360838
12,"3x12",-1.9611525103573,0,0,0,0,448,6.10479323241498,0.0125810775373663,0.00784459320296134,0.0181451986410788
12,"4x6",-1.9611525103573,0,0,1,0,448,6.10479323241498,0.0129900526787554,0.00809049604992781,0.0204149882708277
12,"other_or_mixed",-1.9611525103573,0,0,0,1,448,6.10479323241498,0.0125909154968602,0.00786611604105149,0.0180995787360838
14,"3x12",-1.89730945944449,0,0,0,0,448,6.10479323241498,0.0126288405486516,0.00784459320296134,0.0181451986410788
14,"4x6",-1.89730945944449,0,0,1,0,448,6.10479323241498,0.0129900526787554,0.00809049604992781,0.0204149882708277
14,"other_or_mixed",-1.89730945944449,0,0,0,1,448,6.10479323241498,0.0126813325498785,0.00786611604105149,0.0180995787360838
16,"3x12",-1.83346640853168,0,0,0,0,448,6.10479323241498,0.0127679583217417,0.00784459320296134,0.0181451986410788
16,"4x6",-1.83346640853168,0,0,1,0,448,6.10479323241498,0.0131329739732402,0.00809049604992781,0.0204149882708277
16,"other_or_mixed",-1.83346640853168,0,0,0,1,448,6.10479323241498,0.0128166899085045,0.00786611604105149,0.0180995787360838
18,"3x12",-1.76962335761888,0,0,0,0,448,6.10479323241498,0.0127679583217417,0.00784459320296134,0.0181451986410788
18,"4x6",-1.76962335761888,0,0,1,0,448,6.10479323241498,0.0131329739732402,0.00809049604992781,0.0204149882708277
18,"other_or_mixed",-1.76962335761888,0,0,0,1,448,6.10479323241498,0.0128166899085045,0.00786611604105149,0.0180995787360838
20,"3x12",-1.70578030670607,0,0,0,0,448,6.10479323241498,0.0127679583217417,0.00784459320296134,0.0181451986410788
20,"4x6",-1.70578030670607,0,0,1,0,448,6.10479323241498,0.0131329739732402,0.00809049604992781,0.0204149882708277
20,"other_or_mixed",-1.70578030670607,0,0,0,1,448,6.10479323241498,0.0128166899085045,0.00786611604105149,0.0180995787360838
22,"3x12",-1.64193725579326,0,0,0,0,448,6.10479323241498,0.0127727181783744,0.00787562999342169,0.0181451986410788
22,"4x6",-1.64193725579326,0,0,1,0,448,6.10479323241498,0.0131329739732402,0.00812032220086881,0.020505808985659
22,"other_or_mixed",-1.64193725579326,0,0,0,1,448,6.10479323241498,0.0128598186586584,0.00789715283151184,0.0180995787360838
24,"3x12",-1.57809420488046,0,0,0,0,448,6.10479323241498,0.0127727181783744,0.00787562999342169,0.0181451986410788
24,"4x6",-1.57809420488046,0,0,1,0,448,6.10479323241498,0.0131329739732402,0.00812032220086881,0.020505808985659
24,"other_or_mixed",-1.57809420488046,0,0,0,1,448,6.10479323241498,0.0128598186586584,0.00789715283151184,0.0180995787360838
26,"3x12",-1.51425115396765,0,0,0,0,448,6.10479323241498,0.0143614720020975,0.00862667279850159,0.0214449124144656
26,"4x6",-1.51425115396765,0,0,1,0,448,6.10479323241498,0.015324595783438,0.00878920559106129,0.0233773533787046
26,"other_or_mixed",-1.51425115396765,0,0,0,1,448,6.10479323241498,0.0143200882843563,0.00862667279850159,0.0214449124144656
28,"3x12",-1.45040810305484,0,0,0,0,448,6.10479323241498,0.0143614720020975,0.00881504149043134,0.0214449124144656
28,"4x6",-1.45040810305484,0,0,1,0,448,6.10479323241498,0.015324595783438,0.00898493495104568,0.0233773533787046
28,"other_or_mixed",-1.45040810305484,0,0,0,1,448,6.10479323241498,0.0143200882843563,0.00881504149043134,0.0214449124144656
30,"3x12",-1.38656505214204,0,0,0,0,448,6.10479323241498,0.0145303771964141,0.00939045614962067,0.0216058865189552
30,"4x6",-1.38656505214204,0,0,1,0,448,6.10479323241498,0.0154401968632426,0.00957823313240494,0.0233773533787046
30,"other_or_mixed",-1.38656505214204,0,0,0,1,448,6.10479323241498,0.0145303771964141,0.00939045614962067,0.0216058865189552
32,"3x12",-1.32272200122923,0,0,0,0,448,6.10479323241498,0.0156866897429739,0.00969597856913294,0.0262500264814922
32,"4x6",-1.32272200122923,0,0,1,0,448,6.10479323241498,0.0166218775723662,0.00969597856913294,0.0295800461832966
32,"other_or_mixed",-1.32272200122923,0,0,0,1,448,6.10479323241498,0.0155792843018259,0.00969597856913294,0.0262500264814922
34,"3x12",-1.25887895031642,0,0,0,0,448,6.10479323241498,0.0156866897429739,0.00969597856913294,0.0262500264814922
34,"4x6",-1.25887895031642,0,0,1,0,448,6.10479323241498,0.0166218775723662,0.00969597856913294,0.0295800461832966
34,"other_or_mixed",-1.25887895031642,0,0,0,1,448,6.10479323241498,0.0155792843018259,0.00969597856913294,0.0262500264814922
36,"3x12",-1.19503589940362,0,0,0,0,448,6.10479323241498,0.0156866897429739,0.00969597856913294,0.0262500264814922
36,"4x6",-1.19503589940362,0,0,1,0,448,6.10479323241498,0.0166218775723662,0.00969597856913294,0.0295800461832966
36,"other_or_mixed",-1.19503589940362,0,0,0,1,448,6.10479323241498,0.0155792843018259,0.00969597856913294,0.0262500264814922
38,"3x12",-1.13119284849081,0,0,0,0,448,6.10479323241498,0.0157393727983747,0.0100279279585396,0.0262500264814922
38,"4x6",-1.13119284849081,0,0,1,0,448,6.10479323241498,0.0166218775723662,0.0101172266794103,0.0295800461832966
38,"other_or_mixed",-1.13119284849081,0,0,0,1,448,6.10479323241498,0.0157064273953438,0.0100279279585396,0.0262500264814922
40,"3x12",-1.067349797578,0,0,0,0,448,6.10479323241498,0.0157393727983747,0.0101267017424107,0.0262500264814922
40,"4x6",-1.067349797578,0,0,1,0,448,6.10479323241498,0.0166218775723662,0.0103853450821979,0.0295800461832966
40,"other_or_mixed",-1.067349797578,0,0,0,1,448,6.10479323241498,0.0157064273953438,0.0101267017424107,0.0262500264814922
42,"3x12",-1.0035067466652,0,0,0,0,448,6.10479323241498,0.0157393727983747,0.010151656344533,0.0262500264814922
42,"4x6",-1.0035067466652,0,0,1,0,448,6.10479323241498,0.0166669264435768,0.0104107662769301,0.0295800461832966
42,"other_or_mixed",-1.0035067466652,0,0,0,1,448,6.10479323241498,0.0157064273953438,0.010151656344533,0.0262500264814922
44,"3x12",-0.93966369575239,0,0,0,0,448,6.10479323241498,0.0157393727983747,0.010151656344533,0.0262500264814922
44,"4x6",-0.93966369575239,0,0,1,0,448,6.10479323241498,0.0166669264435768,0.0104107662769301,0.0295800461832966
44,"other_or_mixed",-0.93966369575239,0,0,0,1,448,6.10479323241498,0.0157064273953438,0.010151656344533,0.0262500264814922
46,"3x12",-0.875820644839584,0,0,0,0,448,6.10479323241498,0.0164821041481836,0.011601231779371,0.0284168587199279
46,"4x6",-0.875820644839584,0,0,1,0,448,6.10479323241498,0.0173091499933175,0.0116811682869281,0.0314860614282744
46,"other_or_mixed",-0.875820644839584,0,0,0,1,448,6.10479323241498,0.0164821041481836,0.0116258376144937,0.0282202079359974
48,"3x12",-0.811977593926777,0,0,0,0,448,6.10479323241498,0.0164821041481836,0.011601231779371,0.0284168587199279
48,"4x6",-0.811977593926777,0,0,1,0,448,6.10479323241498,0.0173091499933175,0.0116811682869281,0.0314860614282744
48,"other_or_mixed",-0.811977593926777,0,0,0,1,448,6.10479323241498,0.0164821041481836,0.0116258376144937,0.0282202079359974
50,"3x12",-0.748134543013971,0,0,0,0,448,6.10479323241498,0.024409076997212,0.018845232842224,0.0306390792131424
50,"4x6",-0.748134543013971,0,0,1,0,448,6.10479323241498,0.0263649789350373,0.01910644551473,0.0328124897820609
50,"other_or_mixed",-0.748134543013971,0,0,0,1,448,6.10479323241498,0.024448393711022,0.018845232842224,0.0306057648467166
52,"3x12",-0.684291492101164,0,0,0,0,448,6.10479323241498,0.024409076997212,0.018845232842224,0.0306390792131424
52,"4x6",-0.684291492101164,0,0,1,0,448,6.10479323241498,0.026516318321228,0.01910644551473,0.0329811603895255
52,"other_or_mixed",-0.684291492101164,0,0,0,1,448,6.10479323241498,0.024448393711022,0.018845232842224,0.0306057648467166
54,"3x12",-0.620448441188357,0,0,0,0,448,6.10479323241498,0.024409076997212,0.018845232842224,0.0306390792131424
54,"4x6",-0.620448441188357,0,0,1,0,448,6.10479323241498,0.026516318321228,0.01910644551473,0.0329811603895255
54,"other_or_mixed",-0.620448441188357,0,0,0,1,448,6.10479323241498,0.024448393711022,0.018845232842224,0.0306057648467166
56,"3x12",-0.556605390275551,0,0,0,0,448,6.10479323241498,0.0269894376397133,0.0200203721544572,0.0312151228210756
56,"4x6",-0.556605390275551,0,0,1,0,448,6.10479323241498,0.0279678851366043,0.0211349616625479,0.0364478766918182
56,"other_or_mixed",-0.556605390275551,0,0,0,1,448,6.10479323241498,0.026893824338913,0.0198134625064475,0.0311370068362781
58,"3x12",-0.492762339362744,0,0,0,0,448,6.10479323241498,0.0271603667310306,0.0200203721544572,0.0312151228210756
58,"4x6",-0.492762339362744,0,0,1,0,448,6.10479323241498,0.0279678851366043,0.0211349616625479,0.0364478766918182
58,"other_or_mixed",-0.492762339362744,0,0,0,1,448,6.10479323241498,0.0269894376397133,0.0198134625064475,0.0311370068362781
60,"3x12",-0.428919288449938,0,0,0,0,448,6.10479323241498,0.0272960354174886,0.0207174417163645,0.0312302000820637
60,"4x6",-0.428919288449938,0,0,1,0,448,6.10479323241498,0.0281572863459587,0.0211349616625479,0.0364478766918182
60,"other_or_mixed",-0.428919288449938,0,0,0,1,448,6.10479323241498,0.0271286453519549,0.0205072154956205,0.0311520840972662
62,"3x12",-0.365076237537131,0,0,0,0,448,6.10479323241498,0.0273877829313278,0.0207174417163645,0.0312302000820637
62,"4x6",-0.365076237537131,0,0,1,0,448,6.10479323241498,0.028438361627715,0.0211349616625479,0.0364478766918182
62,"other_or_mixed",-0.365076237537131,0,0,0,1,448,6.10479323241498,0.0273478872009686,0.0205072154956205,0.0311520840972662
64,"3x12",-0.301233186624325,0,0,0,0,448,6.10479323241498,0.0273899425353323,0.0207553072699479,0.0314895689487457
64,"4x6",-0.301233186624325,0,0,1,0,448,6.10479323241498,0.0284749791026115,0.0214978513440916,0.0374465218612126
64,"other_or_mixed",-0.301233186624325,0,0,0,1,448,6.10479323241498,0.0273478872009686,0.0205072154956205,0.031418892581548
66,"3x12",-0.237390135711518,0,0,0,0,448,6.10479323241498,0.0273899425353323,0.0207553072699479,0.0314895689487457
66,"4x6",-0.237390135711518,0,0,1,0,448,6.10479323241498,0.0284749791026115,0.0214978513440916,0.0374465218612126
66,"other_or_mixed",-0.237390135711518,0,0,0,1,448,6.10479323241498,0.0273478872009686,0.0205072154956205,0.031418892581548
68,"3x12",-0.173547084798711,0,0,0,0,448,6.10479323241498,0.0273899425353323,0.0207553072699479,0.0314895689487457
68,"4x6",-0.173547084798711,0,0,1,0,448,6.10479323241498,0.0284749791026115,0.0214978513440916,0.0374465218612126
68,"other_or_mixed",-0.173547084798711,0,0,0,1,448,6.10479323241498,0.0273478872009686,0.0205072154956205,0.031418892581548
70,"3x12",-0.109704033885905,0,0,0,0,448,6.10479323241498,0.0273899425353323,0.0207553072699479,0.0314895689487457
70,"4x6",-0.109704033885905,0,0,1,0,448,6.10479323241498,0.0284749791026115,0.0214978513440916,0.0374465218612126
70,"other_or_mixed",-0.109704033885905,0,0,0,1,448,6.10479323241498,0.0273478872009686,0.0205072154956205,0.031418892581548
72,"3x12",-0.0458609829730985,0,0,0,0,448,6.10479323241498,0.0274402296968869,0.0207553072699479,0.0314895689487457
72,"4x6",-0.0458609829730985,0,0,1,0,448,6.10479323241498,0.0284749791026115,0.0214978513440916,0.0374465218612126
72,"other_or_mixed",-0.0458609829730985,0,0,0,1,448,6.10479323241498,0.0273643263748714,0.0205072154956205,0.031418892581548
74,"3x12",0.0179820679397081,0,0,0,0,448,6.10479323241498,0.0274402296968869,0.0207553072699479,0.0314895689487457
74,"4x6",0.0179820679397081,0,0,1,0,448,6.10479323241498,0.0284749791026115,0.0214978513440916,0.0374465218612126
74,"other_or_mixed",0.0179820679397081,0,0,0,1,448,6.10479323241498,0.0273643263748714,0.0205072154956205,0.031418892581548
76,"3x12",0.0818251188525147,0,0,0,0,448,6.10479323241498,0.0279636085033417,0.0207553072699479,0.0346019786915609
76,"4x6",0.0818251188525147,0,0,1,0,448,6.10479323241498,0.0286657150302614,0.0215298330145223,0.0385862940124103
76,"other_or_mixed",0.0818251188525147,0,0,0,1,448,6.10479323241498,0.0278899073600769,0.0205372426126684,0.0350912433117628
78,"3x12",0.145668169765321,0,0,0,0,448,6.10479323241498,0.0280223339796066,0.0207553072699479,0.0346019786915609
78,"4x6",0.145668169765321,0,0,1,0,448,6.10479323241498,0.0287736366902079,0.0215298330145223,0.0387204878032208
78,"other_or_mixed",0.145668169765321,0,0,0,1,448,6.10479323241498,0.0279650241136551,0.0205372426126684,0.0350912433117628
80,"3x12",0.209511220678128,0,0,0,0,448,6.10479323241498,0.0280223339796066,0.0207553072699479,0.0351281877074923
80,"4x6",0.209511220678128,0,0,1,0,448,6.10479323241498,0.0288005056125777,0.0215298330145223,0.0387204878032208
80,"other_or_mixed",0.209511220678128,0,0,0,1,448,6.10479323241498,0.0279650241136551,0.0205372426126684,0.0352509706680264
82,"3x12",0.273354271590934,0,0,0,0,448,6.10479323241498,0.0280223339796066,0.0207553072699479,0.0351281877074923
82,"4x6",0.273354271590934,0,0,1,0,448,6.10479323241498,0.0288513866918428,0.0215298330145223,0.0387204878032208
82,"other_or_mixed",0.273354271590934,0,0,0,1,448,6.10479323241498,0.0279686067785536,0.0205372426126684,0.0352509706680264
84,"3x12",0.337197322503741,0,0,0,0,448,6.10479323241498,0.0280223339796066,0.0207553072699479,0.0351281877074923
84,"4x6",0.337197322503741,0,0,1,0,448,6.10479323241498,0.0288513866918428,0.0215298330145223,0.0387204878032208
84,"other_or_mixed",0.337197322503741,0,0,0,1,448,6.10479323241498,0.0279686067785536,0.0205372426126684,0.0352509706680264
86,"3x12",0.401040373416547,0,0,0,0,448,6.10479323241498,0.0280223339796066,0.0207553072699479,0.0351281877074923
86,"4x6",0.401040373416547,0,0,1,0,448,6.10479323241498,0.0288513866918428,0.0215298330145223,0.0387204878032208
86,"other_or_mixed",0.401040373416547,0,0,0,1,448,6.10479323241498,0.0279686067785536,0.0205372426126684,0.0352509706680264
88,"3x12",0.464883424329354,0,0,0,0,448,6.10479323241498,0.0308122815830367,0.0211670837764229,0.0410407542118004
88,"4x6",0.464883424329354,0,0,1,0,448,6.10479323241498,0.0326239019632339,0.0235647627817733,0.0436608490134988
88,"other_or_mixed",0.464883424329354,0,0,0,1,448,6.10479323241498,0.0308122815830367,0.0211670837764229,0.0410407542118004
90,"3x12",0.528726475242161,0,0,0,0,448,6.10479323241498,0.0309881482805525,0.0211670837764229,0.0410407542118004
90,"4x6",0.528726475242161,0,0,1,0,448,6.10479323241498,0.0326239019632339,0.0235647627817733,0.0436608490134988
90,"other_or_mixed",0.528726475242161,0,0,0,1,448,6.10479323241498,0.0309881482805525,0.0211670837764229,0.0410407542118004
92,"3x12",0.592569526154967,0,0,0,0,448,6.10479323241498,0.0310933174831527,0.0211670837764229,0.0469239679830415
92,"4x6",0.592569526154967,0,0,1,0,448,6.10479323241498,0.0326239019632339,0.0235647627817733,0.0489967759166445
92,"other_or_mixed",0.592569526154967,0,0,0,1,448,6.10479323241498,0.0310933174831527,0.0211670837764229,0.0469239679830415
94,"3x12",0.656412577067774,0,0,0,0,448,6.10479323241498,0.0428959833724158,0.0248768479164158,0.0573215128055641
94,"4x6",0.656412577067774,0,0,1,0,448,6.10479323241498,0.0442982954638345,0.0258931372314692,0.0613135239907673
94,"other_or_mixed",0.656412577067774,0,0,0,1,448,6.10479323241498,0.0428959833724158,0.0248768479164158,0.0573215128055641
96,"3x12",0.72025562798058,0,0,0,0,448,6.10479323241498,0.0465056662048612,0.0278195952198335,0.0581045576504299
96,"4x6",0.72025562798058,0,0,1,0,448,6.10479323241498,0.0470884697777884,0.0291888185909816,0.0671860087130751
96,"other_or_mixed",0.72025562798058,0,0,0,1,448,6.10479323241498,0.0462905956166131,0.0277543588408402,0.0581045576504299
98,"3x12",0.784098678893387,0,0,0,0,448,6.10479323241498,0.0481113834040506,0.0382187692182405,0.0592942971204008
98,"4x6",0.784098678893387,0,0,1,0,448,6.10479323241498,0.0504687960658755,0.0385659557368074,0.069840664097241
98,"other_or_mixed",0.784098678893387,0,0,0,1,448,6.10479323241498,0.0479721256664821,0.0382187692182405,0.0592942971204008
100,"3x12",0.847941729806193,0,0,0,0,448,6.10479323241498,0.0481113834040506,0.0382187692182405,0.0592942971204008
100,"4x6",0.847941729806193,0,0,1,0,448,6.10479323241498,0.0504687960658755,0.0385659557368074,0.069840664097241
100,"other_or_mixed",0.847941729806193,0,0,0,1,448,6.10479323241498,0.0479721256664821,0.0382187692182405,0.0592942971204008
