"Reef","fold"
"Bowden Reef (19-019)",1
"Fitzroy Reef (23-077)",1
"John Brewer Reef (18-075)",1
"Keeper Reef (18-079)",1
"Prawn Reef (19-024)",1
"Thetford Reef (16-068)",1
"U/N Reef (11-049)",1
"U/N Reef (21-250a)",1
"(Big) Broadhurst Reef (No 1) (18-100a)",2
"Bushy-Redbill Reef (20-310)",2
"Davies Reef (18-096)",2
"Lynchs Reef (18-091)",2
"Shrimp Reef (18-118)",2
"U/N Reef (15-043)",2
"U/N Reef (21-067)",2
"Banfield Reef (North) (18-105a)",3
"Darley Reef (19-043)",3
"Lady Musgrave Reef (23-082a)",3
"Lizard Island Reef (North West) (14-116a)",3
"North Direction Reef (14-143)",3
"U/N Reef (20-386)",3
"Vicki Harriott Reef (15-070)",3
"Batt Reef (16-029)",4
"Elford Reef (16-073)",4
"Eyrie Reef (14-118)",4
"Faith Reef (19-044)",4
"Green Island Reef (16-049)",4
"Lizard Island Reef (Lagoon) (14-116d)",4
"Lizard Island Reef (North East) (14-116b)",4
"Judith Wright Reef (18-101)",5
"Moore Reef (16-071)",5
"Tongue Reef (16-026)",5
"U/N Reef (21-057)",5
"U/N Reef (21-069)",5
"U/N Reef (21-460)",5
"U/N Reef (21-466)",5
