"model","prediction_scale","edna_pct","estimate","lower","upper","crossing_002","crossing_004","crossing_008"
"no_concentration","conditional_typical_reef",0,0.00967744690627683,0.00591567584458789,0.0153982802840033,83.2936103616452,NA,NA
"no_concentration","conditional_typical_reef",1,0.00976439944709965,0.00597176633602773,0.0155754981187973,83.2936103616452,NA,NA
"no_concentration","conditional_typical_reef",2,0.00984624863355954,0.00601223701007202,0.0157131515252093,83.2936103616452,NA,NA
"no_concentration","conditional_typical_reef",3,0.00992894520374968,0.00606718002443643,0.0158542915937253,83.2936103616452,NA,NA
"no_concentration","conditional_typical_reef",4,0.0100159606937278,0.00612283837072539,0.0159686296705213,83.2936103616452,NA,NA
"no_concentration","conditional_typical_reef",5,0.0101057293459659,0.00617398757608836,0.0160835789837672,83.2936103616452,NA,NA
"no_concentration","conditional_typical_reef",6,0.0101955600239723,0.00623500278247248,0.016199355760155,83.2936103616452,NA,NA
"no_concentration","conditional_typical_reef",7,0.0102825862800475,0.00629246212889741,0.0163159659562313,83.2936103616452,NA,NA
"no_concentration","conditional_typical_reef",8,0.0103704813068061,0.00634904422815543,0.0164334155714217,83.2936103616452,NA,NA
"no_concentration","conditional_typical_reef",9,0.0104576990550322,0.00640942754811295,0.0165594836136314,83.2936103616452,NA,NA
"no_concentration","conditional_typical_reef",10,0.0105490205133658,0.00647083237909888,0.0166899748620858,83.2936103616452,NA,NA
"no_concentration","conditional_typical_reef",11,0.010635390355032,0.00654158132026478,0.0168088363135976,83.2936103616452,NA,NA
"no_concentration","conditional_typical_reef",12,0.0107295148492675,0.00661310420350553,0.0169745005731013,83.2936103616452,NA,NA
"no_concentration","conditional_typical_reef",13,0.0108215302378914,0.00667774481809176,0.017143754150036,83.2936103616452,NA,NA
"no_concentration","conditional_typical_reef",14,0.0109169679082584,0.00673798401092618,0.0173031048926921,83.2936103616452,NA,NA
"no_concentration","conditional_typical_reef",15,0.0110127315776351,0.00679876663513975,0.0174804144700627,83.2936103616452,NA,NA
"no_concentration","conditional_typical_reef",16,0.0111084107612035,0.00686009759334001,0.0176575699716148,83.2936103616452,NA,NA
"no_concentration","conditional_typical_reef",17,0.0112059075215889,0.00692195637261072,0.0177778255075632,83.2936103616452,NA,NA
"no_concentration","conditional_typical_reef",18,0.0113056740718318,0.00697667239506993,0.0179056437640988,83.2936103616452,NA,NA
"no_concentration","conditional_typical_reef",19,0.0113982907784538,0.00703469953874601,0.01806817995809,83.2936103616452,NA,NA
"no_concentration","conditional_typical_reef",20,0.0115003786740556,0.00709368719548732,0.0181711371720488,83.2936103616452,NA,NA
"no_concentration","conditional_typical_reef",21,0.0116009660772276,0.00715725710384393,0.0183526579312323,83.2936103616452,NA,NA
"no_concentration","conditional_typical_reef",22,0.0116997261852416,0.00722839931870126,0.0185002042554618,83.2936103616452,NA,NA
"no_concentration","conditional_typical_reef",23,0.011804936708569,0.00730024879144398,0.0186750511019838,83.2936103616452,NA,NA
"no_concentration","conditional_typical_reef",24,0.0119122354768272,0.00736985431435571,0.0188517983359156,83.2936103616452,NA,NA
"no_concentration","conditional_typical_reef",25,0.0120148534587848,0.00743694545274703,0.019010131462419,83.2936103616452,NA,NA
"no_concentration","conditional_typical_reef",26,0.0121274842280718,0.00749579885052883,0.0191546250415351,83.2936103616452,NA,NA
"no_concentration","conditional_typical_reef",27,0.0122274738156435,0.00755596277461577,0.0193332773065261,83.2936103616452,NA,NA
"no_concentration","conditional_typical_reef",28,0.0123323200616426,0.00762802590053561,0.0195135958503462,83.2936103616452,NA,NA
"no_concentration","conditional_typical_reef",29,0.0124406520856538,0.00769174163461121,0.0196946774157717,83.2936103616452,NA,NA
"no_concentration","conditional_typical_reef",30,0.012553548416314,0.00775952328515732,0.0198728759904185,83.2936103616452,NA,NA
"no_concentration","conditional_typical_reef",31,0.012663144697742,0.00783057683999461,0.0200066145648492,83.2936103616452,NA,NA
"no_concentration","conditional_typical_reef",32,0.0127783966511363,0.00790504397613187,0.0201651371860533,83.2936103616452,NA,NA
"no_concentration","conditional_typical_reef",33,0.0128865675852159,0.00797459229820209,0.0203128662088312,83.2936103616452,NA,NA
"no_concentration","conditional_typical_reef",34,0.0129889707302897,0.00806160109526311,0.0204614232077462,83.2936103616452,NA,NA
"no_concentration","conditional_typical_reef",35,0.0131042524971305,0.00812785007137306,0.0206438700053288,83.2936103616452,NA,NA
"no_concentration","conditional_typical_reef",36,0.0132267495434406,0.00819518526183304,0.0208384152370348,83.2936103616452,NA,NA
"no_concentration","conditional_typical_reef",37,0.0133440427536293,0.00827009922324128,0.0210089719821298,83.2936103616452,NA,NA
"no_concentration","conditional_typical_reef",38,0.0134541170732499,0.00834599813276618,0.0211648164850091,83.2936103616452,NA,NA
"no_concentration","conditional_typical_reef",39,0.0135719820768521,0.00842259379577296,0.0213375625458477,83.2936103616452,NA,NA
"no_concentration","conditional_typical_reef",40,0.013684823967853,0.00850289478357358,0.0215493397637419,83.2936103616452,NA,NA
"no_concentration","conditional_typical_reef",41,0.0137938246912705,0.00858540218979976,0.0217179750721401,83.2936103616452,NA,NA
"no_concentration","conditional_typical_reef",42,0.0139171129482547,0.00866280472294366,0.0219136075101497,83.2936103616452,NA,NA
"no_concentration","conditional_typical_reef",43,0.0140437424648384,0.00874090509036181,0.0220949610075363,83.2936103616452,NA,NA
"no_concentration","conditional_typical_reef",44,0.0141722527439521,0.00881938676453251,0.0222637485094982,83.2936103616452,NA,NA
"no_concentration","conditional_typical_reef",45,0.0142937136199592,0.00889596639744348,0.0224492251689064,83.2936103616452,NA,NA
"no_concentration","conditional_typical_reef",46,0.0144156290453479,0.00897945639707344,0.0226355926575531,83.2936103616452,NA,NA
"no_concentration","conditional_typical_reef",47,0.0145448295985405,0.00906041158606237,0.0228445466839712,83.2936103616452,NA,NA
"no_concentration","conditional_typical_reef",48,0.0146714313781051,0.00914651405990925,0.0230462834094811,83.2936103616452,NA,NA
"no_concentration","conditional_typical_reef",49,0.0147866842675986,0.00923817999169045,0.0232681219747758,83.2936103616452,NA,NA
"no_concentration","conditional_typical_reef",50,0.0149203869102571,0.0093307798252573,0.0234859536953765,83.2936103616452,NA,NA
"no_concentration","conditional_typical_reef",51,0.0150492361432959,0.0094150073581868,0.023672061402728,83.2936103616452,NA,NA
"no_concentration","conditional_typical_reef",52,0.0151835551769228,0.00950301608959864,0.0239034532094416,83.2936103616452,NA,NA
"no_concentration","conditional_typical_reef",53,0.0153076756692737,0.00958305835834735,0.0241399663527807,83.2936103616452,NA,NA
"no_concentration","conditional_typical_reef",54,0.015440189915393,0.00966423029525297,0.0243507625375097,83.2936103616452,NA,NA
"no_concentration","conditional_typical_reef",55,0.0155713657260977,0.009744515961929,0.0244985297077639,83.2936103616452,NA,NA
"no_concentration","conditional_typical_reef",56,0.0157109779461342,0.00982272704433823,0.0247179966315537,83.2936103616452,NA,NA
"no_concentration","conditional_typical_reef",57,0.0158629012857093,0.00991157131444357,0.0249205452631528,83.2936103616452,NA,NA
"no_concentration","conditional_typical_reef",58,0.0160124318736072,0.0100056910092705,0.0250928004125104,83.2936103616452,NA,NA
"no_concentration","conditional_typical_reef",59,0.016157181993569,0.0100972066159782,0.0253241117896165,83.2936103616452,NA,NA
"no_concentration","conditional_typical_reef",60,0.0162931344643944,0.0101844977118367,0.02556323360567,83.2936103616452,NA,NA
"no_concentration","conditional_typical_reef",61,0.0164501136005059,0.0102742967139822,0.025804083058763,83.2936103616452,NA,NA
"no_concentration","conditional_typical_reef",62,0.0165981413701197,0.0103655473168971,0.0260488866795975,83.2936103616452,NA,NA
"no_concentration","conditional_typical_reef",63,0.0167394515589361,0.0104588269302258,0.0262659463857659,83.2936103616452,NA,NA
"no_concentration","conditional_typical_reef",64,0.0168781818095818,0.0105531968851051,0.0265084867732073,83.2936103616452,NA,NA
"no_concentration","conditional_typical_reef",65,0.0170258958523568,0.0106499715577262,0.0267613835663301,83.2936103616452,NA,NA
"no_concentration","conditional_typical_reef",66,0.0171862201504653,0.0107504903685967,0.0270034066080672,83.2936103616452,NA,NA
"no_concentration","conditional_typical_reef",67,0.0173354824279508,0.010851957966966,0.0272686877740094,83.2936103616452,NA,NA
"no_concentration","conditional_typical_reef",68,0.017472054702625,0.0109527232320324,0.0274902781243142,83.2936103616452,NA,NA
"no_concentration","conditional_typical_reef",69,0.0176256938951451,0.0110484745691845,0.0276953238955771,83.2936103616452,NA,NA
"no_concentration","conditional_typical_reef",70,0.0177926371005754,0.0111366859589685,0.0280089703500902,83.2936103616452,NA,NA
"no_concentration","conditional_typical_reef",71,0.0179463374320189,0.0112368705387354,0.0282250270450955,83.2936103616452,NA,NA
"no_concentration","conditional_typical_reef",72,0.0181061270461266,0.0113330776880085,0.0285126534590097,83.2936103616452,NA,NA
"no_concentration","conditional_typical_reef",73,0.0182616035096385,0.0114395020873841,0.0288031975715631,83.2936103616452,NA,NA
"no_concentration","conditional_typical_reef",74,0.0184194656844343,0.0115377753425587,0.0290540741677441,83.2936103616452,NA,NA
"no_concentration","conditional_typical_reef",75,0.0185826768609412,0.0116216977081545,0.0292749196631731,83.2936103616452,NA,NA
"no_concentration","conditional_typical_reef",76,0.018746104061013,0.0117356644808632,0.0294859694955418,83.2936103616452,NA,NA
"no_concentration","conditional_typical_reef",77,0.0188981945608032,0.0118447357892519,0.029768568340966,83.2936103616452,NA,NA
"no_concentration","conditional_typical_reef",78,0.0190633952443771,0.0119514160832227,0.0300640168714267,83.2936103616452,NA,NA
"no_concentration","conditional_typical_reef",79,0.0192377114037946,0.0120526061914085,0.0303715779145221,83.2936103616452,NA,NA
"no_concentration","conditional_typical_reef",80,0.0194233321245439,0.0121584585991747,0.0305952924913494,83.2936103616452,NA,NA
"no_concentration","conditional_typical_reef",81,0.0195978561771101,0.0122735462783671,0.0308187060165304,83.2936103616452,NA,NA
"no_concentration","conditional_typical_reef",82,0.0197681817745767,0.0123781719090179,0.0311060522661324,83.2936103616452,NA,NA
"no_concentration","conditional_typical_reef",83,0.0199485746536235,0.0124792249788957,0.0313716118075495,83.2936103616452,NA,NA
"no_concentration","conditional_typical_reef",84,0.0201237229218533,0.0125880703150103,0.0316248811739722,83.2936103616452,NA,NA
"no_concentration","conditional_typical_reef",85,0.0203091272718508,0.0126853422367186,0.0318672463542315,83.2936103616452,NA,NA
"no_concentration","conditional_typical_reef",86,0.0204703018479819,0.0127958543914492,0.0320845834850221,83.2936103616452,NA,NA
"no_concentration","conditional_typical_reef",87,0.0206458903407802,0.0128868027819117,0.0323254294704762,83.2936103616452,NA,NA
"no_concentration","conditional_typical_reef",88,0.0208269624684403,0.0129788055631681,0.0326443750253636,83.2936103616452,NA,NA
"no_concentration","conditional_typical_reef",89,0.0210022426526743,0.0130652334043552,0.032970878271704,83.2936103616452,NA,NA
"no_concentration","conditional_typical_reef",90,0.0211802259367243,0.0131641449244791,0.033329631682161,83.2936103616452,NA,NA
"no_concentration","conditional_typical_reef",91,0.0213680862098072,0.0132697803832859,0.0336760454516147,83.2936103616452,NA,NA
"no_concentration","conditional_typical_reef",92,0.0215561568093897,0.0133686495258422,0.0339281270254016,83.2936103616452,NA,NA
"no_concentration","conditional_typical_reef",93,0.021734324397595,0.0134850778653942,0.0341699237648367,83.2936103616452,NA,NA
"no_concentration","conditional_typical_reef",94,0.0219262283516531,0.0135986534291301,0.0344769020401171,83.2936103616452,NA,NA
"no_concentration","conditional_typical_reef",95,0.0221164276419111,0.0137381472265072,0.034760049042887,83.2936103616452,NA,NA
"no_concentration","conditional_typical_reef",96,0.0223077573547325,0.0138538272726437,0.035070661140297,83.2936103616452,NA,NA
"no_concentration","conditional_typical_reef",97,0.0224995723806583,0.0139686489374871,0.0353880371758671,83.2936103616452,NA,NA
"no_concentration","conditional_typical_reef",98,0.022696514882068,0.014096022051086,0.0356710519214766,83.2936103616452,NA,NA
"no_concentration","conditional_typical_reef",99,0.0229004673799191,0.014209962404078,0.0359907974901036,83.2936103616452,NA,NA
"no_concentration","conditional_typical_reef",100,0.0230978887571149,0.0143353899322095,0.036388360208442,83.2936103616452,NA,NA
"no_concentration","marginal_new_reef",0,0.0219655249335811,0.012811713874424,0.0527150375374107,NA,69.0257200209325,NA
"no_concentration","marginal_new_reef",1,0.0221404030405464,0.0129387993061145,0.053145832685051,NA,69.0257200209325,NA
"no_concentration","marginal_new_reef",2,0.0223193946894297,0.0130612245263257,0.0535066464192924,NA,69.0257200209325,NA
"no_concentration","marginal_new_reef",3,0.0225352550969513,0.0131859696811427,0.0538699146364514,NA,69.0257200209325,NA
"no_concentration","marginal_new_reef",4,0.0227364849190045,0.0133113946323923,0.0542356540754665,NA,69.0257200209325,NA
"no_concentration","marginal_new_reef",5,0.0229284276434154,0.0134384310254008,0.0546037754938158,NA,69.0257200209325,NA
"no_concentration","marginal_new_reef",6,0.0231385273732476,0.0135711058568647,0.054973174095791,NA,69.0257200209325,NA
"no_concentration","marginal_new_reef",7,0.0233341460442053,0.0137065707739506,0.055345072969434,NA,69.0257200209325,NA
"no_concentration","marginal_new_reef",8,0.0235254223675757,0.0138356579082562,0.0557795989480595,NA,69.0257200209325,NA
"no_concentration","marginal_new_reef",9,0.0237436009198642,0.0139674567616241,0.0563230547979963,NA,69.0257200209325,NA
"no_concentration","marginal_new_reef",10,0.0239463417175202,0.0140885895427549,0.0568718114560237,NA,69.0257200209325,NA
"no_concentration","marginal_new_reef",11,0.0241515842432435,0.0142073872036457,0.0574259206718749,NA,69.0257200209325,NA
"no_concentration","marginal_new_reef",12,0.0243565838419926,0.0143559877849279,0.0579854347008534,NA,69.0257200209325,NA
"no_concentration","marginal_new_reef",13,0.0245663579899522,0.014494432894773,0.0585253832692849,NA,69.0257200209325,NA
"no_concentration","marginal_new_reef",14,0.0247784909597933,0.0146432591209731,0.0589797172664766,NA,69.0257200209325,NA
"no_concentration","marginal_new_reef",15,0.0249826874066403,0.0147966657850615,0.0594319703266117,NA,69.0257200209325,NA
"no_concentration","marginal_new_reef",16,0.0252135916261932,0.0149144784273727,0.0598051592661428,NA,69.0257200209325,NA
"no_concentration","marginal_new_reef",17,0.0254484605601996,0.0150461487767509,0.0601341414487533,NA,69.0257200209325,NA
"no_concentration","marginal_new_reef",18,0.0256741830356952,0.0151884671949889,0.0604649408296293,NA,69.0257200209325,NA
"no_concentration","marginal_new_reef",19,0.0258867349004223,0.0153290454259148,0.0608666746573275,NA,69.0257200209325,NA
"no_concentration","marginal_new_reef",20,0.0261062369268772,0.01546558969536,0.0613927087211644,NA,69.0257200209325,NA
"no_concentration","marginal_new_reef",21,0.0263549078712405,0.0156029579142278,0.0619978388261411,NA,69.0257200209325,NA
"no_concentration","marginal_new_reef",22,0.0265744934386645,0.015745635329105,0.0626348115585169,NA,69.0257200209325,NA
"no_concentration","marginal_new_reef",23,0.0267938999452334,0.0158902645334117,0.0631994283377643,NA,69.0257200209325,NA
"no_concentration","marginal_new_reef",24,0.0270294353973042,0.0160283642376281,0.0636909113330828,NA,69.0257200209325,NA
"no_concentration","marginal_new_reef",25,0.0272847866826121,0.0161676641578528,0.0641813727362937,NA,69.0257200209325,NA
"no_concentration","marginal_new_reef",26,0.0275130988190509,0.0163186777387701,0.0646751417160694,NA,69.0257200209325,NA
"no_concentration","marginal_new_reef",27,0.0277479237658068,0.0164800529161984,0.0652079716685602,NA,69.0257200209325,NA
"no_concentration","marginal_new_reef",28,0.0279910863902985,0.0166504594964269,0.0657659270093253,NA,69.0257200209325,NA
"no_concentration","marginal_new_reef",29,0.0282557714165208,0.016809288237358,0.0662297578442313,NA,69.0257200209325,NA
"no_concentration","marginal_new_reef",30,0.0285151433316208,0.0169730599251311,0.0666968643549164,NA,69.0257200209325,NA
"no_concentration","marginal_new_reef",31,0.0287576083034997,0.0171402606475965,0.0672099799586788,NA,69.0257200209325,NA
"no_concentration","marginal_new_reef",32,0.0290119416118131,0.0172952767510999,0.067731983635916,NA,69.0257200209325,NA
"no_concentration","marginal_new_reef",33,0.0292713677695882,0.0174234685593992,0.0683382831549077,NA,69.0257200209325,NA
"no_concentration","marginal_new_reef",34,0.029540395294317,0.0175770033452774,0.0689476178447692,NA,69.0257200209325,NA
"no_concentration","marginal_new_reef",35,0.0297976522715395,0.017750632878574,0.0695621709551298,NA,69.0257200209325,NA
"no_concentration","marginal_new_reef",36,0.0300546094219082,0.0179407803224416,0.0701834597142661,NA,69.0257200209325,NA
"no_concentration","marginal_new_reef",37,0.0303055342886105,0.0181335168693811,0.0708141452142625,NA,69.0257200209325,NA
"no_concentration","marginal_new_reef",38,0.0305789333349103,0.0182845391314809,0.0714496749815281,NA,69.0257200209325,NA
"no_concentration","marginal_new_reef",39,0.0308608177085542,0.0184367931268806,0.0720863929442449,NA,69.0257200209325,NA
"no_concentration","marginal_new_reef",40,0.0311088610634112,0.0185903156762525,0.0726227229706461,NA,69.0257200209325,NA
"no_concentration","marginal_new_reef",41,0.0313403410358994,0.0187699182134714,0.0732819292652799,NA,69.0257200209325,NA
"no_concentration","marginal_new_reef",42,0.031611260660679,0.0189637926640565,0.073977251275168,NA,69.0257200209325,NA
"no_concentration","marginal_new_reef",43,0.0318986803250506,0.0191472426192499,0.0747073629055509,NA,69.0257200209325,NA
"no_concentration","marginal_new_reef",44,0.0321640970198355,0.019310145450281,0.0753766936547831,NA,69.0257200209325,NA
"no_concentration","marginal_new_reef",45,0.032439772444801,0.0194891587457619,0.0760514262934959,NA,69.0257200209325,NA
"no_concentration","marginal_new_reef",46,0.0327325875066361,0.0196738091712134,0.0767319508112333,NA,69.0257200209325,NA
"no_concentration","marginal_new_reef",47,0.0330113979819126,0.0198514465189685,0.0773647437799856,NA,69.0257200209325,NA
"no_concentration","marginal_new_reef",48,0.0333160357519069,0.0200246745508537,0.0779791265216325,NA,69.0257200209325,NA
"no_concentration","marginal_new_reef",49,0.0336233709018537,0.0201969832338997,0.0785148138415725,NA,69.0257200209325,NA
"no_concentration","marginal_new_reef",50,0.0339185362826221,0.0203617341129043,0.079054190913857,NA,69.0257200209325,NA
"no_concentration","marginal_new_reef",51,0.0342211146874576,0.0205691217196223,0.079615417857085,NA,69.0257200209325,NA
"no_concentration","marginal_new_reef",52,0.0345137106249121,0.0207523392145388,0.0802968438726527,NA,69.0257200209325,NA
"no_concentration","marginal_new_reef",53,0.0348277429954904,0.0209248713617186,0.0809841047378763,NA,69.0257200209325,NA
"no_concentration","marginal_new_reef",54,0.0351129137657374,0.0211235463192453,0.0816772504338601,NA,69.0257200209325,NA
"no_concentration","marginal_new_reef",55,0.0354028853022777,0.0213382983714412,0.0823763313699859,NA,69.0257200209325,NA
"no_concentration","marginal_new_reef",56,0.0357010003934879,0.0215631366513817,0.0830813983875853,NA,69.0257200209325,NA
"no_concentration","marginal_new_reef",57,0.0359978907061695,0.0217576232759468,0.0837746967694682,NA,69.0257200209325,NA
"no_concentration","marginal_new_reef",58,0.0363325659017487,0.0219327818851965,0.0845137938676822,NA,69.0257200209325,NA
"no_concentration","marginal_new_reef",59,0.0366494670070734,0.0221098668487304,0.0852421052141802,NA,69.0257200209325,NA
"no_concentration","marginal_new_reef",60,0.0369835667054134,0.0222885121511924,0.0859766958610298,NA,69.0257200209325,NA
"no_concentration","marginal_new_reef",61,0.0373209918863969,0.0225091906243588,0.0867153649750374,NA,69.0257200209325,NA
"no_concentration","marginal_new_reef",62,0.0376582355096472,0.0227350864318825,0.0874582309875424,NA,69.0257200209325,NA
"no_concentration","marginal_new_reef",63,0.0380057585479557,0.0229754479429882,0.0882123553898453,NA,69.0257200209325,NA
"no_concentration","marginal_new_reef",64,0.0383370354314616,0.0231664003244473,0.0890173059688006,NA,69.0257200209325,NA
"no_concentration","marginal_new_reef",65,0.0386717191695833,0.0233764748051879,0.0897669243265749,NA,69.0257200209325,NA
"no_concentration","marginal_new_reef",66,0.0390185789953538,0.0235804867654463,0.0905486619289319,NA,69.0257200209325,NA
"no_concentration","marginal_new_reef",67,0.039347671569586,0.023832959599402,0.0913370526338003,NA,69.0257200209325,NA
"no_concentration","marginal_new_reef",68,0.0396736704869048,0.0240721826520185,0.0920591697428015,NA,69.0257200209325,NA
"no_concentration","marginal_new_reef",69,0.0399915705233,0.024284026249846,0.0928501109686533,NA,69.0257200209325,NA
"no_concentration","marginal_new_reef",70,0.0403193104081978,0.0244566360992275,0.0936478477503446,NA,69.0257200209325,NA
"no_concentration","marginal_new_reef",71,0.0406558371056038,0.0246370441709229,0.0944494003539063,NA,69.0257200209325,NA
"no_concentration","marginal_new_reef",72,0.0409964722482217,0.024866347332016,0.0951284575275225,NA,69.0257200209325,NA
"no_concentration","marginal_new_reef",73,0.0413598866302114,0.0250572094478795,0.0958732963597391,NA,69.0257200209325,NA
"no_concentration","marginal_new_reef",74,0.0416975849587725,0.0252963697620919,0.0968222310382358,NA,69.0257200209325,NA
"no_concentration","marginal_new_reef",75,0.0420301909705947,0.0255430953813787,0.0977392340200654,NA,69.0257200209325,NA
"no_concentration","marginal_new_reef",76,0.0424081574531822,0.0257669600101042,0.0986124210350169,NA,69.0257200209325,NA
"no_concentration","marginal_new_reef",77,0.0427878005519033,0.0260020921881732,0.0995413901591847,NA,69.0257200209325,NA
"no_concentration","marginal_new_reef",78,0.043152325581319,0.0262467082460027,0.100479111701223,NA,69.0257200209325,NA
"no_concentration","marginal_new_reef",79,0.0435254225559615,0.0264825485869749,0.101397953505393,NA,69.0257200209325,NA
"no_concentration","marginal_new_reef",80,0.043893552086913,0.0266941268228917,0.102286570915986,NA,69.0257200209325,NA
"no_concentration","marginal_new_reef",81,0.0442564750450656,0.0269179695423746,0.103182977051014,NA,69.0257200209325,NA
"no_concentration","marginal_new_reef",82,0.0446429759935345,0.0271323253140127,0.104087240189712,NA,69.0257200209325,NA
"no_concentration","marginal_new_reef",83,0.0450503524876929,0.027386714719048,0.104999429209986,NA,69.0257200209325,NA
"no_concentration","marginal_new_reef",84,0.0454349003471547,0.0276207662061799,0.106020214082183,NA,69.0257200209325,NA
"no_concentration","marginal_new_reef",85,0.0458470170531475,0.0278289771791343,0.107192061777947,NA,69.0257200209325,NA
"no_concentration","marginal_new_reef",86,0.0462369506235826,0.0280777958696447,0.108202100302696,NA,69.0257200209325,NA
"no_concentration","marginal_new_reef",87,0.0466175185717974,0.028306925229071,0.109201280762554,NA,69.0257200209325,NA
"no_concentration","marginal_new_reef",88,0.0470028384067922,0.0285380921459654,0.110092905515958,NA,69.0257200209325,NA
"no_concentration","marginal_new_reef",89,0.0474115559478771,0.0287677856543875,0.11091798342509,NA,69.0257200209325,NA
"no_concentration","marginal_new_reef",90,0.0478223712896797,0.0289529738518726,0.111780786699679,NA,69.0257200209325,NA
"no_concentration","marginal_new_reef",91,0.048231865080067,0.0291835202947679,0.112738056150847,NA,69.0257200209325,NA
"no_concentration","marginal_new_reef",92,0.0486415392830134,0.0294484224341255,0.113637741657912,NA,69.0257200209325,NA
"no_concentration","marginal_new_reef",93,0.0490015488387808,0.0296793549601987,0.114545934367048,NA,69.0257200209325,NA
"no_concentration","marginal_new_reef",94,0.0493857088213654,0.0299203628548882,0.115546378207794,NA,69.0257200209325,NA
"no_concentration","marginal_new_reef",95,0.0498133364001222,0.0301527407254447,0.116506074363603,NA,69.0257200209325,NA
"no_concentration","marginal_new_reef",96,0.0502931923869643,0.0304008328050436,0.117468873358945,NA,69.0257200209325,NA
"no_concentration","marginal_new_reef",97,0.0507319477777605,0.0306670284612132,0.118439629561252,NA,69.0257200209325,NA
"no_concentration","marginal_new_reef",98,0.0511798498317695,0.0309596984878995,0.119418408740216,NA,69.0257200209325,NA
"no_concentration","marginal_new_reef",99,0.0516363094978061,0.0312131408826837,0.120405277209194,NA,69.0257200209325,NA
"no_concentration","marginal_new_reef",100,0.0520883543724014,0.0314776012581376,0.121400301829704,NA,69.0257200209325,NA
"concentration_additive","conditional_typical_reef",0,0.0111601545345206,0.00676591907835414,0.0189361886829906,81.790298298009,NA,NA
"concentration_additive","conditional_typical_reef",1,0.0112411548947514,0.00683193676686684,0.0190236919174737,81.790298298009,NA,NA
"concentration_additive","conditional_typical_reef",2,0.0113203277075943,0.00687727559222173,0.0191105625371303,81.790298298009,NA,NA
"concentration_additive","conditional_typical_reef",3,0.0114004525615102,0.00694240114859628,0.0191731680451708,81.790298298009,NA,NA
"concentration_additive","conditional_typical_reef",4,0.0114783343232419,0.0070025313376838,0.0192416912727263,81.790298298009,NA,NA
"concentration_additive","conditional_typical_reef",5,0.0115557924995735,0.00705613277154279,0.0193671321651442,81.790298298009,NA,NA
"concentration_additive","conditional_typical_reef",6,0.0116294259072265,0.00711652436237547,0.0194649181749917,81.790298298009,NA,NA
"concentration_additive","conditional_typical_reef",7,0.0117094155299949,0.00718307754695378,0.0195643755074352,81.790298298009,NA,NA
"concentration_additive","conditional_typical_reef",8,0.0118025448019791,0.00724294031154502,0.0196696607866317,81.790298298009,NA,NA
"concentration_additive","conditional_typical_reef",9,0.0118934112043975,0.00731041871165498,0.0197540754817607,81.790298298009,NA,NA
"concentration_additive","conditional_typical_reef",10,0.0119901861670025,0.00737294117489705,0.0198773852058138,81.790298298009,NA,NA
"concentration_additive","conditional_typical_reef",11,0.0120719227536818,0.00743251666432665,0.0200132734332942,81.790298298009,NA,NA
"concentration_additive","conditional_typical_reef",12,0.0121586095742587,0.00749382026912527,0.0201508525121348,81.790298298009,NA,NA
"concentration_additive","conditional_typical_reef",13,0.0122402287229871,0.00754587689873063,0.0202399105166582,81.790298298009,NA,NA
"concentration_additive","conditional_typical_reef",14,0.0123164370996598,0.00760170264356733,0.0203737335639173,81.790298298009,NA,NA
"concentration_additive","conditional_typical_reef",15,0.0124078534326554,0.00767835003693982,0.0205084414673736,81.790298298009,NA,NA
"concentration_additive","conditional_typical_reef",16,0.0124942526759517,0.00773472410754707,0.0206710561719537,81.790298298009,NA,NA
"concentration_additive","conditional_typical_reef",17,0.0125783805882628,0.0077814976410344,0.0208343794750028,81.790298298009,NA,NA
"concentration_additive","conditional_typical_reef",18,0.0126755186209542,0.00783630430009819,0.0209981591460181,81.790298298009,NA,NA
"concentration_additive","conditional_typical_reef",19,0.0127581454006091,0.00789923410167955,0.0211370982071206,81.790298298009,NA,NA
"concentration_additive","conditional_typical_reef",20,0.012845971387875,0.00796761185279169,0.0212562691777083,81.790298298009,NA,NA
"concentration_additive","conditional_typical_reef",21,0.0129439430452245,0.00802222822545559,0.0213881828039098,81.790298298009,NA,NA
"concentration_additive","conditional_typical_reef",22,0.0130391197573031,0.0080874449419577,0.0215515967713472,81.790298298009,NA,NA
"concentration_additive","conditional_typical_reef",23,0.0131365637993955,0.00815203908871999,0.021699624522207,81.790298298009,NA,NA
"concentration_additive","conditional_typical_reef",24,0.0132400247536224,0.00820643890886759,0.0217961664769582,81.790298298009,NA,NA
"concentration_additive","conditional_typical_reef",25,0.0133317937667715,0.00827648931776868,0.0219031374404798,81.790298298009,NA,NA
"concentration_additive","conditional_typical_reef",26,0.0134310505815347,0.00834128137111791,0.0220437664160341,81.790298298009,NA,NA
"concentration_additive","conditional_typical_reef",27,0.0135283608842068,0.00840964777384499,0.0221577939266071,81.790298298009,NA,NA
"concentration_additive","conditional_typical_reef",28,0.0136181157876925,0.00846858124520243,0.0223023698640621,81.790298298009,NA,NA
"concentration_additive","conditional_typical_reef",29,0.0137122166008456,0.00852775617231794,0.0224417824111977,81.790298298009,NA,NA
"concentration_additive","conditional_typical_reef",30,0.0138150224405717,0.00858756195112756,0.0225467675935187,81.790298298009,NA,NA
"concentration_additive","conditional_typical_reef",31,0.0139194679839559,0.00866143455111527,0.0227228649722154,81.790298298009,NA,NA
"concentration_additive","conditional_typical_reef",32,0.0140150821198474,0.00874700616941769,0.0227942100915037,81.790298298009,NA,NA
"concentration_additive","conditional_typical_reef",33,0.0141234140662502,0.00882740030317441,0.0228632543816251,81.790298298009,NA,NA
"concentration_additive","conditional_typical_reef",34,0.0142181186329661,0.00888870200520936,0.0229891120725617,81.790298298009,NA,NA
"concentration_additive","conditional_typical_reef",35,0.0143147235097931,0.00898120065485157,0.0231870899849102,81.790298298009,NA,NA
"concentration_additive","conditional_typical_reef",36,0.0144152505648185,0.00905569544682266,0.0232711176749462,81.790298298009,NA,NA
"concentration_additive","conditional_typical_reef",37,0.0145167173739588,0.00911083392579344,0.0233899182905273,81.790298298009,NA,NA
"concentration_additive","conditional_typical_reef",38,0.014617614573939,0.00916838408173959,0.0235568981744347,81.790298298009,NA,NA
"concentration_additive","conditional_typical_reef",39,0.0147172015828042,0.009246563106166,0.0237248938505688,81.790298298009,NA,NA
"concentration_additive","conditional_typical_reef",40,0.0148281118358556,0.00931309366029465,0.023892670560189,81.790298298009,NA,NA
"concentration_additive","conditional_typical_reef",41,0.0149416605392321,0.00937837918101429,0.0240346495930967,81.790298298009,NA,NA
"concentration_additive","conditional_typical_reef",42,0.0150440211191912,0.00945196406535509,0.0241629939221135,81.790298298009,NA,NA
"concentration_additive","conditional_typical_reef",43,0.0151562443076134,0.00950761635051047,0.0243338363527176,81.790298298009,NA,NA
"concentration_additive","conditional_typical_reef",44,0.015254413350395,0.0095658867323891,0.0244918279893361,81.790298298009,NA,NA
"concentration_additive","conditional_typical_reef",45,0.0153604195876863,0.00963801254284725,0.0246630544483129,81.790298298009,NA,NA
"concentration_additive","conditional_typical_reef",46,0.0154575743319946,0.00970120424416803,0.024844171530052,81.790298298009,NA,NA
"concentration_additive","conditional_typical_reef",47,0.0155680108926023,0.00977706110871178,0.0250599271389098,81.790298298009,NA,NA
"concentration_additive","conditional_typical_reef",48,0.0156703847452104,0.00985797450291449,0.0252054661238249,81.790298298009,NA,NA
"concentration_additive","conditional_typical_reef",49,0.0157889573661206,0.009932808026996,0.0253586681643882,81.790298298009,NA,NA
"concentration_additive","conditional_typical_reef",50,0.0159046056448368,0.010002397514653,0.0255086304366235,81.790298298009,NA,NA
"concentration_additive","conditional_typical_reef",51,0.0160148843219488,0.0100583008715521,0.0256463854224279,81.790298298009,NA,NA
"concentration_additive","conditional_typical_reef",52,0.0161377934066474,0.010115134955941,0.0257977173087663,81.790298298009,NA,NA
"concentration_additive","conditional_typical_reef",53,0.0162543898306309,0.0101981916105682,0.0260569600231609,81.790298298009,NA,NA
"concentration_additive","conditional_typical_reef",54,0.0163769345075695,0.0102722734920023,0.0262155315554162,81.790298298009,NA,NA
"concentration_additive","conditional_typical_reef",55,0.0164849401018576,0.0103569567158949,0.0263717297702026,81.790298298009,NA,NA
"concentration_additive","conditional_typical_reef",56,0.0166109341437437,0.0104229904015415,0.0265187240813124,81.790298298009,NA,NA
"concentration_additive","conditional_typical_reef",57,0.0167385228874225,0.0105019185091641,0.0266864771161365,81.790298298009,NA,NA
"concentration_additive","conditional_typical_reef",58,0.0168486162275562,0.0105764919683882,0.0268630012422942,81.790298298009,NA,NA
"concentration_additive","conditional_typical_reef",59,0.0169721432401699,0.0106596186013972,0.0270814923927713,81.790298298009,NA,NA
"concentration_additive","conditional_typical_reef",60,0.0170922114728941,0.01074443931933,0.02723661675096,81.790298298009,NA,NA
"concentration_additive","conditional_typical_reef",61,0.0172156224723165,0.0108448704286315,0.0273988506364191,81.790298298009,NA,NA
"concentration_additive","conditional_typical_reef",62,0.0173389694389312,0.0109315631302236,0.0276047076578768,81.790298298009,NA,NA
"concentration_additive","conditional_typical_reef",63,0.0174564291252539,0.0110007608535995,0.0277918272432132,81.790298298009,NA,NA
"concentration_additive","conditional_typical_reef",64,0.0175781496142323,0.0110870127216659,0.0279889600485562,81.790298298009,NA,NA
"concentration_additive","conditional_typical_reef",65,0.0177134147417601,0.0111744630997503,0.0281791725490593,81.790298298009,NA,NA
"concentration_additive","conditional_typical_reef",66,0.0178434503422989,0.0112664167767811,0.0283899533071273,81.790298298009,NA,NA
"concentration_additive","conditional_typical_reef",67,0.0179735276953246,0.0113415277321254,0.0285928425605762,81.790298298009,NA,NA
"concentration_additive","conditional_typical_reef",68,0.0181011539110372,0.0114201760195261,0.0287582491633362,81.790298298009,NA,NA
"concentration_additive","conditional_typical_reef",69,0.0182311333874568,0.0114862838531467,0.0289879449035242,81.790298298009,NA,NA
"concentration_additive","conditional_typical_reef",70,0.0183712691695512,0.011568333335597,0.029183028917556,81.790298298009,NA,NA
"concentration_additive","conditional_typical_reef",71,0.0185011792826318,0.0116358680978989,0.0293828819845363,81.790298298009,NA,NA
"concentration_additive","conditional_typical_reef",72,0.0186337784604529,0.0117006232016093,0.0296282298321021,81.790298298009,NA,NA
"concentration_additive","conditional_typical_reef",73,0.0187911474331674,0.0117902849767403,0.0298013262475534,81.790298298009,NA,NA
"concentration_additive","conditional_typical_reef",74,0.0189418796231611,0.0118960307539028,0.0299345084398866,81.790298298009,NA,NA
"concentration_additive","conditional_typical_reef",75,0.01908068821768,0.0119706562335877,0.0301530930169743,81.790298298009,NA,NA
"concentration_additive","conditional_typical_reef",76,0.0192113673291746,0.0120414360805862,0.0303691625714731,81.790298298009,NA,NA
"concentration_additive","conditional_typical_reef",77,0.0193404315498803,0.0121145437341391,0.0306142592166793,81.790298298009,NA,NA
"concentration_additive","conditional_typical_reef",78,0.019474648513633,0.0121678957344955,0.0308205702975473,81.790298298009,NA,NA
"concentration_additive","conditional_typical_reef",79,0.0196251364172869,0.0122631650461436,0.0311038857138304,81.790298298009,NA,NA
"concentration_additive","conditional_typical_reef",80,0.0197503970985072,0.0123252099524269,0.0312936658310247,81.790298298009,NA,NA
"concentration_additive","conditional_typical_reef",81,0.0198847588078046,0.0124455519593796,0.031487064398067,81.790298298009,NA,NA
"concentration_additive","conditional_typical_reef",82,0.0200305786741585,0.0125390030089695,0.0317400880524807,81.790298298009,NA,NA
"concentration_additive","conditional_typical_reef",83,0.0201554693811293,0.0126195997096993,0.0320210197398572,81.790298298009,NA,NA
"concentration_additive","conditional_typical_reef",84,0.0202856709981941,0.0126910596684328,0.0322699444095531,81.790298298009,NA,NA
"concentration_additive","conditional_typical_reef",85,0.0204213295926185,0.012780966596643,0.0324999539928734,81.790298298009,NA,NA
"concentration_additive","conditional_typical_reef",86,0.0205502672728168,0.0128680243856522,0.0327255271095577,81.790298298009,NA,NA
"concentration_additive","conditional_typical_reef",87,0.0207081954339495,0.0129876040019938,0.0329249387074771,81.790298298009,NA,NA
"concentration_additive","conditional_typical_reef",88,0.0208449767591774,0.0130680899951244,0.0331066463010618,81.790298298009,NA,NA
"concentration_additive","conditional_typical_reef",89,0.0210062714269016,0.0131687751900585,0.0332888482127254,81.790298298009,NA,NA
"concentration_additive","conditional_typical_reef",90,0.0211602971520676,0.0132827929977154,0.0334725870715756,81.790298298009,NA,NA
"concentration_additive","conditional_typical_reef",91,0.0213211863105788,0.0133922004334467,0.0337020036265918,81.790298298009,NA,NA
"concentration_additive","conditional_typical_reef",92,0.0214683889392523,0.0134672662224157,0.0339347820154697,81.790298298009,NA,NA
"concentration_additive","conditional_typical_reef",93,0.0216248054828075,0.0135532783280648,0.0342156443500712,81.790298298009,NA,NA
"concentration_additive","conditional_typical_reef",94,0.0217762851519495,0.0136394067438202,0.0344838437538804,81.790298298009,NA,NA
"concentration_additive","conditional_typical_reef",95,0.021953204264335,0.0137239157658451,0.0347237652299585,81.790298298009,NA,NA
"concentration_additive","conditional_typical_reef",96,0.0221184042245082,0.0138322023362203,0.0349530927712812,81.790298298009,NA,NA
"concentration_additive","conditional_typical_reef",97,0.0222665347935265,0.0139460499324942,0.035184149530658,81.790298298009,NA,NA
"concentration_additive","conditional_typical_reef",98,0.0224466454717183,0.0140212484136782,0.0354163334683632,81.790298298009,NA,NA
"concentration_additive","conditional_typical_reef",99,0.0226086361243919,0.0141338362871518,0.0356529494350637,81.790298298009,NA,NA
"concentration_additive","conditional_typical_reef",100,0.022775625287549,0.0142489947996764,0.0358981490770821,81.790298298009,NA,NA
"concentration_additive","marginal_new_reef",0,0.0246997759616167,0.0140938243574496,0.056631965558259,NA,69.4902536591936,NA
"concentration_additive","marginal_new_reef",1,0.0248561320338984,0.0142192319829212,0.0569205294115146,NA,69.4902536591936,NA
"concentration_additive","marginal_new_reef",2,0.0250263426572952,0.0143430598904853,0.0572206997842044,NA,69.4902536591936,NA
"concentration_additive","marginal_new_reef",3,0.0251956211229755,0.0144772603661165,0.0576108250767702,NA,69.4902536591936,NA
"concentration_additive","marginal_new_reef",4,0.0253606995067849,0.0146071671796307,0.0579996388706768,NA,69.4902536591936,NA
"concentration_additive","marginal_new_reef",5,0.0255326184477019,0.014747699567427,0.0583953541090568,NA,69.4902536591936,NA
"concentration_additive","marginal_new_reef",6,0.0257108779190335,0.0148760893083404,0.0586997182984062,NA,69.4902536591936,NA
"concentration_additive","marginal_new_reef",7,0.0258770662788727,0.0149953806434317,0.059000818966577,NA,69.4902536591936,NA
"concentration_additive","marginal_new_reef",8,0.0260568441252658,0.0151455392979136,0.059325860355795,NA,69.4902536591936,NA
"concentration_additive","marginal_new_reef",9,0.0262270606964984,0.0152708001538361,0.0596664716555994,NA,69.4902536591936,NA
"concentration_additive","marginal_new_reef",10,0.0264040827060612,0.0153967422484654,0.0599955643608748,NA,69.4902536591936,NA
"concentration_additive","marginal_new_reef",11,0.0265717138874418,0.0155240039759266,0.0602864938610288,NA,69.4902536591936,NA
"concentration_additive","marginal_new_reef",12,0.0267704043616455,0.0156560650270488,0.0606537850689841,NA,69.4902536591936,NA
"concentration_additive","marginal_new_reef",13,0.0269452096903222,0.0157926444818181,0.0610233139727238,NA,69.4902536591936,NA
"concentration_additive","marginal_new_reef",14,0.0271065272437466,0.0159358999988743,0.061395094205252,NA,69.4902536591936,NA
"concentration_additive","marginal_new_reef",15,0.0272884120916286,0.0160657423486593,0.0617691394826309,NA,69.4902536591936,NA
"concentration_additive","marginal_new_reef",16,0.0275054188697152,0.0161961400510036,0.0621530151823999,NA,69.4902536591936,NA
"concentration_additive","marginal_new_reef",17,0.0277053658900778,0.0163156757674828,0.0625474345977478,NA,69.4902536591936,NA
"concentration_additive","marginal_new_reef",18,0.0278752652457577,0.0164377635850899,0.0629827193997005,NA,69.4902536591936,NA
"concentration_additive","marginal_new_reef",19,0.028059236514636,0.0165775805897701,0.0633951604219734,NA,69.4902536591936,NA
"concentration_additive","marginal_new_reef",20,0.0282422973411483,0.0167153735409098,0.0638494384914315,NA,69.4902536591936,NA
"concentration_additive","marginal_new_reef",21,0.0284275901179436,0.0168582119329385,0.0642815484485906,NA,69.4902536591936,NA
"concentration_additive","marginal_new_reef",22,0.0286118633560837,0.0169980128278447,0.0647164921640804,NA,69.4902536591936,NA
"concentration_additive","marginal_new_reef",23,0.0288102686128939,0.0171260439212409,0.0651576245423906,NA,69.4902536591936,NA
"concentration_additive","marginal_new_reef",24,0.0290097217358568,0.0172423162642736,0.0656754936311916,NA,69.4902536591936,NA
"concentration_additive","marginal_new_reef",25,0.0292062138365007,0.0173836426591412,0.0661350588144794,NA,69.4902536591936,NA
"concentration_additive","marginal_new_reef",26,0.0294126047468411,0.0175322095073272,0.0665694159215354,NA,69.4902536591936,NA
"concentration_additive","marginal_new_reef",27,0.0296347067746847,0.0176698472168119,0.0669786207815663,NA,69.4902536591936,NA
"concentration_additive","marginal_new_reef",28,0.0298667324989918,0.0177885493749857,0.0674582194792082,NA,69.4902536591936,NA
"concentration_additive","marginal_new_reef",29,0.030042742338006,0.0179322467807615,0.06784462721104,NA,69.4902536591936,NA
"concentration_additive","marginal_new_reef",30,0.0302770572572786,0.0180975115083421,0.0683036802378832,NA,69.4902536591936,NA
"concentration_additive","marginal_new_reef",31,0.0304898679161385,0.018227671758586,0.0687658394161332,NA,69.4902536591936,NA
"concentration_additive","marginal_new_reef",32,0.0306808370161168,0.0183663739438448,0.0692311257639726,NA,69.4902536591936,NA
"concentration_additive","marginal_new_reef",33,0.0308648681539289,0.0185088048697848,0.0697048912708368,NA,69.4902536591936,NA
"concentration_additive","marginal_new_reef",34,0.0310780514796959,0.0186506625055683,0.0702038840648736,NA,69.4902536591936,NA
"concentration_additive","marginal_new_reef",35,0.0313045921738142,0.0188022609245479,0.0705566346799198,NA,69.4902536591936,NA
"concentration_additive","marginal_new_reef",36,0.0315233444545185,0.0189669676275869,0.0710129785373986,NA,69.4902536591936,NA
"concentration_additive","marginal_new_reef",37,0.0317575709022643,0.0191135898630641,0.0715045000600522,NA,69.4902536591936,NA
"concentration_additive","marginal_new_reef",38,0.0319759286120788,0.0192646274475157,0.0718803894408057,NA,69.4902536591936,NA
"concentration_additive","marginal_new_reef",39,0.032213627314096,0.019409836087096,0.0723777668774227,NA,69.4902536591936,NA
"concentration_additive","marginal_new_reef",40,0.0324492722488817,0.019565772882487,0.0726714136482798,NA,69.4902536591936,NA
"concentration_additive","marginal_new_reef",41,0.0326942130597555,0.0197378168055911,0.0730009390164075,NA,69.4902536591936,NA
"concentration_additive","marginal_new_reef",42,0.0329171171033439,0.0198998794963233,0.0733788253560166,NA,69.4902536591936,NA
"concentration_additive","marginal_new_reef",43,0.033140662805625,0.0200600838912917,0.0737586680435367,NA,69.4902536591936,NA
"concentration_additive","marginal_new_reef",44,0.0333936375150657,0.0202056414103319,0.0741790701541502,NA,69.4902536591936,NA
"concentration_additive","marginal_new_reef",45,0.0336360688543185,0.02035687334738,0.0746849787104823,NA,69.4902536591936,NA
"concentration_additive","marginal_new_reef",46,0.03388198253051,0.0205397990325558,0.0753728107335392,NA,69.4902536591936,NA
"concentration_additive","marginal_new_reef",47,0.0341227725726707,0.0207205663158051,0.0757844887112254,NA,69.4902536591936,NA
"concentration_additive","marginal_new_reef",48,0.0343499449157639,0.020902695054119,0.0763656858632071,NA,69.4902536591936,NA
"concentration_additive","marginal_new_reef",49,0.034615116595457,0.0210631294087875,0.0768510940774773,NA,69.4902536591936,NA
"concentration_additive","marginal_new_reef",50,0.0348630835590754,0.0212298947473578,0.0774328328444962,NA,69.4902536591936,NA
"concentration_additive","marginal_new_reef",51,0.0351071017327532,0.0214020732719307,0.0778966544781236,NA,69.4902536591936,NA
"concentration_additive","marginal_new_reef",52,0.0353378408013982,0.021575648457327,0.0784189245866218,NA,69.4902536591936,NA
"concentration_additive","marginal_new_reef",53,0.035608489991949,0.0217511543285675,0.0787892743584951,NA,69.4902536591936,NA
"concentration_additive","marginal_new_reef",54,0.0358550354074346,0.0219277743871619,0.0792464247263777,NA,69.4902536591936,NA
"concentration_additive","marginal_new_reef",55,0.0360981089686962,0.0220651293293611,0.079729460222618,NA,69.4902536591936,NA
"concentration_additive","marginal_new_reef",56,0.0363726322146154,0.0222414319501684,0.0804331560773752,NA,69.4902536591936,NA
"concentration_additive","marginal_new_reef",57,0.0366238561522337,0.0223928872696231,0.0809924544022577,NA,69.4902536591936,NA
"concentration_additive","marginal_new_reef",58,0.0368636362594137,0.0225868367745486,0.0816004348814864,NA,69.4902536591936,NA
"concentration_additive","marginal_new_reef",59,0.0371077113594738,0.0227922513705922,0.0823072187731216,NA,69.4902536591936,NA
"concentration_additive","marginal_new_reef",60,0.0373991304783809,0.0229393850575707,0.0830201253459101,NA,69.4902536591936,NA
"concentration_additive","marginal_new_reef",61,0.0376474541103197,0.0230587766625274,0.083598457067631,NA,69.4902536591936,NA
"concentration_additive","marginal_new_reef",62,0.037907496853681,0.0232584686213369,0.0841255062088409,NA,69.4902536591936,NA
"concentration_additive","marginal_new_reef",63,0.0381807599601381,0.0234698150291728,0.0847791407575605,NA,69.4902536591936,NA
"concentration_additive","marginal_new_reef",64,0.0384417285275669,0.0236129608447354,0.0853205135712101,NA,69.4902536591936,NA
"concentration_additive","marginal_new_reef",65,0.0387135956740072,0.0237569807710931,0.0858598111931349,NA,69.4902536591936,NA
"concentration_additive","marginal_new_reef",66,0.038970026884364,0.0239258649202701,0.0862759326306154,NA,69.4902536591936,NA
"concentration_additive","marginal_new_reef",67,0.0392203775289,0.0241596887483773,0.0867543046405459,NA,69.4902536591936,NA
"concentration_additive","marginal_new_reef",68,0.0395583981885719,0.0243763556652597,0.0875117126082531,NA,69.4902536591936,NA
"concentration_additive","marginal_new_reef",69,0.0398713675747465,0.0245286841880224,0.0881461540743014,NA,69.4902536591936,NA
"concentration_additive","marginal_new_reef",70,0.0401337469019403,0.0246820951388005,0.0889455322571786,NA,69.4902536591936,NA
"concentration_additive","marginal_new_reef",71,0.040445367666578,0.0248373989813981,0.0897490211508524,NA,69.4902536591936,NA
"concentration_additive","marginal_new_reef",72,0.0407635993434283,0.0251043390228576,0.0905227586699615,NA,69.4902536591936,NA
"concentration_additive","marginal_new_reef",73,0.0410490926613362,0.0252641810742274,0.0911313396722561,NA,69.4902536591936,NA
"concentration_additive","marginal_new_reef",74,0.041291359587297,0.025410735901638,0.0915105672235083,NA,69.4902536591936,NA
"concentration_additive","marginal_new_reef",75,0.0415974587049589,0.0256111387051598,0.0918896501946591,NA,69.4902536591936,NA
"concentration_additive","marginal_new_reef",76,0.0418885625913106,0.025814205738089,0.0922703036674537,NA,69.4902536591936,NA
"concentration_additive","marginal_new_reef",77,0.0421919697084572,0.0259885353430133,0.0926545952845418,NA,69.4902536591936,NA
"concentration_additive","marginal_new_reef",78,0.0424676784716736,0.0261087040798227,0.0932276763077558,NA,69.4902536591936,NA
"concentration_additive","marginal_new_reef",79,0.0427675383570683,0.0263215858867109,0.0938386743722073,NA,69.4902536591936,NA
"concentration_additive","marginal_new_reef",80,0.0430957646356839,0.0264923077108625,0.0942913640922808,NA,69.4902536591936,NA
"concentration_additive","marginal_new_reef",81,0.0434372554101351,0.0266891009761132,0.0945942289232261,NA,69.4902536591936,NA
"concentration_additive","marginal_new_reef",82,0.0437621670458333,0.0268865208048451,0.0955100834226777,NA,69.4902536591936,NA
"concentration_additive","marginal_new_reef",83,0.0441021298474397,0.027085897409114,0.0962854806558607,NA,69.4902536591936,NA
"concentration_additive","marginal_new_reef",84,0.0444022508535729,0.0273021680995648,0.0968674560413303,NA,69.4902536591936,NA
"concentration_additive","marginal_new_reef",85,0.0447414247195366,0.0275288986424959,0.097573449399707,NA,69.4902536591936,NA
"concentration_additive","marginal_new_reef",86,0.0450674737493495,0.0277952551159175,0.0984605460974439,NA,69.4902536591936,NA
"concentration_additive","marginal_new_reef",87,0.0453975213068255,0.0280156014537124,0.0993478059014922,NA,69.4902536591936,NA
"concentration_additive","marginal_new_reef",88,0.04573593925707,0.0282092622667188,0.099992679688975,NA,69.4902536591936,NA
"concentration_additive","marginal_new_reef",89,0.0460873117200231,0.0284602621087157,0.100651191016276,NA,69.4902536591936,NA
"concentration_additive","marginal_new_reef",90,0.0464363147662217,0.0286798023088437,0.101225051464366,NA,69.4902536591936,NA
"concentration_additive","marginal_new_reef",91,0.0467436691405188,0.0288362373522812,0.101939529120478,NA,69.4902536591936,NA
"concentration_additive","marginal_new_reef",92,0.0471238031799963,0.0290379924394433,0.102728106255629,NA,69.4902536591936,NA
"concentration_additive","marginal_new_reef",93,0.0474554064662792,0.0292515851735329,0.103519399745737,NA,69.4902536591936,NA
"concentration_additive","marginal_new_reef",94,0.0477996372809993,0.0294042444486388,0.10430433524284,NA,69.4902536591936,NA
"concentration_additive","marginal_new_reef",95,0.048152335126949,0.0296017319930923,0.10497056648839,NA,69.4902536591936,NA
"concentration_additive","marginal_new_reef",96,0.0485242105818653,0.0298172739838974,0.105866626231628,NA,69.4902536591936,NA
"concentration_additive","marginal_new_reef",97,0.0489315880334201,0.0300043664667744,0.106722447324556,NA,69.4902536591936,NA
"concentration_additive","marginal_new_reef",98,0.049299055509864,0.0301803371979288,0.107508965939343,NA,69.4902536591936,NA
"concentration_additive","marginal_new_reef",99,0.0496367900652622,0.030386470096318,0.108224814658375,NA,69.4902536591936,NA
"concentration_additive","marginal_new_reef",100,0.0499750361536422,0.0306123222322664,0.108944756053652,NA,69.4902536591936,NA
"concentration_distance","conditional_typical_reef",0,0.00982673041218606,0.00583301751820983,0.0162971048053938,80.2649526210378,NA,NA
"concentration_distance","conditional_typical_reef",1,0.00991587661069517,0.00589239473184926,0.0164054114009485,80.2649526210378,NA,NA
"concentration_distance","conditional_typical_reef",2,0.0100006811843275,0.00595386925581985,0.0165319357733079,80.2649526210378,NA,NA
"concentration_distance","conditional_typical_reef",3,0.0100887935575805,0.00601254727965691,0.0166429400209867,80.2649526210378,NA,NA
"concentration_distance","conditional_typical_reef",4,0.0101799929446589,0.00607637998006904,0.0167662291364631,80.2649526210378,NA,NA
"concentration_distance","conditional_typical_reef",5,0.0102720935621353,0.006137397265864,0.0168855067108223,80.2649526210378,NA,NA
"concentration_distance","conditional_typical_reef",6,0.0103611445302223,0.00620493710404619,0.017011435685127,80.2649526210378,NA,NA
"concentration_distance","conditional_typical_reef",7,0.0104531965087293,0.00626949865044288,0.0171228185340244,80.2649526210378,NA,NA
"concentration_distance","conditional_typical_reef",8,0.0105485038961543,0.00633696404261934,0.0172379687009968,80.2649526210378,NA,NA
"concentration_distance","conditional_typical_reef",9,0.0106459279467508,0.00640297895788757,0.0173662118053504,80.2649526210378,NA,NA
"concentration_distance","conditional_typical_reef",10,0.0107390415505376,0.00646514605313601,0.0174995106888018,80.2649526210378,NA,NA
"concentration_distance","conditional_typical_reef",11,0.0108343085509235,0.00653068242856348,0.0176424167914399,80.2649526210378,NA,NA
"concentration_distance","conditional_typical_reef",12,0.0109296986438461,0.00659920167882302,0.0177727732271878,80.2649526210378,NA,NA
"concentration_distance","conditional_typical_reef",13,0.0110223900599937,0.00666810637073827,0.017891827176642,80.2649526210378,NA,NA
"concentration_distance","conditional_typical_reef",14,0.0111235036007758,0.00674384796130294,0.0180252535453246,80.2649526210378,NA,NA
"concentration_distance","conditional_typical_reef",15,0.0112218388685942,0.00680768099743827,0.0181580842841873,80.2649526210378,NA,NA
"concentration_distance","conditional_typical_reef",16,0.01131916733235,0.00688257898137281,0.0182989941415113,80.2649526210378,NA,NA
"concentration_distance","conditional_typical_reef",17,0.0114190526752356,0.00695739052770271,0.0184229153410385,80.2649526210378,NA,NA
"concentration_distance","conditional_typical_reef",18,0.011525266535826,0.00703731704108273,0.018579958491371,80.2649526210378,NA,NA
"concentration_distance","conditional_typical_reef",19,0.0116205028050792,0.0070951416157656,0.0187159215547014,80.2649526210378,NA,NA
"concentration_distance","conditional_typical_reef",20,0.0117258168412991,0.00716760285605539,0.0188403651145134,80.2649526210378,NA,NA
"concentration_distance","conditional_typical_reef",21,0.011831083386166,0.00725332393814692,0.0189793251749657,80.2649526210378,NA,NA
"concentration_distance","conditional_typical_reef",22,0.0119427344893747,0.0073254661796613,0.0191127644537592,80.2649526210378,NA,NA
"concentration_distance","conditional_typical_reef",23,0.0120487185367269,0.00739185498445605,0.0192513293815114,80.2649526210378,NA,NA
"concentration_distance","conditional_typical_reef",24,0.0121536964988468,0.00748213200625409,0.0194091962537252,80.2649526210378,NA,NA
"concentration_distance","conditional_typical_reef",25,0.0122626228915744,0.0075626441535346,0.0195707582440265,80.2649526210378,NA,NA
"concentration_distance","conditional_typical_reef",26,0.0123700083781595,0.00763979372372282,0.0197054188561672,80.2649526210378,NA,NA
"concentration_distance","conditional_typical_reef",27,0.0124805912437075,0.00770299910459105,0.0198534474264282,80.2649526210378,NA,NA
"concentration_distance","conditional_typical_reef",28,0.0125984731105627,0.00778462014448248,0.0199984804057677,80.2649526210378,NA,NA
"concentration_distance","conditional_typical_reef",29,0.0127057703149528,0.00786545396256841,0.020144039573455,80.2649526210378,NA,NA
"concentration_distance","conditional_typical_reef",30,0.0128173782028388,0.00793121534377608,0.020276767219026,80.2649526210378,NA,NA
"concentration_distance","conditional_typical_reef",31,0.0129268117856983,0.0080066170679102,0.0204136749764159,80.2649526210378,NA,NA
"concentration_distance","conditional_typical_reef",32,0.0130416964791921,0.00809097579230476,0.0205771370652006,80.2649526210378,NA,NA
"concentration_distance","conditional_typical_reef",33,0.0131572738699005,0.00816687521182794,0.020736057070813,80.2649526210378,NA,NA
"concentration_distance","conditional_typical_reef",34,0.0132711148425664,0.0082454850331454,0.0209010295791158,80.2649526210378,NA,NA
"concentration_distance","conditional_typical_reef",35,0.0133834904845084,0.00833741951142937,0.0210733933558035,80.2649526210378,NA,NA
"concentration_distance","conditional_typical_reef",36,0.0135082812725631,0.00842305707968605,0.0212348220553763,80.2649526210378,NA,NA
"concentration_distance","conditional_typical_reef",37,0.0136308055813218,0.00850417199130488,0.0213979730424676,80.2649526210378,NA,NA
"concentration_distance","conditional_typical_reef",38,0.0137505030264767,0.00859345915648132,0.021556573516214,80.2649526210378,NA,NA
"concentration_distance","conditional_typical_reef",39,0.013872393864861,0.00867338695342892,0.0217166430444689,80.2649526210378,NA,NA
"concentration_distance","conditional_typical_reef",40,0.0139970844537754,0.00875710620898832,0.0218859722495696,80.2649526210378,NA,NA
"concentration_distance","conditional_typical_reef",41,0.0141259944436052,0.00884770511861951,0.022051260178543,80.2649526210378,NA,NA
"concentration_distance","conditional_typical_reef",42,0.0142494234819587,0.00892761511456383,0.0222123788348056,80.2649526210378,NA,NA
"concentration_distance","conditional_typical_reef",43,0.0143765783182738,0.00901236002280346,0.0223786389577408,80.2649526210378,NA,NA
"concentration_distance","conditional_typical_reef",44,0.0145000658492056,0.00910036587192838,0.0225682301634642,80.2649526210378,NA,NA
"concentration_distance","conditional_typical_reef",45,0.0146284634488822,0.00918925482083985,0.0227465918706899,80.2649526210378,NA,NA
"concentration_distance","conditional_typical_reef",46,0.0147597587917752,0.00928477938265028,0.022950325790906,80.2649526210378,NA,NA
"concentration_distance","conditional_typical_reef",47,0.0148906438865583,0.009369283741423,0.0231452336699199,80.2649526210378,NA,NA
"concentration_distance","conditional_typical_reef",48,0.0150225554578352,0.00946348223207543,0.0233202364130699,80.2649526210378,NA,NA
"concentration_distance","conditional_typical_reef",49,0.0151631276751875,0.00956186588497927,0.0235105276727092,80.2649526210378,NA,NA
"concentration_distance","conditional_typical_reef",50,0.0152999225835739,0.00964739269714919,0.0236932800682889,80.2649526210378,NA,NA
"concentration_distance","conditional_typical_reef",51,0.0154399838016409,0.00973116700933161,0.0238749804714802,80.2649526210378,NA,NA
"concentration_distance","conditional_typical_reef",52,0.0155714184593407,0.00981915733740334,0.0240613849656782,80.2649526210378,NA,NA
"concentration_distance","conditional_typical_reef",53,0.0156989383039223,0.00991008069789151,0.0242614285305321,80.2649526210378,NA,NA
"concentration_distance","conditional_typical_reef",54,0.0158389494244212,0.010002286747001,0.0244680312803501,80.2649526210378,NA,NA
"concentration_distance","conditional_typical_reef",55,0.0159836881526252,0.0100986345769195,0.0246618272906722,80.2649526210378,NA,NA
"concentration_distance","conditional_typical_reef",56,0.0161269303538566,0.0101872036703866,0.0248608797839276,80.2649526210378,NA,NA
"concentration_distance","conditional_typical_reef",57,0.0162705831377122,0.0102666967863879,0.0250816960008369,80.2649526210378,NA,NA
"concentration_distance","conditional_typical_reef",58,0.0164125877924102,0.0103561920272764,0.0252999701980474,80.2649526210378,NA,NA
"concentration_distance","conditional_typical_reef",59,0.0165530881313457,0.0104557768714254,0.0255266680736052,80.2649526210378,NA,NA
"concentration_distance","conditional_typical_reef",60,0.016695660642013,0.010557823657446,0.0257404016511662,80.2649526210378,NA,NA
"concentration_distance","conditional_typical_reef",61,0.0168451665819881,0.0106546952816058,0.0259590047422691,80.2649526210378,NA,NA
"concentration_distance","conditional_typical_reef",62,0.0169994170706799,0.0107680536469859,0.0261480595301271,80.2649526210378,NA,NA
"concentration_distance","conditional_typical_reef",63,0.0171501046597639,0.0108609094349768,0.0263871875787384,80.2649526210378,NA,NA
"concentration_distance","conditional_typical_reef",64,0.017295813620253,0.0109641132696278,0.0266157562460308,80.2649526210378,NA,NA
"concentration_distance","conditional_typical_reef",65,0.0174500009508592,0.0110603905185504,0.0268572241637775,80.2649526210378,NA,NA
"concentration_distance","conditional_typical_reef",66,0.0176104047073295,0.0111479554322808,0.0270896758957439,80.2649526210378,NA,NA
"concentration_distance","conditional_typical_reef",67,0.0177741295833986,0.0112313502558503,0.0273003470675723,80.2649526210378,NA,NA
"concentration_distance","conditional_typical_reef",68,0.0179378611358621,0.0113354942634234,0.027545803073075,80.2649526210378,NA,NA
"concentration_distance","conditional_typical_reef",69,0.0180910225578105,0.0114388486389579,0.0277790994235517,80.2649526210378,NA,NA
"concentration_distance","conditional_typical_reef",70,0.0182585992650347,0.0115559951471703,0.0280108714796603,80.2649526210378,NA,NA
"concentration_distance","conditional_typical_reef",71,0.0184244906469654,0.0116582206417261,0.028252969668569,80.2649526210378,NA,NA
"concentration_distance","conditional_typical_reef",72,0.0185918321323468,0.0117486923033412,0.0285002116068001,80.2649526210378,NA,NA
"concentration_distance","conditional_typical_reef",73,0.0187643046479268,0.0118435452787185,0.0287446071979437,80.2649526210378,NA,NA
"concentration_distance","conditional_typical_reef",74,0.0189332939977786,0.0119497097108439,0.0289937382354863,80.2649526210378,NA,NA
"concentration_distance","conditional_typical_reef",75,0.0191060694377384,0.0120584251415026,0.0292554641230273,80.2649526210378,NA,NA
"concentration_distance","conditional_typical_reef",76,0.0192667437018563,0.0121735630821252,0.0295015563172849,80.2649526210378,NA,NA
"concentration_distance","conditional_typical_reef",77,0.019428209880577,0.0123016872924433,0.0297497212301631,80.2649526210378,NA,NA
"concentration_distance","conditional_typical_reef",78,0.0196052895185993,0.0124098746333646,0.0300076859862372,80.2649526210378,NA,NA
"concentration_distance","conditional_typical_reef",79,0.0197751511451962,0.0125181899113288,0.030292802567869,80.2649526210378,NA,NA
"concentration_distance","conditional_typical_reef",80,0.0199532113349637,0.0126271772567445,0.0306049933745059,80.2649526210378,NA,NA
"concentration_distance","conditional_typical_reef",81,0.0201298039078284,0.0127355104506509,0.030896177117981,80.2649526210378,NA,NA
"concentration_distance","conditional_typical_reef",82,0.0203028956303241,0.0128537722327827,0.0311941693477086,80.2649526210378,NA,NA
"concentration_distance","conditional_typical_reef",83,0.0204833416850514,0.0129658495959767,0.0314626856035928,80.2649526210378,NA,NA
"concentration_distance","conditional_typical_reef",84,0.020659371487054,0.0130827680444162,0.0317426224740698,80.2649526210378,NA,NA
"concentration_distance","conditional_typical_reef",85,0.0208490614949032,0.0131935378850094,0.0320329208744132,80.2649526210378,NA,NA
"concentration_distance","conditional_typical_reef",86,0.0210296472751562,0.0133094238683301,0.0323234900581076,80.2649526210378,NA,NA
"concentration_distance","conditional_typical_reef",87,0.0212106583521974,0.0134155258747145,0.0326080212256877,80.2649526210378,NA,NA
"concentration_distance","conditional_typical_reef",88,0.0213968484064323,0.0135166033931474,0.0329068210270516,80.2649526210378,NA,NA
"concentration_distance","conditional_typical_reef",89,0.0215876887627759,0.0136251649027762,0.0331734289000103,80.2649526210378,NA,NA
"concentration_distance","conditional_typical_reef",90,0.0217781175350737,0.0137293692715359,0.0334711137299642,80.2649526210378,NA,NA
"concentration_distance","conditional_typical_reef",91,0.0219640916777075,0.0138483559050294,0.0337674740995959,80.2649526210378,NA,NA
"concentration_distance","conditional_typical_reef",92,0.0221544107627204,0.0139607201655577,0.0340899927099794,80.2649526210378,NA,NA
"concentration_distance","conditional_typical_reef",93,0.0223505166803218,0.0140774021910451,0.0344017489926495,80.2649526210378,NA,NA
"concentration_distance","conditional_typical_reef",94,0.0225470149887311,0.0141868296437752,0.0346922307297686,80.2649526210378,NA,NA
"concentration_distance","conditional_typical_reef",95,0.022760537273847,0.0143160972750139,0.0349938086769829,80.2649526210378,NA,NA
"concentration_distance","conditional_typical_reef",96,0.0229635399977831,0.0144424039283299,0.0353334007217589,80.2649526210378,NA,NA
"concentration_distance","conditional_typical_reef",97,0.0231645409756974,0.0145596905777766,0.0356190468406043,80.2649526210378,NA,NA
"concentration_distance","conditional_typical_reef",98,0.0233765964908734,0.0146841496891751,0.0359537028108749,80.2649526210378,NA,NA
"concentration_distance","conditional_typical_reef",99,0.0235843113769933,0.0147826900423013,0.0363086003530585,80.2649526210378,NA,NA
"concentration_distance","conditional_typical_reef",100,0.0237989678081968,0.0149181308657625,0.0366369939712971,80.2649526210378,NA,NA
"concentration_distance","marginal_new_reef",0,0.0207508067346317,0.0119229131836616,0.0467306434316755,NA,75.2816460922648,NA
"concentration_distance","marginal_new_reef",1,0.0209261893744715,0.0120601755088929,0.0470253574468035,NA,75.2816460922648,NA
"concentration_distance","marginal_new_reef",2,0.0211118230300265,0.012196275736829,0.0474071601339341,NA,75.2816460922648,NA
"concentration_distance","marginal_new_reef",3,0.0212989011631804,0.0123223925359245,0.0478189926441903,NA,75.2816460922648,NA
"concentration_distance","marginal_new_reef",4,0.0214801744386567,0.0124480866697964,0.0481643415186472,NA,75.2816460922648,NA
"concentration_distance","marginal_new_reef",5,0.021665145753382,0.0125885920607396,0.0485117499925479,NA,75.2816460922648,NA
"concentration_distance","marginal_new_reef",6,0.0218616314899556,0.0127124494791266,0.0488371594283218,NA,75.2816460922648,NA
"concentration_distance","marginal_new_reef",7,0.0220520099903013,0.0128583627649033,0.0492152865905852,NA,75.2816460922648,NA
"concentration_distance","marginal_new_reef",8,0.0222440685125414,0.0129995627667987,0.0495651093820514,NA,75.2816460922648,NA
"concentration_distance","marginal_new_reef",9,0.0224295562906463,0.0131422702907661,0.0499536664146273,NA,75.2816460922648,NA
"concentration_distance","marginal_new_reef",10,0.0226165375381198,0.0132811480720814,0.0503466832959518,NA,75.2816460922648,NA
"concentration_distance","marginal_new_reef",11,0.0228088742764461,0.0134039764040621,0.0506901595762085,NA,75.2816460922648,NA
"concentration_distance","marginal_new_reef",12,0.0230045358944156,0.0135421023412424,0.0511461802713456,NA,75.2816460922648,NA
"concentration_distance","marginal_new_reef",13,0.0232109751378393,0.0136910846683885,0.0515202426678967,NA,75.2816460922648,NA
"concentration_distance","marginal_new_reef",14,0.023416347926793,0.0138210905454956,0.0519552697074722,NA,75.2816460922648,NA
"concentration_distance","marginal_new_reef",15,0.0236110113398477,0.0139672211784884,0.0524203770277947,NA,75.2816460922648,NA
"concentration_distance","marginal_new_reef",16,0.0238109988405678,0.0141116452843053,0.0528258721345363,NA,75.2816460922648,NA
"concentration_distance","marginal_new_reef",17,0.0240171508517501,0.0142644144789563,0.0532508740586797,NA,75.2816460922648,NA
"concentration_distance","marginal_new_reef",18,0.0242236646932793,0.0144101355756867,0.0536649116626534,NA,75.2816460922648,NA
"concentration_distance","marginal_new_reef",19,0.0244461875034001,0.0145588715638594,0.0540908788475229,NA,75.2816460922648,NA
"concentration_distance","marginal_new_reef",20,0.0246646492693462,0.0147156726510202,0.0545323932513463,NA,75.2816460922648,NA
"concentration_distance","marginal_new_reef",21,0.0248750150452583,0.0148625153347908,0.0549757901135135,NA,75.2816460922648,NA
"concentration_distance","marginal_new_reef",22,0.0250832786876254,0.0150215601217951,0.0554238095694833,NA,75.2816460922648,NA
"concentration_distance","marginal_new_reef",23,0.0252983618059455,0.0151653521834822,0.0558855549241702,NA,75.2816460922648,NA
"concentration_distance","marginal_new_reef",24,0.0255140569207733,0.0153245802387226,0.0563950540154849,NA,75.2816460922648,NA
"concentration_distance","marginal_new_reef",25,0.0257411689825967,0.0154763417537306,0.0568372050120385,NA,75.2816460922648,NA
"concentration_distance","marginal_new_reef",26,0.0259644836919052,0.0156338988853394,0.0573514504244677,NA,75.2816460922648,NA
"concentration_distance","marginal_new_reef",27,0.0261844978489581,0.0157963802148276,0.0578257947131088,NA,75.2816460922648,NA
"concentration_distance","marginal_new_reef",28,0.0264024550998281,0.0159633099919032,0.0582872342782974,NA,75.2816460922648,NA
"concentration_distance","marginal_new_reef",29,0.0266375932223638,0.0161242927441815,0.0587881577894819,NA,75.2816460922648,NA
"concentration_distance","marginal_new_reef",30,0.0268688378973939,0.0162978397796625,0.0592947790951029,NA,75.2816460922648,NA
"concentration_distance","marginal_new_reef",31,0.0270986146190197,0.0164603036421153,0.0597136690248087,NA,75.2816460922648,NA
"concentration_distance","marginal_new_reef",32,0.0273230890656073,0.0165966840137555,0.0601525878417712,NA,75.2816460922648,NA
"concentration_distance","marginal_new_reef",33,0.0275651329777409,0.0167581373641945,0.0606019886985682,NA,75.2816460922648,NA
"concentration_distance","marginal_new_reef",34,0.0278017370621575,0.0169207407723678,0.0611113073929568,NA,75.2816460922648,NA
"concentration_distance","marginal_new_reef",35,0.0280493553298823,0.0170835502705225,0.0617205901942521,NA,75.2816460922648,NA
"concentration_distance","marginal_new_reef",36,0.0282925720142489,0.017259193470632,0.062308160285463,NA,75.2816460922648,NA
"concentration_distance","marginal_new_reef",37,0.0285546264631154,0.0174335294524739,0.0628073735486761,NA,75.2816460922648,NA
"concentration_distance","marginal_new_reef",38,0.028822619350258,0.0176082103192639,0.0632924249668049,NA,75.2816460922648,NA
"concentration_distance","marginal_new_reef",39,0.0290758975909072,0.0177647641489577,0.0637806591267963,NA,75.2816460922648,NA
"concentration_distance","marginal_new_reef",40,0.0293311055576836,0.0179213514178929,0.0643021070431109,NA,75.2816460922648,NA
"concentration_distance","marginal_new_reef",41,0.0295822209300673,0.0180981627650982,0.0647906257205916,NA,75.2816460922648,NA
"concentration_distance","marginal_new_reef",42,0.0298444674579783,0.0182830772429102,0.0653499182431603,NA,75.2816460922648,NA
"concentration_distance","marginal_new_reef",43,0.0301167928900315,0.0184590408439702,0.0659037878339268,NA,75.2816460922648,NA
"concentration_distance","marginal_new_reef",44,0.0303898358861663,0.0186444373154294,0.0663705043341805,NA,75.2816460922648,NA
"concentration_distance","marginal_new_reef",45,0.0306534268481405,0.0188456114174043,0.0669012135908032,NA,75.2816460922648,NA
"concentration_distance","marginal_new_reef",46,0.0309172060893965,0.019041640369232,0.0674531435320869,NA,75.2816460922648,NA
"concentration_distance","marginal_new_reef",47,0.0311902006016486,0.0192120599519191,0.0680160303148224,NA,75.2816460922648,NA
"concentration_distance","marginal_new_reef",48,0.0314680782235461,0.0193714185501412,0.0685757060516897,NA,75.2816460922648,NA
"concentration_distance","marginal_new_reef",49,0.0317474430441183,0.0195443177865113,0.0691097573477268,NA,75.2816460922648,NA
"concentration_distance","marginal_new_reef",50,0.0320146516761969,0.0197380281871923,0.0696956343493386,NA,75.2816460922648,NA
"concentration_distance","marginal_new_reef",51,0.0322877575319591,0.0199226592811103,0.0702864781157599,NA,75.2816460922648,NA
"concentration_distance","marginal_new_reef",52,0.032567123026308,0.0201017516299605,0.0708078359453856,NA,75.2816460922648,NA
"concentration_distance","marginal_new_reef",53,0.0328457228493571,0.0203035441923689,0.0713845698174701,NA,75.2816460922648,NA
"concentration_distance","marginal_new_reef",54,0.0331226843312737,0.0204924225124717,0.0719369718768024,NA,75.2816460922648,NA
"concentration_distance","marginal_new_reef",55,0.0334161138404539,0.0206820238091029,0.072474042279884,NA,75.2816460922648,NA
"concentration_distance","marginal_new_reef",56,0.0337214291476123,0.0208946601801285,0.0730840546157663,NA,75.2816460922648,NA
"concentration_distance","marginal_new_reef",57,0.0340234657542305,0.0210957117095975,0.0736419082707105,NA,75.2816460922648,NA
"concentration_distance","marginal_new_reef",58,0.0343341958368045,0.0212783973177198,0.0743124152327399,NA,75.2816460922648,NA
"concentration_distance","marginal_new_reef",59,0.0346549807721753,0.0214883303258838,0.0748944252052253,NA,75.2816460922648,NA
"concentration_distance","marginal_new_reef",60,0.0349619743528776,0.0217006981471323,0.0755236149234223,NA,75.2816460922648,NA
"concentration_distance","marginal_new_reef",61,0.0352577606387944,0.0219415189672697,0.0760732945350412,NA,75.2816460922648,NA
"concentration_distance","marginal_new_reef",62,0.0355665070254687,0.0221608952715522,0.0766926145459979,NA,75.2816460922648,NA
"concentration_distance","marginal_new_reef",63,0.0358632383256222,0.0223633643173256,0.0773446217140425,NA,75.2816460922648,NA
"concentration_distance","marginal_new_reef",64,0.0361819650852286,0.0225714525144973,0.0779605921909081,NA,75.2816460922648,NA
"concentration_distance","marginal_new_reef",65,0.0364975244242901,0.0228046388995198,0.0786217130158285,NA,75.2816460922648,NA
"concentration_distance","marginal_new_reef",66,0.036834622167468,0.0230040418936016,0.0793031746566878,NA,75.2816460922648,NA
"concentration_distance","marginal_new_reef",67,0.0371456566960069,0.0232026146537588,0.0798775722286912,NA,75.2816460922648,NA
"concentration_distance","marginal_new_reef",68,0.0374779397665974,0.0234330441758349,0.0805208840856207,NA,75.2816460922648,NA
"concentration_distance","marginal_new_reef",69,0.0378153493121855,0.0236279265364628,0.0812208466461737,NA,75.2816460922648,NA
"concentration_distance","marginal_new_reef",70,0.0381625727116713,0.0238870786013118,0.0819533824954631,NA,75.2816460922648,NA
"concentration_distance","marginal_new_reef",71,0.0385097924095398,0.0241236923632072,0.082643279595468,NA,75.2816460922648,NA
"concentration_distance","marginal_new_reef",72,0.0388443692511467,0.0243540888872589,0.0832479576967442,NA,75.2816460922648,NA
"concentration_distance","marginal_new_reef",73,0.0392006320440421,0.0245888573976288,0.0840862680519833,NA,75.2816460922648,NA
"concentration_distance","marginal_new_reef",74,0.0395488669023604,0.024795643064898,0.0848270568791364,NA,75.2816460922648,NA
"concentration_distance","marginal_new_reef",75,0.0399002523391254,0.0250391024554649,0.0855096966209293,NA,75.2816460922648,NA
"concentration_distance","marginal_new_reef",76,0.0402544119160345,0.0252876468979511,0.0861720216740045,NA,75.2816460922648,NA
"concentration_distance","marginal_new_reef",77,0.0406047985470666,0.0254901225854172,0.0868127768874618,NA,75.2816460922648,NA
"concentration_distance","marginal_new_reef",78,0.0409551844740114,0.0257311273224983,0.0876298568129661,NA,75.2816460922648,NA
"concentration_distance","marginal_new_reef",79,0.0413148724659794,0.0259468441155083,0.0883565291447259,NA,75.2816460922648,NA
"concentration_distance","marginal_new_reef",80,0.0416655652284889,0.0261736672264838,0.0892872708391178,NA,75.2816460922648,NA
"concentration_distance","marginal_new_reef",81,0.0420096537860894,0.0264306915085279,0.0900639108158823,NA,75.2816460922648,NA
"concentration_distance","marginal_new_reef",82,0.0423774169472072,0.0266913360818575,0.0906963552980845,NA,75.2816460922648,NA
"concentration_distance","marginal_new_reef",83,0.0427939941995705,0.0269442016552008,0.0914146722434045,NA,75.2816460922648,NA
"concentration_distance","marginal_new_reef",84,0.0431669512895309,0.0271716291937917,0.0923354650560469,NA,75.2816460922648,NA
"concentration_distance","marginal_new_reef",85,0.0435335555043742,0.0274388544831699,0.0930973965451518,NA,75.2816460922648,NA
"concentration_distance","marginal_new_reef",86,0.0439284046948836,0.027685995921752,0.0939553695759252,NA,75.2816460922648,NA
"concentration_distance","marginal_new_reef",87,0.0443316564539292,0.027929078941829,0.0948378758017723,NA,75.2816460922648,NA
"concentration_distance","marginal_new_reef",88,0.0447265804845793,0.0281519795141741,0.0957780978210812,NA,75.2816460922648,NA
"concentration_distance","marginal_new_reef",89,0.0451248203748389,0.028376175126785,0.0966418726948423,NA,75.2816460922648,NA
"concentration_distance","marginal_new_reef",90,0.0455289144818086,0.0286064918505037,0.097682310095212,NA,75.2816460922648,NA
"concentration_distance","marginal_new_reef",91,0.0459482744699977,0.028847717999667,0.0984139568959198,NA,75.2816460922648,NA
"concentration_distance","marginal_new_reef",92,0.0463433200959118,0.0290736314995289,0.0991033291753421,NA,75.2816460922648,NA
"concentration_distance","marginal_new_reef",93,0.0467628430770883,0.0293267639971552,0.0998722225166409,NA,75.2816460922648,NA
"concentration_distance","marginal_new_reef",94,0.0471748037423132,0.0295938526841074,0.100785489113238,NA,75.2816460922648,NA
"concentration_distance","marginal_new_reef",95,0.0475845588324108,0.0298118286787406,0.101753676613548,NA,75.2816460922648,NA
"concentration_distance","marginal_new_reef",96,0.0480218853275465,0.0300658985023719,0.102648745367034,NA,75.2816460922648,NA
"concentration_distance","marginal_new_reef",97,0.0484180770949467,0.0303488084426473,0.103561467520619,NA,75.2816460922648,NA
"concentration_distance","marginal_new_reef",98,0.0488497718813832,0.03060313691703,0.10448667837291,NA,75.2816460922648,NA
"concentration_distance","marginal_new_reef",99,0.0492960376688473,0.0308415205666627,0.10540004186423,NA,75.2816460922648,NA
"concentration_distance","marginal_new_reef",100,0.0497067603674916,0.0310748592790467,0.106290397429502,NA,75.2816460922648,NA
