"model","term","Estimate","Est.Error","Q2.5","Q10","Q50","Q90","Q97.5"
"null","Intercept",-4.02776950656217,0.242169148999901,-4.51008169700026,-4.33709476572625,-4.02386500677694,-3.72746502104868,-3.55727343818713
"best_additive","Intercept",-3.94073491540389,0.234897137817659,-4.40472430358663,-4.23153207243106,-3.93666118766265,-3.64735982057781,-3.48317353002086
"best_additive","edna_prop_z",0.234941180359264,0.0320913575995539,0.171728537959017,0.19337472786567,0.235215714381796,0.275659012643493,0.297197236292827
"best_additive","distance_z",-0.0924851377579101,0.025781389779461,-0.142387603745088,-0.124726428460913,-0.0923936591326976,-0.060136931435929,-0.0410855018730316
"best_additive","lag_z",-0.064909197871098,0.0279676754583566,-0.120122907001169,-0.100963929147941,-0.0647167700265489,-0.0295939882452417,-0.0105229610066501
"full_additive","Intercept",-3.92067894449497,0.236330686209654,-4.39112621182101,-4.22382810886693,-3.92149557127912,-3.61003419802507,-3.46117622533033
"full_additive","edna_prop_z",0.192722824747784,0.0448995852530207,0.106847396259137,0.135275256539833,0.192755323940776,0.250493021926487,0.280798625512751
"full_additive","edna_conc_z",0.0574579725537555,0.0437934404755249,-0.028321631840575,-0.00012935709576148,0.0583227395890921,0.11249019077526,0.145297622839944
"full_additive","distance_z",-0.0919471576068751,0.0252599354362186,-0.14158777173889,-0.124516372486152,-0.0920397924521629,-0.0595789938278318,-0.0432087633968467
"full_additive","lag_z",-0.0694288949538817,0.0276202679638091,-0.123387773367347,-0.105066113605656,-0.0687496359482468,-0.0331466022872165,-0.0172662273580765
"concentration_distance","Intercept",-3.90237124639313,0.226511568624752,-4.34612658399293,-4.1854545038463,-3.9040415786248,-3.60912224702188,-3.44544543093885
"concentration_distance","edna_prop_z",0.237624104145033,0.0454863959619298,0.148610630855077,0.18005830757792,0.23776486223432,0.295630495321774,0.328420368077976
"concentration_distance","edna_conc_z",0.0371499197059193,0.0438242961393002,-0.0500001586958047,-0.0188136120154767,0.0373820418781462,0.092054513373949,0.122983306558752
"concentration_distance","distance_z",-0.0698615434685333,0.0246741782827755,-0.118653266612169,-0.101786988589685,-0.0698619351955739,-0.0384859588052709,-0.021037313557167
"concentration_distance","lag_z",-0.0915010932979472,0.0276092783341283,-0.146762083150798,-0.12661132919061,-0.0916636556274888,-0.0559758496049639,-0.0382385040588705
"concentration_distance","edna_conc_z:distance_z",-0.132066990817417,0.0261881794058237,-0.18306061787713,-0.165770243482857,-0.132537064955486,-0.0984920910931166,-0.0813013712332112
"all_pairwise","Intercept",-3.88843983607072,0.222725352584623,-4.34230984151699,-4.17620649332739,-3.88466546338175,-3.60719631423612,-3.46858344513129
"all_pairwise","edna_prop_z",0.100441439097176,0.0661107436094533,-0.0299558024711812,0.016599718071028,0.100522399671134,0.183716359226323,0.231570873884083
"all_pairwise","edna_conc_z",0.109540194063432,0.0481289757380413,0.0146248083598452,0.0488764836617296,0.109952866403107,0.17162184578935,0.202493606851784
"all_pairwise","distance_z",-0.0906511079276458,0.0268052780760098,-0.144066674269746,-0.125797108550359,-0.0902598749685524,-0.0561730234486167,-0.0389242333424482
"all_pairwise","lag_z",-0.0537429559416437,0.0296805363676678,-0.111943186607146,-0.0922087012498678,-0.0534155103894872,-0.0160218100285716,0.00348060145502927
"all_pairwise","edna_prop_z:edna_conc_z",-0.083182905037278,0.0340400361429149,-0.148940145200495,-0.126526567985126,-0.0832990711046745,-0.0393014220567881,-0.016329158488257
"all_pairwise","edna_prop_z:distance_z",0.0457254676504951,0.0416594646686175,-0.0366046971338903,-0.00780816375594692,0.0457572177192885,0.0981680621706792,0.126548176108865
"all_pairwise","edna_prop_z:lag_z",0.0596491469211734,0.0403858244584353,-0.0191744107200249,0.00809282274283284,0.0592734342110306,0.111111072680767,0.141806661000285
"all_pairwise","edna_conc_z:distance_z",-0.169389776836359,0.0392863815678052,-0.244554422168165,-0.218701446533905,-0.170180536082488,-0.11729215230003,-0.0909050357919235
"all_pairwise","edna_conc_z:lag_z",-0.0762136892821992,0.0399258716672113,-0.156905077766936,-0.127699671750761,-0.076088716388513,-0.0252443130656875,0.00056115286095839
"all_pairwise","distance_z:lag_z",0.121060893454739,0.0270452533892212,0.0692194950817131,0.0863834902525299,0.120691549502445,0.155884784075435,0.174008637750455
