"horizon","prediction_scale","edna_pct","estimate","n","reef_sd","crossing_002","crossing_004","crossing_008"
"0-3 Months","conditional_typical_reef",0,0.00445589078648448,72,0.505361044186012,54.0676338592571,79.0280467227394,NA
"0-3 Months","conditional_typical_reef",1,0.00458136693297497,72,0.505361044186012,54.0676338592571,79.0280467227394,NA
"0-3 Months","conditional_typical_reef",2,0.00471037643880763,72,0.505361044186012,54.0676338592571,79.0280467227394,NA
"0-3 Months","conditional_typical_reef",3,0.00484301880200331,72,0.505361044186012,54.0676338592571,79.0280467227394,NA
"0-3 Months","conditional_typical_reef",4,0.00497939632240834,72,0.505361044186012,54.0676338592571,79.0280467227394,NA
"0-3 Months","conditional_typical_reef",5,0.00511961418059279,72,0.505361044186012,54.0676338592571,79.0280467227394,NA
"0-3 Months","conditional_typical_reef",6,0.0052637805189706,72,0.505361044186012,54.0676338592571,79.0280467227394,NA
"0-3 Months","conditional_typical_reef",7,0.00541200652520385,72,0.505361044186012,54.0676338592571,79.0280467227394,NA
"0-3 Months","conditional_typical_reef",8,0.00556440651795585,72,0.505361044186012,54.0676338592571,79.0280467227394,NA
"0-3 Months","conditional_typical_reef",9,0.00572109803505888,72,0.505361044186012,54.0676338592571,79.0280467227394,NA
"0-3 Months","conditional_typical_reef",10,0.00588220192416471,72,0.505361044186012,54.0676338592571,79.0280467227394,NA
"0-3 Months","conditional_typical_reef",11,0.00604784243594787,72,0.505361044186012,54.0676338592571,79.0280467227394,NA
"0-3 Months","conditional_typical_reef",12,0.00621814731993338,72,0.505361044186012,54.0676338592571,79.0280467227394,NA
"0-3 Months","conditional_typical_reef",13,0.00639324792302312,72,0.505361044186012,54.0676338592571,79.0280467227394,NA
"0-3 Months","conditional_typical_reef",14,0.00657327929079642,72,0.505361044186012,54.0676338592571,79.0280467227394,NA
"0-3 Months","conditional_typical_reef",15,0.0067583802716635,72,0.505361044186012,54.0676338592571,79.0280467227394,NA
"0-3 Months","conditional_typical_reef",16,0.00694869362395163,72,0.505361044186012,54.0676338592571,79.0280467227394,NA
"0-3 Months","conditional_typical_reef",17,0.00714436612600692,72,0.505361044186012,54.0676338592571,79.0280467227394,NA
"0-3 Months","conditional_typical_reef",18,0.0073455486893964,72,0.505361044186012,54.0676338592571,79.0280467227394,NA
"0-3 Months","conditional_typical_reef",19,0.00755239647529801,72,0.505361044186012,54.0676338592571,79.0280467227394,NA
"0-3 Months","conditional_typical_reef",20,0.00776506901416793,72,0.505361044186012,54.0676338592571,79.0280467227394,NA
"0-3 Months","conditional_typical_reef",21,0.00798373032877775,72,0.505361044186012,54.0676338592571,79.0280467227394,NA
"0-3 Months","conditional_typical_reef",22,0.00820854906071634,72,0.505361044186012,54.0676338592571,79.0280467227394,NA
"0-3 Months","conditional_typical_reef",23,0.00843969860045392,72,0.505361044186012,54.0676338592571,79.0280467227394,NA
"0-3 Months","conditional_typical_reef",24,0.00867735722106873,72,0.505361044186012,54.0676338592571,79.0280467227394,NA
"0-3 Months","conditional_typical_reef",25,0.00892170821573934,72,0.505361044186012,54.0676338592571,79.0280467227394,NA
"0-3 Months","conditional_typical_reef",26,0.00917294003910876,72,0.505361044186012,54.0676338592571,79.0280467227394,NA
"0-3 Months","conditional_typical_reef",27,0.00943124645262922,72,0.505361044186012,54.0676338592571,79.0280467227394,NA
"0-3 Months","conditional_typical_reef",28,0.00969682667399988,72,0.505361044186012,54.0676338592571,79.0280467227394,NA
"0-3 Months","conditional_typical_reef",29,0.00996988553081258,72,0.505361044186012,54.0676338592571,79.0280467227394,NA
"0-3 Months","conditional_typical_reef",30,0.0102506336185243,72,0.505361044186012,54.0676338592571,79.0280467227394,NA
"0-3 Months","conditional_typical_reef",31,0.0105392874628778,72,0.505361044186012,54.0676338592571,79.0280467227394,NA
"0-3 Months","conditional_typical_reef",32,0.0108360696868965,72,0.505361044186012,54.0676338592571,79.0280467227394,NA
"0-3 Months","conditional_typical_reef",33,0.0111412091825813,72,0.505361044186012,54.0676338592571,79.0280467227394,NA
"0-3 Months","conditional_typical_reef",34,0.0114549412874423,72,0.505361044186012,54.0676338592571,79.0280467227394,NA
"0-3 Months","conditional_typical_reef",35,0.0117775079660025,72,0.505361044186012,54.0676338592571,79.0280467227394,NA
"0-3 Months","conditional_typical_reef",36,0.0121091579964111,72,0.505361044186012,54.0676338592571,79.0280467227394,NA
"0-3 Months","conditional_typical_reef",37,0.0124501471623132,72,0.505361044186012,54.0676338592571,79.0280467227394,NA
"0-3 Months","conditional_typical_reef",38,0.0128007384501214,72,0.505361044186012,54.0676338592571,79.0280467227394,NA
"0-3 Months","conditional_typical_reef",39,0.0131612022518434,72,0.505361044186012,54.0676338592571,79.0280467227394,NA
"0-3 Months","conditional_typical_reef",40,0.0135318165736199,72,0.505361044186012,54.0676338592571,79.0280467227394,NA
"0-3 Months","conditional_typical_reef",41,0.0139128672501365,72,0.505361044186012,54.0676338592571,79.0280467227394,NA
"0-3 Months","conditional_typical_reef",42,0.0143046481650718,72,0.505361044186012,54.0676338592571,79.0280467227394,NA
"0-3 Months","conditional_typical_reef",43,0.0147074614777544,72,0.505361044186012,54.0676338592571,79.0280467227394,NA
"0-3 Months","conditional_typical_reef",44,0.0151216178562014,72,0.505361044186012,54.0676338592571,79.0280467227394,NA
"0-3 Months","conditional_typical_reef",45,0.0155474367167204,72,0.505361044186012,54.0676338592571,79.0280467227394,NA
"0-3 Months","conditional_typical_reef",46,0.0159852464702575,72,0.505361044186012,54.0676338592571,79.0280467227394,NA
"0-3 Months","conditional_typical_reef",47,0.0164353847756828,72,0.505361044186012,54.0676338592571,79.0280467227394,NA
"0-3 Months","conditional_typical_reef",48,0.0168981988002088,72,0.505361044186012,54.0676338592571,79.0280467227394,NA
"0-3 Months","conditional_typical_reef",49,0.017374045487141,72,0.505361044186012,54.0676338592571,79.0280467227394,NA
"0-3 Months","conditional_typical_reef",50,0.0178632918311693,72,0.505361044186012,54.0676338592571,79.0280467227394,NA
"0-3 Months","conditional_typical_reef",51,0.0183663151614109,72,0.505361044186012,54.0676338592571,79.0280467227394,NA
"0-3 Months","conditional_typical_reef",52,0.0188835034324237,72,0.505361044186012,54.0676338592571,79.0280467227394,NA
"0-3 Months","conditional_typical_reef",53,0.0194152555234146,72,0.505361044186012,54.0676338592571,79.0280467227394,NA
"0-3 Months","conditional_typical_reef",54,0.0199619815458736,72,0.505361044186012,54.0676338592571,79.0280467227394,NA
"0-3 Months","conditional_typical_reef",55,0.02052410315987,72,0.505361044186012,54.0676338592571,79.0280467227394,NA
"0-3 Months","conditional_typical_reef",56,0.0211020538992564,72,0.505361044186012,54.0676338592571,79.0280467227394,NA
"0-3 Months","conditional_typical_reef",57,0.0216962795060295,72,0.505361044186012,54.0676338592571,79.0280467227394,NA
"0-3 Months","conditional_typical_reef",58,0.0223072382741067,72,0.505361044186012,54.0676338592571,79.0280467227394,NA
"0-3 Months","conditional_typical_reef",59,0.0229354014027834,72,0.505361044186012,54.0676338592571,79.0280467227394,NA
"0-3 Months","conditional_typical_reef",60,0.0235812533601435,72,0.505361044186012,54.0676338592571,79.0280467227394,NA
"0-3 Months","conditional_typical_reef",61,0.024245292256703,72,0.505361044186012,54.0676338592571,79.0280467227394,NA
"0-3 Months","conditional_typical_reef",62,0.0249280302295758,72,0.505361044186012,54.0676338592571,79.0280467227394,NA
"0-3 Months","conditional_typical_reef",63,0.025629993837457,72,0.505361044186012,54.0676338592571,79.0280467227394,NA
"0-3 Months","conditional_typical_reef",64,0.0263517244667296,72,0.505361044186012,54.0676338592571,79.0280467227394,NA
"0-3 Months","conditional_typical_reef",65,0.0270937787490054,72,0.505361044186012,54.0676338592571,79.0280467227394,NA
"0-3 Months","conditional_typical_reef",66,0.0278567289904258,72,0.505361044186012,54.0676338592571,79.0280467227394,NA
"0-3 Months","conditional_typical_reef",67,0.0286411636130495,72,0.505361044186012,54.0676338592571,79.0280467227394,NA
"0-3 Months","conditional_typical_reef",68,0.0294476876086711,72,0.505361044186012,54.0676338592571,79.0280467227394,NA
"0-3 Months","conditional_typical_reef",69,0.0302769230054181,72,0.505361044186012,54.0676338592571,79.0280467227394,NA
"0-3 Months","conditional_typical_reef",70,0.0311295093474874,72,0.505361044186012,54.0676338592571,79.0280467227394,NA
"0-3 Months","conditional_typical_reef",71,0.0320061041883911,72,0.505361044186012,54.0676338592571,79.0280467227394,NA
"0-3 Months","conditional_typical_reef",72,0.0329073835980915,72,0.505361044186012,54.0676338592571,79.0280467227394,NA
"0-3 Months","conditional_typical_reef",73,0.0338340426844177,72,0.505361044186012,54.0676338592571,79.0280467227394,NA
"0-3 Months","conditional_typical_reef",74,0.0347867961291638,72,0.505361044186012,54.0676338592571,79.0280467227394,NA
"0-3 Months","conditional_typical_reef",75,0.0357663787392846,72,0.505361044186012,54.0676338592571,79.0280467227394,NA
"0-3 Months","conditional_typical_reef",76,0.0367735460136121,72,0.505361044186012,54.0676338592571,79.0280467227394,NA
"0-3 Months","conditional_typical_reef",77,0.0378090747255308,72,0.505361044186012,54.0676338592571,79.0280467227394,NA
"0-3 Months","conditional_typical_reef",78,0.0388737635220606,72,0.505361044186012,54.0676338592571,79.0280467227394,NA
"0-3 Months","conditional_typical_reef",79,0.0399684335398101,72,0.505361044186012,54.0676338592571,79.0280467227394,NA
"0-3 Months","conditional_typical_reef",80,0.0410939290382743,72,0.505361044186012,54.0676338592571,79.0280467227394,NA
"0-3 Months","conditional_typical_reef",81,0.0422511180509666,72,0.505361044186012,54.0676338592571,79.0280467227394,NA
"0-3 Months","conditional_typical_reef",82,0.0434408930548851,72,0.505361044186012,54.0676338592571,79.0280467227394,NA
"0-3 Months","conditional_typical_reef",83,0.0446641716588324,72,0.505361044186012,54.0676338592571,79.0280467227394,NA
"0-3 Months","conditional_typical_reef",84,0.045921897311117,72,0.505361044186012,54.0676338592571,79.0280467227394,NA
"0-3 Months","conditional_typical_reef",85,0.0472150400271836,72,0.505361044186012,54.0676338592571,79.0280467227394,NA
"0-3 Months","conditional_typical_reef",86,0.0485445971377337,72,0.505361044186012,54.0676338592571,79.0280467227394,NA
"0-3 Months","conditional_typical_reef",87,0.0499115940579122,72,0.505361044186012,54.0676338592571,79.0280467227394,NA
"0-3 Months","conditional_typical_reef",88,0.0513170850781545,72,0.505361044186012,54.0676338592571,79.0280467227394,NA
"0-3 Months","conditional_typical_reef",89,0.0527621541773035,72,0.505361044186012,54.0676338592571,79.0280467227394,NA
"0-3 Months","conditional_typical_reef",90,0.0542479158586235,72,0.505361044186012,54.0676338592571,79.0280467227394,NA
"0-3 Months","conditional_typical_reef",91,0.0557755160093557,72,0.505361044186012,54.0676338592571,79.0280467227394,NA
"0-3 Months","conditional_typical_reef",92,0.0573461327844796,72,0.505361044186012,54.0676338592571,79.0280467227394,NA
"0-3 Months","conditional_typical_reef",93,0.058960977515359,72,0.505361044186012,54.0676338592571,79.0280467227394,NA
"0-3 Months","conditional_typical_reef",94,0.0606212956439764,72,0.505361044186012,54.0676338592571,79.0280467227394,NA
"0-3 Months","conditional_typical_reef",95,0.062328367683475,72,0.505361044186012,54.0676338592571,79.0280467227394,NA
"0-3 Months","conditional_typical_reef",96,0.0640835102057482,72,0.505361044186012,54.0676338592571,79.0280467227394,NA
"0-3 Months","conditional_typical_reef",97,0.0658880768568409,72,0.505361044186012,54.0676338592571,79.0280467227394,NA
"0-3 Months","conditional_typical_reef",98,0.0677434594009424,72,0.505361044186012,54.0676338592571,79.0280467227394,NA
"0-3 Months","conditional_typical_reef",99,0.0696510887937783,72,0.505361044186012,54.0676338592571,79.0280467227394,NA
"0-3 Months","conditional_typical_reef",100,0.0716124362862301,72,0.505361044186012,54.0676338592571,79.0280467227394,NA
"0-3 Months","marginal_new_reef",0,0.00506281111570395,72,0.505361044186012,49.4668239531073,74.4267926620215,99.3868059113215
"0-3 Months","marginal_new_reef",1,0.00520537790193098,72,0.505361044186012,49.4668239531073,74.4267926620215,99.3868059113215
"0-3 Months","marginal_new_reef",2,0.00535195931324882,72,0.505361044186012,49.4668239531073,74.4267926620215,99.3868059113215
"0-3 Months","marginal_new_reef",3,0.00550266839993408,72,0.505361044186012,49.4668239531073,74.4267926620215,99.3868059113215
"0-3 Months","marginal_new_reef",4,0.00565762139571508,72,0.505361044186012,49.4668239531073,74.4267926620215,99.3868059113215
"0-3 Months","marginal_new_reef",5,0.00581693780741657,72,0.505361044186012,49.4668239531073,74.4267926620215,99.3868059113215
"0-3 Months","marginal_new_reef",6,0.00598074050712891,72,0.505361044186012,49.4668239531073,74.4267926620215,99.3868059113215
"0-3 Months","marginal_new_reef",7,0.00614915582697254,72,0.505361044186012,49.4668239531073,74.4267926620215,99.3868059113215
"0-3 Months","marginal_new_reef",8,0.0063223136565312,72,0.505361044186012,49.4668239531073,74.4267926620215,99.3868059113215
"0-3 Months","marginal_new_reef",9,0.00650034754302858,72,0.505361044186012,49.4668239531073,74.4267926620215,99.3868059113215
"0-3 Months","marginal_new_reef",10,0.00668339479432615,72,0.505361044186012,49.4668239531073,74.4267926620215,99.3868059113215
"0-3 Months","marginal_new_reef",11,0.00687159658482117,72,0.505361044186012,49.4668239531073,74.4267926620215,99.3868059113215
"0-3 Months","marginal_new_reef",12,0.00706509806432687,72,0.505361044186012,49.4668239531073,74.4267926620215,99.3868059113215
"0-3 Months","marginal_new_reef",13,0.0072640484700186,72,0.505361044186012,49.4668239531073,74.4267926620215,99.3868059113215
"0-3 Months","marginal_new_reef",14,0.00746860124153237,72,0.505361044186012,49.4668239531073,74.4267926620215,99.3868059113215
"0-3 Months","marginal_new_reef",15,0.00767891413930447,72,0.505361044186012,49.4668239531073,74.4267926620215,99.3868059113215
"0-3 Months","marginal_new_reef",16,0.00789514936624356,72,0.505361044186012,49.4668239531073,74.4267926620215,99.3868059113215
"0-3 Months","marginal_new_reef",17,0.00811747369282892,72,0.505361044186012,49.4668239531073,74.4267926620215,99.3868059113215
"0-3 Months","marginal_new_reef",18,0.00834605858573148,72,0.505361044186012,49.4668239531073,74.4267926620215,99.3868059113215
"0-3 Months","marginal_new_reef",19,0.00858108034005676,72,0.505361044186012,49.4668239531073,74.4267926620215,99.3868059113215
"0-3 Months","marginal_new_reef",20,0.00882272021531167,72,0.505361044186012,49.4668239531073,74.4267926620215,99.3868059113215
"0-3 Months","marginal_new_reef",21,0.00907116457520014,72,0.505361044186012,49.4668239531073,74.4267926620215,99.3868059113215
"0-3 Months","marginal_new_reef",22,0.00932660503135529,72,0.505361044186012,49.4668239531073,74.4267926620215,99.3868059113215
"0-3 Months","marginal_new_reef",23,0.00958923859111912,72,0.505361044186012,49.4668239531073,74.4267926620215,99.3868059113215
"0-3 Months","marginal_new_reef",24,0.00985926780948352,72,0.505361044186012,49.4668239531073,74.4267926620215,99.3868059113215
"0-3 Months","marginal_new_reef",25,0.0101369009453099,72,0.505361044186012,49.4668239531073,74.4267926620215,99.3868059113215
"0-3 Months","marginal_new_reef",26,0.0104223521219481,72,0.505361044186012,49.4668239531073,74.4267926620215,99.3868059113215
"0-3 Months","marginal_new_reef",27,0.0107158414923779,72,0.505361044186012,49.4668239531073,74.4267926620215,99.3868059113215
"0-3 Months","marginal_new_reef",28,0.011017595409001,72,0.505361044186012,49.4668239531073,74.4267926620215,99.3868059113215
"0-3 Months","marginal_new_reef",29,0.0113278465982146,72,0.505361044186012,49.4668239531073,74.4267926620215,99.3868059113215
"0-3 Months","marginal_new_reef",30,0.0116468343399004,72,0.505361044186012,49.4668239531073,74.4267926620215,99.3868059113215
"0-3 Months","marginal_new_reef",31,0.0119748046519683,72,0.505361044186012,49.4668239531073,74.4267926620215,99.3868059113215
"0-3 Months","marginal_new_reef",32,0.0123120104800965,72,0.505361044186012,49.4668239531073,74.4267926620215,99.3868059113215
"0-3 Months","marginal_new_reef",33,0.0126587118928149,72,0.505361044186012,49.4668239531073,74.4267926620215,99.3868059113215
"0-3 Months","marginal_new_reef",34,0.0130151762820817,72,0.505361044186012,49.4668239531073,74.4267926620215,99.3868059113215
"0-3 Months","marginal_new_reef",35,0.0133816785695083,72,0.505361044186012,49.4668239531073,74.4267926620215,99.3868059113215
"0-3 Months","marginal_new_reef",36,0.0137585014183917,72,0.505361044186012,49.4668239531073,74.4267926620215,99.3868059113215
"0-3 Months","marginal_new_reef",37,0.0141459354517168,72,0.505361044186012,49.4668239531073,74.4267926620215,99.3868059113215
"0-3 Months","marginal_new_reef",38,0.0145442794762985,72,0.505361044186012,49.4668239531073,74.4267926620215,99.3868059113215
"0-3 Months","marginal_new_reef",39,0.014953840713235,72,0.505361044186012,49.4668239531073,74.4267926620215,99.3868059113215
"0-3 Months","marginal_new_reef",40,0.0153749350348509,72,0.505361044186012,49.4668239531073,74.4267926620215,99.3868059113215
"0-3 Months","marginal_new_reef",41,0.0158078872083122,72,0.505361044186012,49.4668239531073,74.4267926620215,99.3868059113215
"0-3 Months","marginal_new_reef",42,0.0162530311461016,72,0.505361044186012,49.4668239531073,74.4267926620215,99.3868059113215
"0-3 Months","marginal_new_reef",43,0.0167107101635472,72,0.505361044186012,49.4668239531073,74.4267926620215,99.3868059113215
"0-3 Months","marginal_new_reef",44,0.0171812772436025,72,0.505361044186012,49.4668239531073,74.4267926620215,99.3868059113215
"0-3 Months","marginal_new_reef",45,0.0176650953090836,72,0.505361044186012,49.4668239531073,74.4267926620215,99.3868059113215
"0-3 Months","marginal_new_reef",46,0.0181625375025714,72,0.505361044186012,49.4668239531073,74.4267926620215,99.3868059113215
"0-3 Months","marginal_new_reef",47,0.0186739874741964,72,0.505361044186012,49.4668239531073,74.4267926620215,99.3868059113215
"0-3 Months","marginal_new_reef",48,0.0191998396775271,72,0.505361044186012,49.4668239531073,74.4267926620215,99.3868059113215
"0-3 Months","marginal_new_reef",49,0.0197404996737906,72,0.505361044186012,49.4668239531073,74.4267926620215,99.3868059113215
"0-3 Months","marginal_new_reef",50,0.02029638444466,72,0.505361044186012,49.4668239531073,74.4267926620215,99.3868059113215
"0-3 Months","marginal_new_reef",51,0.0208679227138496,72,0.505361044186012,49.4668239531073,74.4267926620215,99.3868059113215
"0-3 Months","marginal_new_reef",52,0.0214555552777665,72,0.505361044186012,49.4668239531073,74.4267926620215,99.3868059113215
"0-3 Months","marginal_new_reef",53,0.0220597353454722,72,0.505361044186012,49.4668239531073,74.4267926620215,99.3868059113215
"0-3 Months","marginal_new_reef",54,0.0226809288882192,72,0.505361044186012,49.4668239531073,74.4267926620215,99.3868059113215
"0-3 Months","marginal_new_reef",55,0.0233196149988283,72,0.505361044186012,49.4668239531073,74.4267926620215,99.3868059113215
"0-3 Months","marginal_new_reef",56,0.0239762862611873,72,0.505361044186012,49.4668239531073,74.4267926620215,99.3868059113215
"0-3 Months","marginal_new_reef",57,0.0246514491301543,72,0.505361044186012,49.4668239531073,74.4267926620215,99.3868059113215
"0-3 Months","marginal_new_reef",58,0.0253456243221587,72,0.505361044186012,49.4668239531073,74.4267926620215,99.3868059113215
"0-3 Months","marginal_new_reef",59,0.0260593472168011,72,0.505361044186012,49.4668239531073,74.4267926620215,99.3868059113215
"0-3 Months","marginal_new_reef",60,0.0267931682697631,72,0.505361044186012,49.4668239531073,74.4267926620215,99.3868059113215
"0-3 Months","marginal_new_reef",61,0.0275476534373436,72,0.505361044186012,49.4668239531073,74.4267926620215,99.3868059113215
"0-3 Months","marginal_new_reef",62,0.02832338461295,72,0.505361044186012,49.4668239531073,74.4267926620215,99.3868059113215
"0-3 Months","marginal_new_reef",63,0.0291209600758811,72,0.505361044186012,49.4668239531073,74.4267926620215,99.3868059113215
"0-3 Months","marginal_new_reef",64,0.0299409949527475,72,0.505361044186012,49.4668239531073,74.4267926620215,99.3868059113215
"0-3 Months","marginal_new_reef",65,0.0307841216918851,72,0.505361044186012,49.4668239531073,74.4267926620215,99.3868059113215
"0-3 Months","marginal_new_reef",66,0.0316509905511283,72,0.505361044186012,49.4668239531073,74.4267926620215,99.3868059113215
"0-3 Months","marginal_new_reef",67,0.0325422700993184,72,0.505361044186012,49.4668239531073,74.4267926620215,99.3868059113215
"0-3 Months","marginal_new_reef",68,0.0334586477319346,72,0.505361044186012,49.4668239531073,74.4267926620215,99.3868059113215
"0-3 Months","marginal_new_reef",69,0.0344008302012447,72,0.505361044186012,49.4668239531073,74.4267926620215,99.3868059113215
"0-3 Months","marginal_new_reef",70,0.0353695441613845,72,0.505361044186012,49.4668239531073,74.4267926620215,99.3868059113215
"0-3 Months","marginal_new_reef",71,0.036365536728787,72,0.505361044186012,49.4668239531073,74.4267926620215,99.3868059113215
"0-3 Months","marginal_new_reef",72,0.0373895760583924,72,0.505361044186012,49.4668239531073,74.4267926620215,99.3868059113215
"0-3 Months","marginal_new_reef",73,0.0384424519360845,72,0.505361044186012,49.4668239531073,74.4267926620215,99.3868059113215
"0-3 Months","marginal_new_reef",74,0.0395249763878095,72,0.505361044186012,49.4668239531073,74.4267926620215,99.3868059113215
"0-3 Months","marginal_new_reef",75,0.0406379843058476,72,0.505361044186012,49.4668239531073,74.4267926620215,99.3868059113215
"0-3 Months","marginal_new_reef",76,0.0417823340927196,72,0.505361044186012,49.4668239531073,74.4267926620215,99.3868059113215
"0-3 Months","marginal_new_reef",77,0.042958908323227,72,0.505361044186012,49.4668239531073,74.4267926620215,99.3868059113215
"0-3 Months","marginal_new_reef",78,0.0441686144251329,72,0.505361044186012,49.4668239531073,74.4267926620215,99.3868059113215
"0-3 Months","marginal_new_reef",79,0.0454123853790127,72,0.505361044186012,49.4668239531073,74.4267926620215,99.3868059113215
"0-3 Months","marginal_new_reef",80,0.0466911804378105,72,0.505361044186012,49.4668239531073,74.4267926620215,99.3868059113215
"0-3 Months","marginal_new_reef",81,0.0480059858666597,72,0.505361044186012,49.4668239531073,74.4267926620215,99.3868059113215
"0-3 Months","marginal_new_reef",82,0.0493578157035345,72,0.505361044186012,49.4668239531073,74.4267926620215,99.3868059113215
"0-3 Months","marginal_new_reef",83,0.0507477125413233,72,0.505361044186012,49.4668239531073,74.4267926620215,99.3868059113215
"0-3 Months","marginal_new_reef",84,0.0521767483319236,72,0.505361044186012,49.4668239531073,74.4267926620215,99.3868059113215
"0-3 Months","marginal_new_reef",85,0.05364602521298,72,0.505361044186012,49.4668239531073,74.4267926620215,99.3868059113215
"0-3 Months","marginal_new_reef",86,0.0551566763579034,72,0.505361044186012,49.4668239531073,74.4267926620215,99.3868059113215
"0-3 Months","marginal_new_reef",87,0.0567098668498259,72,0.505361044186012,49.4668239531073,74.4267926620215,99.3868059113215
"0-3 Months","marginal_new_reef",88,0.0583067945801661,72,0.505361044186012,49.4668239531073,74.4267926620215,99.3868059113215
"0-3 Months","marginal_new_reef",89,0.059948691172498,72,0.505361044186012,49.4668239531073,74.4267926620215,99.3868059113215
"0-3 Months","marginal_new_reef",90,0.0616368229324347,72,0.505361044186012,49.4668239531073,74.4267926620215,99.3868059113215
"0-3 Months","marginal_new_reef",91,0.0633724918242613,72,0.505361044186012,49.4668239531073,74.4267926620215,99.3868059113215
"0-3 Months","marginal_new_reef",92,0.06515703647507,72,0.505361044186012,49.4668239531073,74.4267926620215,99.3868059113215
"0-3 Months","marginal_new_reef",93,0.066991833207169,72,0.505361044186012,49.4668239531073,74.4267926620215,99.3868059113215
"0-3 Months","marginal_new_reef",94,0.0688782970995664,72,0.505361044186012,49.4668239531073,74.4267926620215,99.3868059113215
"0-3 Months","marginal_new_reef",95,0.0708178830793429,72,0.505361044186012,49.4668239531073,74.4267926620215,99.3868059113215
"0-3 Months","marginal_new_reef",96,0.0728120870437584,72,0.505361044186012,49.4668239531073,74.4267926620215,99.3868059113215
"0-3 Months","marginal_new_reef",97,0.0748624470139562,72,0.505361044186012,49.4668239531073,74.4267926620215,99.3868059113215
"0-3 Months","marginal_new_reef",98,0.076970544321155,72,0.505361044186012,49.4668239531073,74.4267926620215,99.3868059113215
"0-3 Months","marginal_new_reef",99,0.0791380048262436,72,0.505361044186012,49.4668239531073,74.4267926620215,99.3868059113215
"0-3 Months","marginal_new_reef",100,0.0813665001737199,72,0.505361044186012,49.4668239531073,74.4267926620215,99.3868059113215
"3-6 Months","conditional_typical_reef",0,0.00818710120940099,53,0.896002323752482,56.3305696134242,NA,NA
"3-6 Months","conditional_typical_reef",1,0.00831794564573705,53,0.896002323752482,56.3305696134242,NA,NA
"3-6 Months","conditional_typical_reef",2,0.00845088120884463,53,0.896002323752482,56.3305696134242,NA,NA
"3-6 Months","conditional_typical_reef",3,0.00858594131864816,53,0.896002323752482,56.3305696134242,NA,NA
"3-6 Months","conditional_typical_reef",4,0.00872315992918189,53,0.896002323752482,56.3305696134242,NA,NA
"3-6 Months","conditional_typical_reef",5,0.00886257153712592,53,0.896002323752482,56.3305696134242,NA,NA
"3-6 Months","conditional_typical_reef",6,0.00900421119047865,53,0.896002323752482,56.3305696134242,NA,NA
"3-6 Months","conditional_typical_reef",7,0.00914811449736781,53,0.896002323752482,56.3305696134242,NA,NA
"3-6 Months","conditional_typical_reef",8,0.00929431763500233,53,0.896002323752482,56.3305696134242,NA,NA
"3-6 Months","conditional_typical_reef",9,0.00944285735876729,53,0.896002323752482,56.3305696134242,NA,NA
"3-6 Months","conditional_typical_reef",10,0.00959377101146417,53,0.896002323752482,56.3305696134242,NA,NA
"3-6 Months","conditional_typical_reef",11,0.00974709653269883,53,0.896002323752482,56.3305696134242,NA,NA
"3-6 Months","conditional_typical_reef",12,0.00990287246841949,53,0.896002323752482,56.3305696134242,NA,NA
"3-6 Months","conditional_typical_reef",13,0.0100611379806072,53,0.896002323752482,56.3305696134242,NA,NA
"3-6 Months","conditional_typical_reef",14,0.010221932857121,53,0.896002323752482,56.3305696134242,NA,NA
"3-6 Months","conditional_typical_reef",15,0.0103852975217008,53,0.896002323752482,56.3305696134242,NA,NA
"3-6 Months","conditional_typical_reef",16,0.0105512730441298,53,0.896002323752482,56.3305696134242,NA,NA
"3-6 Months","conditional_typical_reef",17,0.0107199011505592,53,0.896002323752482,56.3305696134242,NA,NA
"3-6 Months","conditional_typical_reef",18,0.0108912242339984,53,0.896002323752482,56.3305696134242,NA,NA
"3-6 Months","conditional_typical_reef",19,0.0110652853649724,53,0.896002323752482,56.3305696134242,NA,NA
"3-6 Months","conditional_typical_reef",20,0.0112421283023499,53,0.896002323752482,56.3305696134242,NA,NA
"3-6 Months","conditional_typical_reef",21,0.0114217975043441,53,0.896002323752482,56.3305696134242,NA,NA
"3-6 Months","conditional_typical_reef",22,0.0116043381396894,53,0.896002323752482,56.3305696134242,NA,NA
"3-6 Months","conditional_typical_reef",23,0.0117897960989971,53,0.896002323752482,56.3305696134242,NA,NA
"3-6 Months","conditional_typical_reef",24,0.0119782180062918,53,0.896002323752482,56.3305696134242,NA,NA
"3-6 Months","conditional_typical_reef",25,0.0121696512307332,53,0.896002323752482,56.3305696134242,NA,NA
"3-6 Months","conditional_typical_reef",26,0.0123641438985243,53,0.896002323752482,56.3305696134242,NA,NA
"3-6 Months","conditional_typical_reef",27,0.0125617449050103,53,0.896002323752482,56.3305696134242,NA,NA
"3-6 Months","conditional_typical_reef",28,0.0127625039269711,53,0.896002323752482,56.3305696134242,NA,NA
"3-6 Months","conditional_typical_reef",29,0.0129664714351098,53,0.896002323752482,56.3305696134242,NA,NA
"3-6 Months","conditional_typical_reef",30,0.0131736987067413,53,0.896002323752482,56.3305696134242,NA,NA
"3-6 Months","conditional_typical_reef",31,0.0133842378386828,53,0.896002323752482,56.3305696134242,NA,NA
"3-6 Months","conditional_typical_reef",32,0.0135981417603516,53,0.896002323752482,56.3305696134242,NA,NA
"3-6 Months","conditional_typical_reef",33,0.0138154642470711,53,0.896002323752482,56.3305696134242,NA,NA
"3-6 Months","conditional_typical_reef",34,0.0140362599335899,53,0.896002323752482,56.3305696134242,NA,NA
"3-6 Months","conditional_typical_reef",35,0.0142605843278173,53,0.896002323752482,56.3305696134242,NA,NA
"3-6 Months","conditional_typical_reef",36,0.0144884938247774,53,0.896002323752482,56.3305696134242,NA,NA
"3-6 Months","conditional_typical_reef",37,0.0147200457207873,53,0.896002323752482,56.3305696134242,NA,NA
"3-6 Months","conditional_typical_reef",38,0.0149552982278609,53,0.896002323752482,56.3305696134242,NA,NA
"3-6 Months","conditional_typical_reef",39,0.015194310488344,53,0.896002323752482,56.3305696134242,NA,NA
"3-6 Months","conditional_typical_reef",40,0.0154371425897817,53,0.896002323752482,56.3305696134242,NA,NA
"3-6 Months","conditional_typical_reef",41,0.0156838555800255,53,0.896002323752482,56.3305696134242,NA,NA
"3-6 Months","conditional_typical_reef",42,0.0159345114825796,53,0.896002323752482,56.3305696134242,NA,NA
"3-6 Months","conditional_typical_reef",43,0.0161891733121945,53,0.896002323752482,56.3305696134242,NA,NA
"3-6 Months","conditional_typical_reef",44,0.0164479050907083,53,0.896002323752482,56.3305696134242,NA,NA
"3-6 Months","conditional_typical_reef",45,0.016710771863142,53,0.896002323752482,56.3305696134242,NA,NA
"3-6 Months","conditional_typical_reef",46,0.0169778397140515,53,0.896002323752482,56.3305696134242,NA,NA
"3-6 Months","conditional_typical_reef",47,0.0172491757841416,53,0.896002323752482,56.3305696134242,NA,NA
"3-6 Months","conditional_typical_reef",48,0.017524848287145,53,0.896002323752482,56.3305696134242,NA,NA
"3-6 Months","conditional_typical_reef",49,0.017804926526971,53,0.896002323752482,56.3305696134242,NA,NA
"3-6 Months","conditional_typical_reef",50,0.0180894809151288,53,0.896002323752482,56.3305696134242,NA,NA
"3-6 Months","conditional_typical_reef",51,0.0183785829884284,53,0.896002323752482,56.3305696134242,NA,NA
"3-6 Months","conditional_typical_reef",52,0.0186723054269657,53,0.896002323752482,56.3305696134242,NA,NA
"3-6 Months","conditional_typical_reef",53,0.0189707220723933,53,0.896002323752482,56.3305696134242,NA,NA
"3-6 Months","conditional_typical_reef",54,0.0192739079464851,53,0.896002323752482,56.3305696134242,NA,NA
"3-6 Months","conditional_typical_reef",55,0.0195819392699962,53,0.896002323752482,56.3305696134242,NA,NA
"3-6 Months","conditional_typical_reef",56,0.0198948934818249,53,0.896002323752482,56.3305696134242,NA,NA
"3-6 Months","conditional_typical_reef",57,0.0202128492584808,53,0.896002323752482,56.3305696134242,NA,NA
"3-6 Months","conditional_typical_reef",58,0.020535886533864,53,0.896002323752482,56.3305696134242,NA,NA
"3-6 Months","conditional_typical_reef",59,0.0208640865193606,53,0.896002323752482,56.3305696134242,NA,NA
"3-6 Months","conditional_typical_reef",60,0.021197531724259,53,0.896002323752482,56.3305696134242,NA,NA
"3-6 Months","conditional_typical_reef",61,0.0215363059764927,53,0.896002323752482,56.3305696134242,NA,NA
"3-6 Months","conditional_typical_reef",62,0.0218804944437147,53,0.896002323752482,56.3305696134242,NA,NA
"3-6 Months","conditional_typical_reef",63,0.0222301836547085,53,0.896002323752482,56.3305696134242,NA,NA
"3-6 Months","conditional_typical_reef",64,0.0225854615211416,53,0.896002323752482,56.3305696134242,NA,NA
"3-6 Months","conditional_typical_reef",65,0.022946417359666,53,0.896002323752482,56.3305696134242,NA,NA
"3-6 Months","conditional_typical_reef",66,0.0233131419143729,53,0.896002323752482,56.3305696134242,NA,NA
"3-6 Months","conditional_typical_reef",67,0.0236857273796052,53,0.896002323752482,56.3305696134242,NA,NA
"3-6 Months","conditional_typical_reef",68,0.0240642674231355,53,0.896002323752482,56.3305696134242,NA,NA
"3-6 Months","conditional_typical_reef",69,0.0244488572097141,53,0.896002323752482,56.3305696134242,NA,NA
"3-6 Months","conditional_typical_reef",70,0.0248395934249929,53,0.896002323752482,56.3305696134242,NA,NA
"3-6 Months","conditional_typical_reef",71,0.0252365742998327,53,0.896002323752482,56.3305696134242,NA,NA
"3-6 Months","conditional_typical_reef",72,0.0256398996349981,53,0.896002323752482,56.3305696134242,NA,NA
"3-6 Months","conditional_typical_reef",73,0.0260496708262474,53,0.896002323752482,56.3305696134242,NA,NA
"3-6 Months","conditional_typical_reef",74,0.0264659908898233,53,0.896002323752482,56.3305696134242,NA,NA
"3-6 Months","conditional_typical_reef",75,0.0268889644883514,53,0.896002323752482,56.3305696134242,NA,NA
"3-6 Months","conditional_typical_reef",76,0.0273186979571521,53,0.896002323752482,56.3305696134242,NA,NA
"3-6 Months","conditional_typical_reef",77,0.0277552993309735,53,0.896002323752482,56.3305696134242,NA,NA
"3-6 Months","conditional_typical_reef",78,0.0281988783711507,53,0.896002323752482,56.3305696134242,NA,NA
"3-6 Months","conditional_typical_reef",79,0.0286495465932005,53,0.896002323752482,56.3305696134242,NA,NA
"3-6 Months","conditional_typical_reef",80,0.0291074172948557,53,0.896002323752482,56.3305696134242,NA,NA
"3-6 Months","conditional_typical_reef",81,0.0295726055845486,53,0.896002323752482,56.3305696134242,NA,NA
"3-6 Months","conditional_typical_reef",82,0.0300452284103488,53,0.896002323752482,56.3305696134242,NA,NA
"3-6 Months","conditional_typical_reef",83,0.0305254045893639,53,0.896002323752482,56.3305696134242,NA,NA
"3-6 Months","conditional_typical_reef",84,0.0310132548376104,53,0.896002323752482,56.3305696134242,NA,NA
"3-6 Months","conditional_typical_reef",85,0.0315089018003613,53,0.896002323752482,56.3305696134242,NA,NA
"3-6 Months","conditional_typical_reef",86,0.0320124700829792,53,0.896002323752482,56.3305696134242,NA,NA
"3-6 Months","conditional_typical_reef",87,0.0325240862822418,53,0.896002323752482,56.3305696134242,NA,NA
"3-6 Months","conditional_typical_reef",88,0.0330438790181688,53,0.896002323752482,56.3305696134242,NA,NA
"3-6 Months","conditional_typical_reef",89,0.0335719789663561,53,0.896002323752482,56.3305696134242,NA,NA
"3-6 Months","conditional_typical_reef",90,0.0341085188908284,53,0.896002323752482,56.3305696134242,NA,NA
"3-6 Months","conditional_typical_reef",91,0.0346536336774153,53,0.896002323752482,56.3305696134242,NA,NA
"3-6 Months","conditional_typical_reef",92,0.0352074603676621,53,0.896002323752482,56.3305696134242,NA,NA
"3-6 Months","conditional_typical_reef",93,0.0357701381932814,53,0.896002323752482,56.3305696134242,NA,NA
"3-6 Months","conditional_typical_reef",94,0.0363418086111564,53,0.896002323752482,56.3305696134242,NA,NA
"3-6 Months","conditional_typical_reef",95,0.0369226153389027,53,0.896002323752482,56.3305696134242,NA,NA
"3-6 Months","conditional_typical_reef",96,0.0375127043909989,53,0.896002323752482,56.3305696134242,NA,NA
"3-6 Months","conditional_typical_reef",97,0.0381122241154951,53,0.896002323752482,56.3305696134242,NA,NA
"3-6 Months","conditional_typical_reef",98,0.0387213252313062,53,0.896002323752482,56.3305696134242,NA,NA
"3-6 Months","conditional_typical_reef",99,0.0393401608661043,53,0.896002323752482,56.3305696134242,NA,NA
"3-6 Months","conditional_typical_reef",100,0.0399688865948134,53,0.896002323752482,56.3305696134242,NA,NA
"3-6 Months","marginal_new_reef",0,0.0122309542819051,53,0.896002323752482,31.0152978877852,74.7306114258638,NA
"3-6 Months","marginal_new_reef",1,0.0124264266814683,53,0.896002323752482,31.0152978877852,74.7306114258638,NA
"3-6 Months","marginal_new_reef",2,0.0126250230775823,53,0.896002323752482,31.0152978877852,74.7306114258638,NA
"3-6 Months","marginal_new_reef",3,0.0128267933972676,53,0.896002323752482,31.0152978877852,74.7306114258638,NA
"3-6 Months","marginal_new_reef",4,0.0130317883654667,53,0.896002323752482,31.0152978877852,74.7306114258638,NA
"3-6 Months","marginal_new_reef",5,0.0132400595177975,53,0.896002323752482,31.0152978877852,74.7306114258638,NA
"3-6 Months","marginal_new_reef",6,0.0134516592135082,53,0.896002323752482,31.0152978877852,74.7306114258638,NA
"3-6 Months","marginal_new_reef",7,0.0136666406486412,53,0.896002323752482,31.0152978877852,74.7306114258638,NA
"3-6 Months","marginal_new_reef",8,0.0138850578694062,53,0.896002323752482,31.0152978877852,74.7306114258638,NA
"3-6 Months","marginal_new_reef",9,0.0141069657857673,53,0.896002323752482,31.0152978877852,74.7306114258638,NA
"3-6 Months","marginal_new_reef",10,0.0143324201852477,53,0.896002323752482,31.0152978877852,74.7306114258638,NA
"3-6 Months","marginal_new_reef",11,0.0145614777469543,53,0.896002323752482,31.0152978877852,74.7306114258638,NA
"3-6 Months","marginal_new_reef",12,0.0147941960558269,53,0.896002323752482,31.0152978877852,74.7306114258638,NA
"3-6 Months","marginal_new_reef",13,0.015030633617115,53,0.896002323752482,31.0152978877852,74.7306114258638,NA
"3-6 Months","marginal_new_reef",14,0.0152708498710862,53,0.896002323752482,31.0152978877852,74.7306114258638,NA
"3-6 Months","marginal_new_reef",15,0.0155149052079691,53,0.896002323752482,31.0152978877852,74.7306114258638,NA
"3-6 Months","marginal_new_reef",16,0.0157628609831357,53,0.896002323752482,31.0152978877852,74.7306114258638,NA
"3-6 Months","marginal_new_reef",17,0.0160147795325258,53,0.896002323752482,31.0152978877852,74.7306114258638,NA
"3-6 Months","marginal_new_reef",18,0.0162707241883184,53,0.896002323752482,31.0152978877852,74.7306114258638,NA
"3-6 Months","marginal_new_reef",19,0.0165307592948535,53,0.896002323752482,31.0152978877852,74.7306114258638,NA
"3-6 Months","marginal_new_reef",20,0.0167949502248078,53,0.896002323752482,31.0152978877852,74.7306114258638,NA
"3-6 Months","marginal_new_reef",21,0.01706336339563,53,0.896002323752482,31.0152978877852,74.7306114258638,NA
"3-6 Months","marginal_new_reef",22,0.0173360662862374,53,0.896002323752482,31.0152978877852,74.7306114258638,NA
"3-6 Months","marginal_new_reef",23,0.0176131274539804,53,0.896002323752482,31.0152978877852,74.7306114258638,NA
"3-6 Months","marginal_new_reef",24,0.0178946165518781,53,0.896002323752482,31.0152978877852,74.7306114258638,NA
"3-6 Months","marginal_new_reef",25,0.0181806043461284,53,0.896002323752482,31.0152978877852,74.7306114258638,NA
"3-6 Months","marginal_new_reef",26,0.018471162733899,53,0.896002323752482,31.0152978877852,74.7306114258638,NA
"3-6 Months","marginal_new_reef",27,0.0187663647614021,53,0.896002323752482,31.0152978877852,74.7306114258638,NA
"3-6 Months","marginal_new_reef",28,0.0190662846422585,53,0.896002323752482,31.0152978877852,74.7306114258638,NA
"3-6 Months","marginal_new_reef",29,0.0193709977761544,53,0.896002323752482,31.0152978877852,74.7306114258638,NA
"3-6 Months","marginal_new_reef",30,0.0196805807677971,53,0.896002323752482,31.0152978877852,74.7306114258638,NA
"3-6 Months","marginal_new_reef",31,0.0199951114461734,53,0.896002323752482,31.0152978877852,74.7306114258638,NA
"3-6 Months","marginal_new_reef",32,0.0203146688841158,53,0.896002323752482,31.0152978877852,74.7306114258638,NA
"3-6 Months","marginal_new_reef",33,0.0206393334181811,53,0.896002323752482,31.0152978877852,74.7306114258638,NA
"3-6 Months","marginal_new_reef",34,0.0209691866688473,53,0.896002323752482,31.0152978877852,74.7306114258638,NA
"3-6 Months","marginal_new_reef",35,0.0213043115610327,53,0.896002323752482,31.0152978877852,74.7306114258638,NA
"3-6 Months","marginal_new_reef",36,0.0216447923449431,53,0.896002323752482,31.0152978877852,74.7306114258638,NA
"3-6 Months","marginal_new_reef",37,0.0219907146172528,53,0.896002323752482,31.0152978877852,74.7306114258638,NA
"3-6 Months","marginal_new_reef",38,0.0223421653426228,53,0.896002323752482,31.0152978877852,74.7306114258638,NA
"3-6 Months","marginal_new_reef",39,0.0226992328755642,53,0.896002323752482,31.0152978877852,74.7306114258638,NA
"3-6 Months","marginal_new_reef",40,0.0230620069826503,53,0.896002323752482,31.0152978877852,74.7306114258638,NA
"3-6 Months","marginal_new_reef",41,0.0234305788650839,53,0.896002323752482,31.0152978877852,74.7306114258638,NA
"3-6 Months","marginal_new_reef",42,0.0238050411816251,53,0.896002323752482,31.0152978877852,74.7306114258638,NA
"3-6 Months","marginal_new_reef",43,0.0241854880718858,53,0.896002323752482,31.0152978877852,74.7306114258638,NA
"3-6 Months","marginal_new_reef",44,0.0245720151799964,53,0.896002323752482,31.0152978877852,74.7306114258638,NA
"3-6 Months","marginal_new_reef",45,0.0249647196786505,53,0.896002323752482,31.0152978877852,74.7306114258638,NA
"3-6 Months","marginal_new_reef",46,0.0253637002935341,53,0.896002323752482,31.0152978877852,74.7306114258638,NA
"3-6 Months","marginal_new_reef",47,0.0257690573281452,53,0.896002323752482,31.0152978877852,74.7306114258638,NA
"3-6 Months","marginal_new_reef",48,0.0261808926890103,53,0.896002323752482,31.0152978877852,74.7306114258638,NA
"3-6 Months","marginal_new_reef",49,0.0265993099113032,53,0.896002323752482,31.0152978877852,74.7306114258638,NA
"3-6 Months","marginal_new_reef",50,0.027024414184874,53,0.896002323752482,31.0152978877852,74.7306114258638,NA
"3-6 Months","marginal_new_reef",51,0.0274563123806935,53,0.896002323752482,31.0152978877852,74.7306114258638,NA
"3-6 Months","marginal_new_reef",52,0.0278951130777209,53,0.896002323752482,31.0152978877852,74.7306114258638,NA
"3-6 Months","marginal_new_reef",53,0.0283409265902,53,0.896002323752482,31.0152978877852,74.7306114258638,NA
"3-6 Months","marginal_new_reef",54,0.0287938649953926,53,0.896002323752482,31.0152978877852,74.7306114258638,NA
"3-6 Months","marginal_new_reef",55,0.0292540421617543,53,0.896002323752482,31.0152978877852,74.7306114258638,NA
"3-6 Months","marginal_new_reef",56,0.0297215737775612,53,0.896002323752482,31.0152978877852,74.7306114258638,NA
"3-6 Months","marginal_new_reef",57,0.0301965773799938,53,0.896002323752482,31.0152978877852,74.7306114258638,NA
"3-6 Months","marginal_new_reef",58,0.0306791723846856,53,0.896002323752482,31.0152978877852,74.7306114258638,NA
"3-6 Months","marginal_new_reef",59,0.0311694801157446,53,0.896002323752482,31.0152978877852,74.7306114258638,NA
"3-6 Months","marginal_new_reef",60,0.0316676238362533,53,0.896002323752482,31.0152978877852,74.7306114258638,NA
"3-6 Months","marginal_new_reef",61,0.032173728779258,53,0.896002323752482,31.0152978877852,74.7306114258638,NA
"3-6 Months","marginal_new_reef",62,0.0326879221792513,53,0.896002323752482,31.0152978877852,74.7306114258638,NA
"3-6 Months","marginal_new_reef",63,0.0332103333041596,53,0.896002323752482,31.0152978877852,74.7306114258638,NA
"3-6 Months","marginal_new_reef",64,0.0337410934878404,53,0.896002323752482,31.0152978877852,74.7306114258638,NA
"3-6 Months","marginal_new_reef",65,0.0342803361631001,53,0.896002323752482,31.0152978877852,74.7306114258638,NA
"3-6 Months","marginal_new_reef",66,0.0348281968952382,53,0.896002323752482,31.0152978877852,74.7306114258638,NA
"3-6 Months","marginal_new_reef",67,0.0353848134161292,53,0.896002323752482,31.0152978877852,74.7306114258638,NA
"3-6 Months","marginal_new_reef",68,0.0359503256588475,53,0.896002323752482,31.0152978877852,74.7306114258638,NA
"3-6 Months","marginal_new_reef",69,0.0365248757928471,53,0.896002323752482,31.0152978877852,74.7306114258638,NA
"3-6 Months","marginal_new_reef",70,0.0371086082597026,53,0.896002323752482,31.0152978877852,74.7306114258638,NA
"3-6 Months","marginal_new_reef",71,0.037701669809422,53,0.896002323752482,31.0152978877852,74.7306114258638,NA
"3-6 Months","marginal_new_reef",72,0.0383042095373391,53,0.896002323752482,31.0152978877852,74.7306114258638,NA
"3-6 Months","marginal_new_reef",73,0.0389163789215964,53,0.896002323752482,31.0152978877852,74.7306114258638,NA
"3-6 Months","marginal_new_reef",74,0.0395383318612266,53,0.896002323752482,31.0152978877852,74.7306114258638,NA
"3-6 Months","marginal_new_reef",75,0.0401702247148425,53,0.896002323752482,31.0152978877852,74.7306114258638,NA
"3-6 Months","marginal_new_reef",76,0.0408122163399455,53,0.896002323752482,31.0152978877852,74.7306114258638,NA
"3-6 Months","marginal_new_reef",77,0.0414644681328626,53,0.896002323752482,31.0152978877852,74.7306114258638,NA
"3-6 Months","marginal_new_reef",78,0.0421271440693209,53,0.896002323752482,31.0152978877852,74.7306114258638,NA
"3-6 Months","marginal_new_reef",79,0.0428004107456714,53,0.896002323752482,31.0152978877852,74.7306114258638,NA
"3-6 Months","marginal_new_reef",80,0.0434844374207709,53,0.896002323752482,31.0152978877852,74.7306114258638,NA
"3-6 Months","marginal_new_reef",81,0.0441793960585337,53,0.896002323752482,31.0152978877852,74.7306114258638,NA
"3-6 Months","marginal_new_reef",82,0.0448854613711633,53,0.896002323752482,31.0152978877852,74.7306114258638,NA
"3-6 Months","marginal_new_reef",83,0.0456028108630751,53,0.896002323752482,31.0152978877852,74.7306114258638,NA
"3-6 Months","marginal_new_reef",84,0.0463316248755204,53,0.896002323752482,31.0152978877852,74.7306114258638,NA
"3-6 Months","marginal_new_reef",85,0.0470720866319245,53,0.896002323752482,31.0152978877852,74.7306114258638,NA
"3-6 Months","marginal_new_reef",86,0.0478243822839489,53,0.896002323752482,31.0152978877852,74.7306114258638,NA
"3-6 Months","marginal_new_reef",87,0.0485887009582897,53,0.896002323752482,31.0152978877852,74.7306114258638,NA
"3-6 Months","marginal_new_reef",88,0.049365234804224,53,0.896002323752482,31.0152978877852,74.7306114258638,NA
"3-6 Months","marginal_new_reef",89,0.0501541790419157,53,0.896002323752482,31.0152978877852,74.7306114258638,NA
"3-6 Months","marginal_new_reef",90,0.0509557320114945,53,0.896002323752482,31.0152978877852,74.7306114258638,NA
"3-6 Months","marginal_new_reef",91,0.0517700952229178,53,0.896002323752482,31.0152978877852,74.7306114258638,NA
"3-6 Months","marginal_new_reef",92,0.0525974734066306,53,0.896002323752482,31.0152978877852,74.7306114258638,NA
"3-6 Months","marginal_new_reef",93,0.0534380745650344,53,0.896002323752482,31.0152978877852,74.7306114258638,NA
"3-6 Months","marginal_new_reef",94,0.054292110024779,53,0.896002323752482,31.0152978877852,74.7306114258638,NA
"3-6 Months","marginal_new_reef",95,0.0551597944898899,53,0.896002323752482,31.0152978877852,74.7306114258638,NA
"3-6 Months","marginal_new_reef",96,0.0560413460957445,53,0.896002323752482,31.0152978877852,74.7306114258638,NA
"3-6 Months","marginal_new_reef",97,0.056936986463912,53,0.896002323752482,31.0152978877852,74.7306114258638,NA
"3-6 Months","marginal_new_reef",98,0.0578469407578677,53,0.896002323752482,31.0152978877852,74.7306114258638,NA
"3-6 Months","marginal_new_reef",99,0.0587714377396001,53,0.896002323752482,31.0152978877852,74.7306114258638,NA
"3-6 Months","marginal_new_reef",100,0.0597107098271209,53,0.896002323752482,31.0152978877852,74.7306114258638,NA
"6-12 Months","conditional_typical_reef",0,0.00293626007885115,75,0.829326064977983,65.4248163259846,89.0653710036034,NA
"6-12 Months","conditional_typical_reef",1,0.00302363659611995,75,0.829326064977983,65.4248163259846,89.0653710036034,NA
"6-12 Months","conditional_typical_reef",2,0.00311361324265695,75,0.829326064977983,65.4248163259846,89.0653710036034,NA
"6-12 Months","conditional_typical_reef",3,0.00320626739248002,75,0.829326064977983,65.4248163259846,89.0653710036034,NA
"6-12 Months","conditional_typical_reef",4,0.0033016787220844,75,0.829326064977983,65.4248163259846,89.0653710036034,NA
"6-12 Months","conditional_typical_reef",5,0.00339992927895916,75,0.829326064977983,65.4248163259846,89.0653710036034,NA
"6-12 Months","conditional_typical_reef",6,0.00350110355214273,75,0.829326064977983,65.4248163259846,89.0653710036034,NA
"6-12 Months","conditional_typical_reef",7,0.00360528854487791,75,0.829326064977983,65.4248163259846,89.0653710036034,NA
"6-12 Months","conditional_typical_reef",8,0.00371257384942893,75,0.829326064977983,65.4248163259846,89.0653710036034,NA
"6-12 Months","conditional_typical_reef",9,0.00382305172412498,75,0.829326064977983,65.4248163259846,89.0653710036034,NA
"6-12 Months","conditional_typical_reef",10,0.0039368171726963,75,0.829326064977983,65.4248163259846,89.0653710036034,NA
"6-12 Months","conditional_typical_reef",11,0.00405396802597113,75,0.829326064977983,65.4248163259846,89.0653710036034,NA
"6-12 Months","conditional_typical_reef",12,0.00417460502600385,75,0.829326064977983,65.4248163259846,89.0653710036034,NA
"6-12 Months","conditional_typical_reef",13,0.00429883191270654,75,0.829326064977983,65.4248163259846,89.0653710036034,NA
"6-12 Months","conditional_typical_reef",14,0.00442675551305848,75,0.829326064977983,65.4248163259846,89.0653710036034,NA
"6-12 Months","conditional_typical_reef",15,0.00455848583297036,75,0.829326064977983,65.4248163259846,89.0653710036034,NA
"6-12 Months","conditional_typical_reef",16,0.00469413615188216,75,0.829326064977983,65.4248163259846,89.0653710036034,NA
"6-12 Months","conditional_typical_reef",17,0.00483382312017603,75,0.829326064977983,65.4248163259846,89.0653710036034,NA
"6-12 Months","conditional_typical_reef",18,0.00497766685948801,75,0.829326064977983,65.4248163259846,89.0653710036034,NA
"6-12 Months","conditional_typical_reef",19,0.00512579106600468,75,0.829326064977983,65.4248163259846,89.0653710036034,NA
"6-12 Months","conditional_typical_reef",20,0.00527832311683388,75,0.829326064977983,65.4248163259846,89.0653710036034,NA
"6-12 Months","conditional_typical_reef",21,0.00543539417954057,75,0.829326064977983,65.4248163259846,89.0653710036034,NA
"6-12 Months","conditional_typical_reef",22,0.00559713932494241,75,0.829326064977983,65.4248163259846,89.0653710036034,NA
"6-12 Months","conditional_typical_reef",23,0.00576369764326178,75,0.829326064977983,65.4248163259846,89.0653710036034,NA
"6-12 Months","conditional_typical_reef",24,0.00593521236373425,75,0.829326064977983,65.4248163259846,89.0653710036034,NA
"6-12 Months","conditional_typical_reef",25,0.00611183097777636,75,0.829326064977983,65.4248163259846,89.0653710036034,NA
"6-12 Months","conditional_typical_reef",26,0.00629370536581853,75,0.829326064977983,65.4248163259846,89.0653710036034,NA
"6-12 Months","conditional_typical_reef",27,0.0064809919279123,75,0.829326064977983,65.4248163259846,89.0653710036034,NA
"6-12 Months","conditional_typical_reef",28,0.00667385171822413,75,0.829326064977983,65.4248163259846,89.0653710036034,NA
"6-12 Months","conditional_typical_reef",29,0.0068724505835314,75,0.829326064977983,65.4248163259846,89.0653710036034,NA
"6-12 Months","conditional_typical_reef",30,0.00707695930583978,75,0.829326064977983,65.4248163259846,89.0653710036034,NA
"6-12 Months","conditional_typical_reef",31,0.00728755374924456,75,0.829326064977983,65.4248163259846,89.0653710036034,NA
"6-12 Months","conditional_typical_reef",32,0.00750441501116226,75,0.829326064977983,65.4248163259846,89.0653710036034,NA
"6-12 Months","conditional_typical_reef",33,0.0077277295780625,75,0.829326064977983,65.4248163259846,89.0653710036034,NA
"6-12 Months","conditional_typical_reef",34,0.00795768948583417,75,0.829326064977983,65.4248163259846,89.0653710036034,NA
"6-12 Months","conditional_typical_reef",35,0.0081944924849237,75,0.829326064977983,65.4248163259846,89.0653710036034,NA
"6-12 Months","conditional_typical_reef",36,0.00843834221038745,75,0.829326064977983,65.4248163259846,89.0653710036034,NA
"6-12 Months","conditional_typical_reef",37,0.00868944835700458,75,0.829326064977983,65.4248163259846,89.0653710036034,NA
"6-12 Months","conditional_typical_reef",38,0.00894802685960074,75,0.829326064977983,65.4248163259846,89.0653710036034,NA
"6-12 Months","conditional_typical_reef",39,0.00921430007873791,75,0.829326064977983,65.4248163259846,89.0653710036034,NA
"6-12 Months","conditional_typical_reef",40,0.00948849699192988,75,0.829326064977983,65.4248163259846,89.0653710036034,NA
"6-12 Months","conditional_typical_reef",41,0.00977085339054793,75,0.829326064977983,65.4248163259846,89.0653710036034,NA
"6-12 Months","conditional_typical_reef",42,0.0100616120825859,75,0.829326064977983,65.4248163259846,89.0653710036034,NA
"6-12 Months","conditional_typical_reef",43,0.0103610231014593,75,0.829326064977983,65.4248163259846,89.0653710036034,NA
"6-12 Months","conditional_typical_reef",44,0.0106693439210175,75,0.829326064977983,65.4248163259846,89.0653710036034,NA
"6-12 Months","conditional_typical_reef",45,0.0109868396769542,75,0.829326064977983,65.4248163259846,89.0653710036034,NA
"6-12 Months","conditional_typical_reef",46,0.0113137833948072,75,0.829326064977983,65.4248163259846,89.0653710036034,NA
"6-12 Months","conditional_typical_reef",47,0.0116504562247422,75,0.829326064977983,65.4248163259846,89.0653710036034,NA
"6-12 Months","conditional_typical_reef",48,0.0119971476833234,75,0.829326064977983,65.4248163259846,89.0653710036034,NA
"6-12 Months","conditional_typical_reef",49,0.012354155902479,75,0.829326064977983,65.4248163259846,89.0653710036034,NA
"6-12 Months","conditional_typical_reef",50,0.0127217878858749,75,0.829326064977983,65.4248163259846,89.0653710036034,NA
"6-12 Months","conditional_typical_reef",51,0.0131003597729181,75,0.829326064977983,65.4248163259846,89.0653710036034,NA
"6-12 Months","conditional_typical_reef",52,0.0134901971106153,75,0.829326064977983,65.4248163259846,89.0653710036034,NA
"6-12 Months","conditional_typical_reef",53,0.0138916351335225,75,0.829326064977983,65.4248163259846,89.0653710036034,NA
"6-12 Months","conditional_typical_reef",54,0.0143050190520244,75,0.829326064977983,65.4248163259846,89.0653710036034,NA
"6-12 Months","conditional_typical_reef",55,0.014730704349193,75,0.829326064977983,65.4248163259846,89.0653710036034,NA
"6-12 Months","conditional_typical_reef",56,0.0151690570864793,75,0.829326064977983,65.4248163259846,89.0653710036034,NA
"6-12 Months","conditional_typical_reef",57,0.0156204542185027,75,0.829326064977983,65.4248163259846,89.0653710036034,NA
"6-12 Months","conditional_typical_reef",58,0.0160852839172069,75,0.829326064977983,65.4248163259846,89.0653710036034,NA
"6-12 Months","conditional_typical_reef",59,0.0165639459056624,75,0.829326064977983,65.4248163259846,89.0653710036034,NA
"6-12 Months","conditional_typical_reef",60,0.0170568518018023,75,0.829326064977983,65.4248163259846,89.0653710036034,NA
"6-12 Months","conditional_typical_reef",61,0.0175644254723862,75,0.829326064977983,65.4248163259846,89.0653710036034,NA
"6-12 Months","conditional_typical_reef",62,0.0180871033974987,75,0.829326064977983,65.4248163259846,89.0653710036034,NA
"6-12 Months","conditional_typical_reef",63,0.018625335045893,75,0.829326064977983,65.4248163259846,89.0653710036034,NA
"6-12 Months","conditional_typical_reef",64,0.0191795832615046,75,0.829326064977983,65.4248163259846,89.0653710036034,NA
"6-12 Months","conditional_typical_reef",65,0.019750324661467,75,0.829326064977983,65.4248163259846,89.0653710036034,NA
"6-12 Months","conditional_typical_reef",66,0.0203380500459712,75,0.829326064977983,65.4248163259846,89.0653710036034,NA
"6-12 Months","conditional_typical_reef",67,0.0209432648203215,75,0.829326064977983,65.4248163259846,89.0653710036034,NA
"6-12 Months","conditional_typical_reef",68,0.021566489429551,75,0.829326064977983,65.4248163259846,89.0653710036034,NA
"6-12 Months","conditional_typical_reef",69,0.0222082598059701,75,0.829326064977983,65.4248163259846,89.0653710036034,NA
"6-12 Months","conditional_typical_reef",70,0.0228691278300334,75,0.829326064977983,65.4248163259846,89.0653710036034,NA
"6-12 Months","conditional_typical_reef",71,0.0235496618049207,75,0.829326064977983,65.4248163259846,89.0653710036034,NA
"6-12 Months","conditional_typical_reef",72,0.0242504469452402,75,0.829326064977983,65.4248163259846,89.0653710036034,NA
"6-12 Months","conditional_typical_reef",73,0.0249720858802749,75,0.829326064977983,65.4248163259846,89.0653710036034,NA
"6-12 Months","conditional_typical_reef",74,0.0257151991722043,75,0.829326064977983,65.4248163259846,89.0653710036034,NA
"6-12 Months","conditional_typical_reef",75,0.0264804258497472,75,0.829326064977983,65.4248163259846,89.0653710036034,NA
"6-12 Months","conditional_typical_reef",76,0.0272684239576842,75,0.829326064977983,65.4248163259846,89.0653710036034,NA
"6-12 Months","conditional_typical_reef",77,0.0280798711227337,75,0.829326064977983,65.4248163259846,89.0653710036034,NA
"6-12 Months","conditional_typical_reef",78,0.0289154651362658,75,0.829326064977983,65.4248163259846,89.0653710036034,NA
"6-12 Months","conditional_typical_reef",79,0.0297759245543576,75,0.829326064977983,65.4248163259846,89.0653710036034,NA
"6-12 Months","conditional_typical_reef",80,0.0306619893157041,75,0.829326064977983,65.4248163259846,89.0653710036034,NA
"6-12 Months","conditional_typical_reef",81,0.031574421377917,75,0.829326064977983,65.4248163259846,89.0653710036034,NA
"6-12 Months","conditional_typical_reef",82,0.0325140053727584,75,0.829326064977983,65.4248163259846,89.0653710036034,NA
"6-12 Months","conditional_typical_reef",83,0.0334815492808724,75,0.829326064977983,65.4248163259846,89.0653710036034,NA
"6-12 Months","conditional_typical_reef",84,0.034477885126596,75,0.829326064977983,65.4248163259846,89.0653710036034,NA
"6-12 Months","conditional_typical_reef",85,0.035503869693445,75,0.829326064977983,65.4248163259846,89.0653710036034,NA
"6-12 Months","conditional_typical_reef",86,0.0365603852608918,75,0.829326064977983,65.4248163259846,89.0653710036034,NA
"6-12 Months","conditional_typical_reef",87,0.037648340363068,75,0.829326064977983,65.4248163259846,89.0653710036034,NA
"6-12 Months","conditional_typical_reef",88,0.0387686705700443,75,0.829326064977983,65.4248163259846,89.0653710036034,NA
"6-12 Months","conditional_typical_reef",89,0.0399223392923591,75,0.829326064977983,65.4248163259846,89.0653710036034,NA
"6-12 Months","conditional_typical_reef",90,0.0411103386094887,75,0.829326064977983,65.4248163259846,89.0653710036034,NA
"6-12 Months","conditional_typical_reef",91,0.0423336901229704,75,0.829326064977983,65.4248163259846,89.0653710036034,NA
"6-12 Months","conditional_typical_reef",92,0.043593445834913,75,0.829326064977983,65.4248163259846,89.0653710036034,NA
"6-12 Months","conditional_typical_reef",93,0.0448906890526498,75,0.829326064977983,65.4248163259846,89.0653710036034,NA
"6-12 Months","conditional_typical_reef",94,0.0462265353203116,75,0.829326064977983,65.4248163259846,89.0653710036034,NA
"6-12 Months","conditional_typical_reef",95,0.0476021333781215,75,0.829326064977983,65.4248163259846,89.0653710036034,NA
"6-12 Months","conditional_typical_reef",96,0.0490186661502364,75,0.829326064977983,65.4248163259846,89.0653710036034,NA
"6-12 Months","conditional_typical_reef",97,0.0504773517619843,75,0.829326064977983,65.4248163259846,89.0653710036034,NA
"6-12 Months","conditional_typical_reef",98,0.051979444587372,75,0.829326064977983,65.4248163259846,89.0653710036034,NA
"6-12 Months","conditional_typical_reef",99,0.0535262363277646,75,0.829326064977983,65.4248163259846,89.0653710036034,NA
"6-12 Months","conditional_typical_reef",100,0.0551190571226641,75,0.829326064977983,65.4248163259846,89.0653710036034,NA
"6-12 Months","marginal_new_reef",0,0.00414137372557638,75,0.829326064977983,53.6978765610353,77.3355469697407,NA
"6-12 Months","marginal_new_reef",1,0.0042646117232782,75,0.829326064977983,53.6978765610353,77.3355469697407,NA
"6-12 Months","marginal_new_reef",2,0.00439151700750955,75,0.829326064977983,53.6978765610353,77.3355469697407,NA
"6-12 Months","marginal_new_reef",3,0.00452219870849602,75,0.829326064977983,53.6978765610353,77.3355469697407,NA
"6-12 Months","marginal_new_reef",4,0.00465676920393404,75,0.829326064977983,53.6978765610353,77.3355469697407,NA
"6-12 Months","marginal_new_reef",5,0.00479534421562836,75,0.829326064977983,53.6978765610353,77.3355469697407,NA
"6-12 Months","marginal_new_reef",6,0.00493804290900523,75,0.829326064977983,53.6978765610353,77.3355469697407,NA
"6-12 Months","marginal_new_reef",7,0.00508498799558681,75,0.829326064977983,53.6978765610353,77.3355469697407,NA
"6-12 Months","marginal_new_reef",8,0.00523630583851505,75,0.829326064977983,53.6978765610353,77.3355469697407,NA
"6-12 Months","marginal_new_reef",9,0.00539212656121574,75,0.829326064977983,53.6978765610353,77.3355469697407,NA
"6-12 Months","marginal_new_reef",10,0.00555258415929608,75,0.829326064977983,53.6978765610353,77.3355469697407,NA
"6-12 Months","marginal_new_reef",11,0.00571781661577217,75,0.829326064977983,53.6978765610353,77.3355469697407,NA
"6-12 Months","marginal_new_reef",12,0.00588796601972529,75,0.829326064977983,53.6978765610353,77.3355469697407,NA
"6-12 Months","marginal_new_reef",13,0.00606317868848928,75,0.829326064977983,53.6978765610353,77.3355469697407,NA
"6-12 Months","marginal_new_reef",14,0.00624360529347379,75,0.829326064977983,53.6978765610353,77.3355469697407,NA
"6-12 Months","marginal_new_reef",15,0.00642940098973183,75,0.829326064977983,53.6978765610353,77.3355469697407,NA
"6-12 Months","marginal_new_reef",16,0.00662072554938295,75,0.829326064977983,53.6978765610353,77.3355469697407,NA
"6-12 Months","marginal_new_reef",17,0.00681774349900682,75,0.829326064977983,53.6978765610353,77.3355469697407,NA
"6-12 Months","marginal_new_reef",18,0.00702062426112526,75,0.829326064977983,53.6978765610353,77.3355469697407,NA
"6-12 Months","marginal_new_reef",19,0.00722954229989451,75,0.829326064977983,53.6978765610353,77.3355469697407,NA
"6-12 Months","marginal_new_reef",20,0.00744467727113297,75,0.829326064977983,53.6978765610353,77.3355469697407,NA
"6-12 Months","marginal_new_reef",21,0.00766621417681346,75,0.829326064977983,53.6978765610353,77.3355469697407,NA
"6-12 Months","marginal_new_reef",22,0.00789434352415275,75,0.829326064977983,53.6978765610353,77.3355469697407,NA
"6-12 Months","marginal_new_reef",23,0.00812926148943528,75,0.829326064977983,53.6978765610353,77.3355469697407,NA
"6-12 Months","marginal_new_reef",24,0.00837117008671192,75,0.829326064977983,53.6978765610353,77.3355469697407,NA
"6-12 Months","marginal_new_reef",25,0.00862027734151882,75,0.829326064977983,53.6978765610353,77.3355469697407,NA
"6-12 Months","marginal_new_reef",26,0.00887679746976571,75,0.829326064977983,53.6978765610353,77.3355469697407,NA
"6-12 Months","marginal_new_reef",27,0.00914095106194756,75,0.829326064977983,53.6978765610353,77.3355469697407,NA
"6-12 Months","marginal_new_reef",28,0.00941296527283792,75,0.829326064977983,53.6978765610353,77.3355469697407,NA
"6-12 Months","marginal_new_reef",29,0.00969307401682718,75,0.829326064977983,53.6978765610353,77.3355469697407,NA
"6-12 Months","marginal_new_reef",30,0.00998151816907357,75,0.829326064977983,53.6978765610353,77.3355469697407,NA
"6-12 Months","marginal_new_reef",31,0.01027854577264,75,0.829326064977983,53.6978765610353,77.3355469697407,NA
"6-12 Months","marginal_new_reef",32,0.0105844122517949,75,0.829326064977983,53.6978765610353,77.3355469697407,NA
"6-12 Months","marginal_new_reef",33,0.0108993806316603,75,0.829326064977983,53.6978765610353,77.3355469697407,NA
"6-12 Months","marginal_new_reef",34,0.0112237217643961,75,0.829326064977983,53.6978765610353,77.3355469697407,NA
"6-12 Months","marginal_new_reef",35,0.0115577145621154,75,0.829326064977983,53.6978765610353,77.3355469697407,NA
"6-12 Months","marginal_new_reef",36,0.0119016462367305,75,0.829326064977983,53.6978765610353,77.3355469697407,NA
"6-12 Months","marginal_new_reef",37,0.0122558125469362,75,0.829326064977983,53.6978765610353,77.3355469697407,NA
"6-12 Months","marginal_new_reef",38,0.012620518052543,75,0.829326064977983,53.6978765610353,77.3355469697407,NA
"6-12 Months","marginal_new_reef",39,0.0129960763763788,75,0.829326064977983,53.6978765610353,77.3355469697407,NA
"6-12 Months","marginal_new_reef",40,0.0133828104739836,75,0.829326064977983,53.6978765610353,77.3355469697407,NA
"6-12 Months","marginal_new_reef",41,0.0137810529113302,75,0.829326064977983,53.6978765610353,77.3355469697407,NA
"6-12 Months","marginal_new_reef",42,0.0141911461508092,75,0.829326064977983,53.6978765610353,77.3355469697407,NA
"6-12 Months","marginal_new_reef",43,0.0146134428457245,75,0.829326064977983,53.6978765610353,77.3355469697407,NA
"6-12 Months","marginal_new_reef",44,0.0150483061435512,75,0.829326064977983,53.6978765610353,77.3355469697407,NA
"6-12 Months","marginal_new_reef",45,0.0154961099982195,75,0.829326064977983,53.6978765610353,77.3355469697407,NA
"6-12 Months","marginal_new_reef",46,0.0159572394916902,75,0.829326064977983,53.6978765610353,77.3355469697407,NA
"6-12 Months","marginal_new_reef",47,0.0164320911650997,75,0.829326064977983,53.6978765610353,77.3355469697407,NA
"6-12 Months","marginal_new_reef",48,0.01692107335976,75,0.829326064977983,53.6978765610353,77.3355469697407,NA
"6-12 Months","marginal_new_reef",49,0.0174246065683048,75,0.829326064977983,53.6978765610353,77.3355469697407,NA
"6-12 Months","marginal_new_reef",50,0.0179431237962859,75,0.829326064977983,53.6978765610353,77.3355469697407,NA
"6-12 Months","marginal_new_reef",51,0.0184770709345299,75,0.829326064977983,53.6978765610353,77.3355469697407,NA
"6-12 Months","marginal_new_reef",52,0.0190269071425743,75,0.829326064977983,53.6978765610353,77.3355469697407,NA
"6-12 Months","marginal_new_reef",53,0.0195931052435156,75,0.829326064977983,53.6978765610353,77.3355469697407,NA
"6-12 Months","marginal_new_reef",54,0.0201761521306052,75,0.829326064977983,53.6978765610353,77.3355469697407,NA
"6-12 Months","marginal_new_reef",55,0.0207765491859463,75,0.829326064977983,53.6978765610353,77.3355469697407,NA
"6-12 Months","marginal_new_reef",56,0.0213948127116495,75,0.829326064977983,53.6978765610353,77.3355469697407,NA
"6-12 Months","marginal_new_reef",57,0.0220314743738187,75,0.829326064977983,53.6978765610353,77.3355469697407,NA
"6-12 Months","marginal_new_reef",58,0.022687081659749,75,0.829326064977983,53.6978765610353,77.3355469697407,NA
"6-12 Months","marginal_new_reef",59,0.0233621983487303,75,0.829326064977983,53.6978765610353,77.3355469697407,NA
"6-12 Months","marginal_new_reef",60,0.02405740499686,75,0.829326064977983,53.6978765610353,77.3355469697407,NA
"6-12 Months","marginal_new_reef",61,0.0247732994362835,75,0.829326064977983,53.6978765610353,77.3355469697407,NA
"6-12 Months","marginal_new_reef",62,0.0255104972892907,75,0.829326064977983,53.6978765610353,77.3355469697407,NA
"6-12 Months","marginal_new_reef",63,0.0262696324977105,75,0.829326064977983,53.6978765610353,77.3355469697407,NA
"6-12 Months","marginal_new_reef",64,0.0270513578680597,75,0.829326064977983,53.6978765610353,77.3355469697407,NA
"6-12 Months","marginal_new_reef",65,0.0278563456329133,75,0.829326064977983,53.6978765610353,77.3355469697407,NA
"6-12 Months","marginal_new_reef",66,0.0286852880289807,75,0.829326064977983,53.6978765610353,77.3355469697407,NA
"6-12 Months","marginal_new_reef",67,0.0295388978923841,75,0.829326064977983,53.6978765610353,77.3355469697407,NA
"6-12 Months","marginal_new_reef",68,0.0304179092716504,75,0.829326064977983,53.6978765610353,77.3355469697407,NA
"6-12 Months","marginal_new_reef",69,0.031323078058945,75,0.829326064977983,53.6978765610353,77.3355469697407,NA
"6-12 Months","marginal_new_reef",70,0.0322551826400898,75,0.829326064977983,53.6978765610353,77.3355469697407,NA
"6-12 Months","marginal_new_reef",71,0.0332150245639234,75,0.829326064977983,53.6978765610353,77.3355469697407,NA
"6-12 Months","marginal_new_reef",72,0.0342034292315811,75,0.829326064977983,53.6978765610353,77.3355469697407,NA
"6-12 Months","marginal_new_reef",73,0.0352212466062855,75,0.829326064977983,53.6978765610353,77.3355469697407,NA
"6-12 Months","marginal_new_reef",74,0.0362693519442592,75,0.829326064977983,53.6978765610353,77.3355469697407,NA
"6-12 Months","marginal_new_reef",75,0.0373486465473878,75,0.829326064977983,53.6978765610353,77.3355469697407,NA
"6-12 Months","marginal_new_reef",76,0.0384600585382804,75,0.829326064977983,53.6978765610353,77.3355469697407,NA
"6-12 Months","marginal_new_reef",77,0.0396045436583942,75,0.829326064977983,53.6978765610353,77.3355469697407,NA
"6-12 Months","marginal_new_reef",78,0.0407830860899096,75,0.829326064977983,53.6978765610353,77.3355469697407,NA
"6-12 Months","marginal_new_reef",79,0.0419966993020623,75,0.829326064977983,53.6978765610353,77.3355469697407,NA
"6-12 Months","marginal_new_reef",80,0.0432464269226603,75,0.829326064977983,53.6978765610353,77.3355469697407,NA
"6-12 Months","marginal_new_reef",81,0.0445333436355355,75,0.829326064977983,53.6978765610353,77.3355469697407,NA
"6-12 Months","marginal_new_reef",82,0.0458585561047016,75,0.829326064977983,53.6978765610353,77.3355469697407,NA
"6-12 Months","marginal_new_reef",83,0.047223203926012,75,0.829326064977983,53.6978765610353,77.3355469697407,NA
"6-12 Months","marginal_new_reef",84,0.0486284606071382,75,0.829326064977983,53.6978765610353,77.3355469697407,NA
"6-12 Months","marginal_new_reef",85,0.0500755345767089,75,0.829326064977983,53.6978765610353,77.3355469697407,NA
"6-12 Months","marginal_new_reef",86,0.0515656702234798,75,0.829326064977983,53.6978765610353,77.3355469697407,NA
"6-12 Months","marginal_new_reef",87,0.0531001489664263,75,0.829326064977983,53.6978765610353,77.3355469697407,NA
"6-12 Months","marginal_new_reef",88,0.0546802903566796,75,0.829326064977983,53.6978765610353,77.3355469697407,NA
"6-12 Months","marginal_new_reef",89,0.0563074532122544,75,0.829326064977983,53.6978765610353,77.3355469697407,NA
"6-12 Months","marginal_new_reef",90,0.0579830367865433,75,0.829326064977983,53.6978765610353,77.3355469697407,NA
"6-12 Months","marginal_new_reef",91,0.0597084819715827,75,0.829326064977983,53.6978765610353,77.3355469697407,NA
"6-12 Months","marginal_new_reef",92,0.061485272537126,75,0.829326064977983,53.6978765610353,77.3355469697407,NA
"6-12 Months","marginal_new_reef",93,0.063314936406588,75,0.829326064977983,53.6978765610353,77.3355469697407,NA
"6-12 Months","marginal_new_reef",94,0.0651990469709587,75,0.829326064977983,53.6978765610353,77.3355469697407,NA
"6-12 Months","marginal_new_reef",95,0.0671392244418171,75,0.829326064977983,53.6978765610353,77.3355469697407,NA
"6-12 Months","marginal_new_reef",96,0.069137137244606,75,0.829326064977983,53.6978765610353,77.3355469697407,NA
"6-12 Months","marginal_new_reef",97,0.0711945034533693,75,0.829326064977983,53.6978765610353,77.3355469697407,NA
"6-12 Months","marginal_new_reef",98,0.0733130922681828,75,0.829326064977983,53.6978765610353,77.3355469697407,NA
"6-12 Months","marginal_new_reef",99,0.0754947255365502,75,0.829326064977983,53.6978765610353,77.3355469697407,NA
"6-12 Months","marginal_new_reef",100,0.0777412793200723,75,0.829326064977983,53.6978765610353,77.3355469697407,NA
