"edna_pct","distance_m","lag_days","distance_label","lag_label","estimate","lower","upper"
0,200,30,"200 m","30 days",0.0247405701491287,0.0141816065064694,0.056333269863897
0,200,183,"200 m","183 days",0.0228889085268117,0.0130596370736412,0.052263267330226
0,2000,30,"2,000 m","30 days",0.0191042404839937,0.0110251461018856,0.0435828267530407
0,2000,183,"2,000 m","183 days",0.0176911119474477,0.0101590371964376,0.0403716152731007
2,200,30,"200 m","30 days",0.0251692849632367,0.0144500987302411,0.0573267409098658
2,200,183,"200 m","183 days",0.0232861561780037,0.0133009770016195,0.0530277145616766
2,2000,30,"2,000 m","30 days",0.0194470774538468,0.0112225745858712,0.044276453999967
2,2000,183,"2,000 m","183 days",0.0179873847236292,0.0103567928989741,0.0410480208223232
4,200,30,"200 m","30 days",0.025614077670422,0.0147301492456144,0.0582505279682886
4,200,183,"200 m","183 days",0.0236958169089527,0.0135470100029624,0.0538571645603453
4,2000,30,"2,000 m","30 days",0.0197758575148363,0.0114349239870428,0.0450466548044008
4,2000,183,"2,000 m","183 days",0.018308342113985,0.0105375675797888,0.0416451249194133
6,200,30,"200 m","30 days",0.0260590704650681,0.0150059936533133,0.0592743755619368
6,200,183,"200 m","183 days",0.0240949129060429,0.0137997685822513,0.0547571725158229
6,2000,30,"2,000 m","30 days",0.0201213106445041,0.0116576255639662,0.0458348807107481
6,2000,183,"2,000 m","183 days",0.0186238657285853,0.0107482968607764,0.0423332789923451
8,200,30,"200 m","30 days",0.026504023538295,0.0152949343957022,0.0601770369542395
8,200,183,"200 m","183 days",0.0245088090148219,0.0140696877419358,0.0556434261153805
8,2000,30,"2,000 m","30 days",0.0204634408645327,0.0118847902708932,0.0465939492795055
8,2000,183,"2,000 m","183 days",0.0189377089472238,0.0109498984743119,0.0430417308002746
10,200,30,"200 m","30 days",0.0269644982023983,0.0155991958474546,0.0611171080584199
10,200,183,"200 m","183 days",0.0249501133656187,0.0143394271645413,0.0565212441999428
10,2000,30,"2,000 m","30 days",0.0208074979167597,0.0121122699479554,0.0473682285370119
10,2000,183,"2,000 m","183 days",0.0192591927323798,0.0111586125666894,0.0436842663537051
12,200,30,"200 m","30 days",0.0274249822243261,0.0159016951513138,0.0621324977074957
12,200,183,"200 m","183 days",0.0253809411718389,0.0146078947697172,0.0574569004116905
12,2000,30,"2,000 m","30 days",0.0211600594036269,0.0123372060695794,0.0481358904248898
12,2000,183,"2,000 m","183 days",0.0195860527306289,0.0113698654643771,0.0443899079119401
14,200,30,"200 m","30 days",0.0279003910088056,0.0162181999762041,0.0631349287299357
14,200,183,"200 m","183 days",0.0258154793963385,0.0148737614524644,0.0583828392417002
14,2000,30,"2,000 m","30 days",0.0215204327712043,0.0125823753679375,0.04890190227345
14,2000,183,"2,000 m","183 days",0.0199291930858509,0.0115775737302749,0.0450629903630803
16,200,30,"200 m","30 days",0.0283953260507943,0.0165249639169184,0.064078628659216
16,200,183,"200 m","183 days",0.0262592600463384,0.0151341100344681,0.0593332717338566
16,2000,30,"2,000 m","30 days",0.0218904293899007,0.0128310310220704,0.0496311228361979
16,2000,183,"2,000 m","183 days",0.0202776365801288,0.0117981626568978,0.045875263694138
18,200,30,"200 m","30 days",0.0288710493775791,0.016838998728205,0.0650681170082077
18,200,183,"200 m","183 days",0.0266939533526309,0.0154529137521063,0.0603059763142659
18,2000,30,"2,000 m","30 days",0.0222759938633799,0.0130675307937054,0.0504087672460284
18,2000,183,"2,000 m","183 days",0.0206098367661363,0.0120196661452727,0.0466990349386354
20,200,30,"200 m","30 days",0.0293835536434317,0.0171666076177635,0.0661569542391214
20,200,183,"200 m","183 days",0.0271615225142558,0.0157540711281993,0.0613454198024254
20,2000,30,"2,000 m","30 days",0.0226713998034412,0.0133147408252736,0.0511647398928398
20,2000,183,"2,000 m","183 days",0.0209774107194773,0.0122588438398167,0.0476166120606589
22,200,30,"200 m","30 days",0.0298932775014572,0.0174952767132872,0.0672274599487294
22,200,183,"200 m","183 days",0.0276193096552697,0.0160691679210649,0.0623667354715766
22,2000,30,"2,000 m","30 days",0.0230790717521468,0.013570562592447,0.051907153468781
22,2000,183,"2,000 m","183 days",0.021349870161691,0.0124900577556593,0.0483364356319191
24,200,30,"200 m","30 days",0.0304062599334481,0.0178231893074557,0.0682653414874537
24,200,183,"200 m","183 days",0.0281079179800635,0.0163749996544365,0.0633246233020296
24,2000,30,"2,000 m","30 days",0.0234825754221102,0.0138297137906111,0.052667409960279
24,2000,183,"2,000 m","183 days",0.0217265479185272,0.0127179784529821,0.0490360993331392
26,200,30,"200 m","30 days",0.0309270901044329,0.0181563934736141,0.0694882681683834
26,200,183,"200 m","183 days",0.0286036975782481,0.0166686904361112,0.0643753096839482
26,2000,30,"2,000 m","30 days",0.0238975649539938,0.0140962036527981,0.0535002093967504
26,2000,183,"2,000 m","183 days",0.022107169346283,0.0129447653396846,0.0497872821742731
28,200,30,"200 m","30 days",0.0314594400936994,0.0184930562027466,0.0706365816470861
28,200,183,"200 m","183 days",0.0291227673810416,0.0169526546934778,0.0653823796869821
28,2000,30,"2,000 m","30 days",0.024317658286009,0.0143364506130163,0.0543949694058017
28,2000,183,"2,000 m","183 days",0.0224862969467296,0.0131861038289636,0.0505117900740218
30,200,30,"200 m","30 days",0.0319966200195936,0.018833553958553,0.0717905984116668
30,200,183,"200 m","183 days",0.0296206675696649,0.0172840830480607,0.0664328074433264
30,2000,30,"2,000 m","30 days",0.0247493549057049,0.0146101689020448,0.0553382631520173
30,2000,183,"2,000 m","183 days",0.0228715716251711,0.0134298847798848,0.0513387727075955
32,200,30,"200 m","30 days",0.0325431596838368,0.0191636514165802,0.072927547082427
32,200,183,"200 m","183 days",0.0301188013963723,0.0176025563750031,0.0674645787587191
32,2000,30,"2,000 m","30 days",0.0251852372542727,0.0148800745304783,0.0563193303415845
32,2000,183,"2,000 m","183 days",0.0232779248713114,0.0136879552659743,0.0521776247127649
34,200,30,"200 m","30 days",0.0331022653564618,0.0195455299400259,0.0739223898698454
34,200,183,"200 m","183 days",0.0306142514130366,0.0179123344933922,0.0686777684459201
34,2000,30,"2,000 m","30 days",0.0256098529276156,0.015145996922168,0.0572457345599737
34,2000,183,"2,000 m","183 days",0.0236810333815325,0.0139448461254022,0.0530487586103936
36,200,30,"200 m","30 days",0.033667331324829,0.0199108074234624,0.0752230733395024
36,200,183,"200 m","183 days",0.0311347651025781,0.0182536793940858,0.069831602552734
36,2000,30,"2,000 m","30 days",0.0260575917890189,0.0154294475974676,0.0582434407863613
36,2000,183,"2,000 m","183 days",0.0240649996203366,0.0141884921151572,0.0539114653265839
38,200,30,"200 m","30 days",0.0342598101316152,0.0202577198485647,0.0764357932279112
38,200,183,"200 m","183 days",0.031678701514063,0.0185975566244995,0.0710607895883587
38,2000,30,"2,000 m","30 days",0.0265073104209353,0.0157189734629499,0.059213991234878
38,2000,183,"2,000 m","183 days",0.024501058912388,0.0144676495773159,0.0547756890823779
40,200,30,"200 m","30 days",0.0348267739154928,0.0206551875580294,0.0776181942885357
40,200,183,"200 m","183 days",0.0322232057634676,0.0189466860673287,0.0722657962044439
40,2000,30,"2,000 m","30 days",0.0269667908379332,0.0160328488759901,0.0602248450561418
40,2000,183,"2,000 m","183 days",0.0249216870534892,0.0147221540706233,0.0556795264067899
42,200,30,"200 m","30 days",0.0354283822654936,0.0210221524906498,0.0790016592057845
42,200,183,"200 m","183 days",0.0327855119579872,0.0192645029512762,0.0733444312615579
42,2000,30,"2,000 m","30 days",0.027427855577799,0.0163388109174563,0.0611526250691749
42,2000,183,"2,000 m","183 days",0.0253543976235323,0.0149735795607955,0.0566802865331311
44,200,30,"200 m","30 days",0.0360322388089566,0.0214258090229982,0.0803066306731454
44,200,183,"200 m","183 days",0.0333528386273601,0.0196495359743076,0.0746955032980162
44,2000,30,"2,000 m","30 days",0.0278978484932986,0.0166574556937665,0.0621150175127323
44,2000,183,"2,000 m","183 days",0.0257994772071206,0.0152580711455958,0.0576599522106447
46,200,30,"200 m","30 days",0.03666590355182,0.0218102718572433,0.0814685282660439
46,200,183,"200 m","183 days",0.0339299545957771,0.0200188877910632,0.0759399033504223
46,2000,30,"2,000 m","30 days",0.028390645379346,0.0169702457419941,0.0631139278322759
46,2000,183,"2,000 m","183 days",0.02623745873564,0.0155322109486194,0.0586001504207282
48,200,30,"200 m","30 days",0.0372948493168064,0.0222003941860979,0.0827033072377094
48,200,183,"200 m","183 days",0.0345327279513616,0.0203806229760942,0.0773137989986902
48,2000,30,"2,000 m","30 days",0.0288844831025161,0.0172760330203574,0.0641742445211805
48,2000,183,"2,000 m","183 days",0.0267003563678673,0.0158261844088124,0.0596128499269163
50,200,30,"200 m","30 days",0.0379537126077156,0.0225923609666242,0.0841466799448707
50,200,183,"200 m","183 days",0.0351607835091867,0.02076112383954,0.0785843325755499
50,2000,30,"2,000 m","30 days",0.0293737444416992,0.0175740981416657,0.0651592800955179
50,2000,183,"2,000 m","183 days",0.0271463649221627,0.0161073693902352,0.0606152300306413
52,200,30,"200 m","30 days",0.0386314048331067,0.0230206198779377,0.0855032965004835
52,200,183,"200 m","183 days",0.0357669644345087,0.0211499400245019,0.079797092505614
52,2000,30,"2,000 m","30 days",0.0298831899195417,0.017865237989243,0.066240569905161
52,2000,183,"2,000 m","183 days",0.0276199374600465,0.0163917464584667,0.0614889616925103
54,200,30,"200 m","30 days",0.0393060961230169,0.0234752483062306,0.0870360396398016
54,200,183,"200 m","183 days",0.0363808268973619,0.0215407255834137,0.0811277057194865
54,2000,30,"2,000 m","30 days",0.0304073958298006,0.0182049340694971,0.067312907880976
54,2000,183,"2,000 m","183 days",0.0281000253769195,0.0167013661321151,0.0624042820533599
56,200,30,"200 m","30 days",0.0399760334574431,0.0238778089122193,0.0883515901780418
56,200,183,"200 m","183 days",0.0370135090946286,0.0219141686999486,0.0824784803700986
56,2000,30,"2,000 m","30 days",0.0309325940653028,0.0184870618073963,0.0683801980954413
56,2000,183,"2,000 m","183 days",0.0286085244568453,0.0169709280919667,0.0632678960677942
58,200,30,"200 m","30 days",0.0406804685100372,0.0243018498600867,0.0898180240452193
58,200,183,"200 m","183 days",0.0376541256391787,0.0223195174281525,0.0836784463083707
58,2000,30,"2,000 m","30 days",0.0314903329748146,0.0188288859138848,0.0695374578728918
58,2000,183,"2,000 m","183 days",0.0291088046730591,0.0172666480546522,0.0643169006225995
60,200,30,"200 m","30 days",0.041394412038033,0.0247155002119209,0.091262699631697
60,200,183,"200 m","183 days",0.0383240608383251,0.0227576220320749,0.0849391554782567
60,2000,30,"2,000 m","30 days",0.0320552006282247,0.0191525913595181,0.0707247033228457
60,2000,183,"2,000 m","183 days",0.0296056421684456,0.0175649137034647,0.0654429767635266
62,200,30,"200 m","30 days",0.0421393918784638,0.0251401190698435,0.0928118328105997
62,200,183,"200 m","183 days",0.0389786897713584,0.0231785213480746,0.0863534904430781
62,2000,30,"2,000 m","30 days",0.0326177612797084,0.0194868476412025,0.0717686349720491
62,2000,183,"2,000 m","183 days",0.0301275384857333,0.0178550018558013,0.0664866348793617
64,200,30,"200 m","30 days",0.0428577317203172,0.0256063415646201,0.0946656508685529
64,200,183,"200 m","183 days",0.039656118991777,0.0236068652457451,0.0878018998951213
64,2000,30,"2,000 m","30 days",0.0331866094094871,0.0198152992462595,0.072957666817262
64,2000,183,"2,000 m","183 days",0.0306491133245131,0.0181768228744665,0.0676284546285808
66,200,30,"200 m","30 days",0.0436011594656806,0.0260632122253986,0.0965297541394275
66,200,183,"200 m","183 days",0.0403579345308292,0.0240654991674531,0.089253709511838
66,2000,30,"2,000 m","30 days",0.0337413060294806,0.0201512424755606,0.0742727251933936
66,2000,183,"2,000 m","183 days",0.0311849787768368,0.0185085200625783,0.0688882263253175
68,200,30,"200 m","30 days",0.0443731228498824,0.0265347774470888,0.0981949453206883
68,200,183,"200 m","183 days",0.0410810801067996,0.0245139527360749,0.0905783110799034
68,2000,30,"2,000 m","30 days",0.0343268366293402,0.0205117334660393,0.0755286391260733
68,2000,183,"2,000 m","183 days",0.0317338862993074,0.0188064263799487,0.0699567774595118
70,200,30,"200 m","30 days",0.045131949388056,0.0270280980503441,0.0996316070127579
70,200,183,"200 m","183 days",0.0418023536444422,0.0249393959821493,0.0920315445048419
70,2000,30,"2,000 m","30 days",0.0349068311022461,0.0208653864983464,0.0768183504731709
70,2000,183,"2,000 m","183 days",0.0322992236555896,0.019127629859716,0.0711922663073042
72,200,30,"200 m","30 days",0.0458943540259648,0.027522937437183,0.101207553431303
72,200,183,"200 m","183 days",0.0425357576907343,0.0253861314041912,0.0936410892705113
72,2000,30,"2,000 m","30 days",0.035511420065813,0.0212097940510885,0.0779963553560653
72,2000,183,"2,000 m","183 days",0.0328733348093589,0.0194701739775313,0.072455058278571
74,200,30,"200 m","30 days",0.0467324962853137,0.0280255563872737,0.102830924886895
74,200,183,"200 m","183 days",0.043283717041798,0.0257930415515714,0.0953290970796102
74,2000,30,"2,000 m","30 days",0.0361241812028582,0.0215590956491635,0.0793913113845771
74,2000,183,"2,000 m","183 days",0.0334427197937815,0.0198288189200018,0.0735780976459093
76,200,30,"200 m","30 days",0.0475588332215548,0.0285258712001792,0.10449009757316
76,200,183,"200 m","183 days",0.0440415599043264,0.0262533244173945,0.0970261529603576
76,2000,30,"2,000 m","30 days",0.0367719096694791,0.021920348079061,0.0806050729910065
76,2000,183,"2,000 m","183 days",0.0340364603397764,0.0201621602329096,0.0747721902084422
78,200,30,"200 m","30 days",0.0484110814092844,0.0290606708427019,0.106285933810507
78,200,183,"200 m","183 days",0.044814749697797,0.0267013512047958,0.0987487463437095
78,2000,30,"2,000 m","30 days",0.037438410549392,0.0223414682036073,0.0820601376730071
78,2000,183,"2,000 m","183 days",0.0346575373885528,0.0205054158555854,0.0761341571766772
80,200,30,"200 m","30 days",0.0492493561561992,0.029600517415719,0.10810404453939
80,200,183,"200 m","183 days",0.0456115068705197,0.0271587783949609,0.10049073647245
80,2000,30,"2,000 m","30 days",0.0381043068420639,0.0227352879879165,0.083631018148009
80,2000,183,"2,000 m","183 days",0.0352625452177809,0.0208560645044946,0.0774117586308061
82,200,30,"200 m","30 days",0.0501140905461527,0.0301217271431502,0.109854586894017
82,200,183,"200 m","183 days",0.0464050133789802,0.0276266649846772,0.102302173498356
82,2000,30,"2,000 m","30 days",0.0387383390734574,0.0231206605018576,0.0851582054523802
82,2000,183,"2,000 m","183 days",0.035882619618747,0.0212155216489898,0.0786651452357219
84,200,30,"200 m","30 days",0.0510049688500189,0.0306301524369675,0.111832150533061
84,200,183,"200 m","183 days",0.0472098546138957,0.0281233398866971,0.104107512997696
84,2000,30,"2,000 m","30 days",0.0394133798736384,0.0235223299852209,0.086752583720103
84,2000,183,"2,000 m","183 days",0.03652077745989,0.021582406205998,0.079949145745283
86,200,30,"200 m","30 days",0.0518972205578755,0.0311786706783155,0.113706012004565
86,200,183,"200 m","183 days",0.0480518071529444,0.028608439590133,0.106040826289108
86,2000,30,"2,000 m","30 days",0.0401025130796545,0.0239422684316512,0.0883759562782518
86,2000,183,"2,000 m","183 days",0.0371566575102352,0.0219764925351995,0.0812833263241823
88,200,30,"200 m","30 days",0.0528015766445812,0.0317214437725001,0.115717281743585
88,200,183,"200 m","183 days",0.0488800954206613,0.0291135751408748,0.107841259959161
88,2000,30,"2,000 m","30 days",0.040818978445076,0.0243545161125634,0.0899285722969606
88,2000,183,"2,000 m","183 days",0.0378297622015557,0.0223682960781573,0.0826637232690134
90,200,30,"200 m","30 days",0.0537287441264354,0.0322628701644556,0.117560862593885
90,200,183,"200 m","183 days",0.0497544344210177,0.0296660614271862,0.109610799031131
90,2000,30,"2,000 m","30 days",0.0415543583282341,0.0247589745596806,0.0914473035291755
90,2000,183,"2,000 m","183 days",0.0384989309677269,0.0227560371270206,0.0841416314433114
92,200,30,"200 m","30 days",0.0546867395293803,0.0328221807684349,0.119474335465159
92,200,183,"200 m","183 days",0.050618024697277,0.0301946346226519,0.111543329873365
92,2000,30,"2,000 m","30 days",0.0422592822404478,0.0251884975202435,0.0929168340180707
92,2000,183,"2,000 m","183 days",0.0391816526116196,0.0231343388295255,0.0855965836600966
94,200,30,"200 m","30 days",0.055659050961039,0.0333992377476707,0.121473964650917
94,200,183,"200 m","183 days",0.0514981740482179,0.0306811910528157,0.113371241746652
94,2000,30,"2,000 m","30 days",0.0430396894692732,0.0255847745874027,0.0946283996473127
94,2000,183,"2,000 m","183 days",0.0398769117675474,0.0235179944191055,0.0871887081281468
96,200,30,"200 m","30 days",0.0566775384855181,0.033974878646981,0.123615846839724
96,200,183,"200 m","183 days",0.0523912927613019,0.0312398016845805,0.115293941787053
96,2000,30,"2,000 m","30 days",0.0437901026949568,0.0260313337688891,0.096292552178393
96,2000,183,"2,000 m","183 days",0.0405467091019266,0.0239299395346089,0.0888059512285854
98,200,30,"200 m","30 days",0.057690341516714,0.0345607144701186,0.125973323569738
98,200,183,"200 m","183 days",0.0533009961108919,0.0317497901413078,0.117216375203483
98,2000,30,"2,000 m","30 days",0.0445884949578524,0.0264872640532025,0.0977324595284122
98,2000,183,"2,000 m","183 days",0.0412204807346599,0.0243172977777103,0.0903531254944754
100,200,30,"200 m","30 days",0.0587023988601342,0.0351220360908004,0.128367071898899
100,200,183,"200 m","183 days",0.0542400037809328,0.0323241262132013,0.119170861014364
100,2000,30,"2,000 m","30 days",0.0453855427268684,0.0269565567169932,0.0994422391028698
100,2000,183,"2,000 m","183 days",0.0419413437314533,0.024708464374783,0.0919160235477021
