"edna_pct","estimate","lower","upper"
0,0,0,0
1,8.65577590470601e-05,5.29122641135262e-05,0.000133576612816148
2,0.000173873708101912,0.000106224373218861,0.000268556286276398
3,0.000261966998271455,0.000159939348930948,0.000404953773419985
4,0.000350789892159938,0.000214060235699569,0.000542337762655259
5,0.000440406933592321,0.000268590100981934,0.000681888012893746
6,0.000530823198196826,0.000323532035416583,0.000822878178939112
7,0.000622071792131828,0.000378889152998526,0.000965159047858523
8,0.000714469802019808,0.000434664591255792,0.00110893315227676
9,0.000807019787726718,0.000490817027810454,0.00125418993709368
10,0.000900197486824706,0.000546647717068542,0.00140097438288049
11,0.000994590089100343,0.000602742033303342,0.00154826698954808
12,0.001090285766303,0.000659889638147624,0.00169667013742754
13,0.00118640132920001,0.000717505833161157,0.00184635905176087
14,0.00128336210686684,0.000775564217639696,0.00199802401507649
15,0.00138187611820207,0.000834047050111768,0.00214969747059672
16,0.00148166237005054,0.000892957433624665,0.00230235687702427
17,0.00158154639100938,0.000952298493911626,0.00245431986205952
18,0.0016823122218215,0.00101207337955768,0.00260805499685761
19,0.00178330987739083,0.0010722852621667,0.00276317158892043
20,0.00188507614525688,0.00113293733652975,0.00292431171169703
21,0.0019883697176829,0.00119403282079454,0.00308726478637875
22,0.00209216316309972,0.0012555749566362,0.00325193735432813
23,0.00219617690723925,0.00131732145445327,0.00341825486768751
24,0.00230077596554834,0.00137785191470603,0.00358331795134638
25,0.00240655467866512,0.00144069963616116,0.00374985500670793
26,0.00251387559714066,0.00150401065880109,0.00391787920792488
27,0.00262207453628507,0.00156782924414661,0.00408740384702472
28,0.00273115706763551,0.00163218254759789,0.00425844233496575
29,0.00283963668734975,0.00169613190689495,0.00443100820270253
30,0.00295208285669108,0.00176043356318521,0.00460511510226094
31,0.00306457741184434,0.00182617869920958,0.00478130050378879
32,0.00318004373805238,0.00189338371039988,0.00496488962820024
33,0.0032959819804134,0.00196052879737938,0.005150546926205
34,0.00341219440567337,0.00202874334924849,0.00533826663332558
35,0.00352975108807896,0.00209795562431292,0.00552940616970706
36,0.00364777230970898,0.00216851034035748,0.00572684749346166
37,0.00376796363248338,0.00223903108738957,0.0059268438040444
38,0.0038870007780841,0.00231017117159094,0.0061195234976922
39,0.00400791169528288,0.00238193603601961,0.00632178763637903
40,0.00412888450216056,0.00245433117159811,0.00651838870716765
41,0.00425100672884758,0.00252736211753462,0.00671311151152878
42,0.00437416323233622,0.00259901470702063,0.00691846303082367
43,0.00449935250749068,0.002668125151533,0.00712612790538956
44,0.00462361420824376,0.00273759828826936,0.00733613219831537
45,0.00475138268481405,0.00280746145284169,0.00754850226635109
46,0.00487442137441949,0.00287903162635334,0.00776487034533779
47,0.00500235622034973,0.00295561136358802,0.00798399650955704
48,0.00513108530663389,0.00303292261722684,0.00820536886009298
49,0.0052616797581547,0.0031123664224392,0.00842434016818952
50,0.00539745044393106,0.00319272940377736,0.00864365507296509
51,0.00553010003258592,0.00327143716494256,0.00886083005308679
52,0.0056626828522377,0.0033485483092049,0.00907821431456637
53,0.00579631396635962,0.00342611719371787,0.00929498018151247
54,0.00593076911877751,0.00350451326087681,0.00951748706762459
55,0.00606792831767667,0.00358349610028861,0.00974204597840531
56,0.00620538296633142,0.00366746817570391,0.00996830741363236
57,0.0063467286073639,0.00374822635281302,0.0101860239491011
58,0.00649244485952355,0.00382646201097343,0.0104192677587201
59,0.00663703333458441,0.00390518179895053,0.0106610009625661
60,0.00678193795056888,0.0039865248158233,0.0108962893999754
61,0.00692708851817056,0.0040688559804523,0.0111380023868385
62,0.00707696887586034,0.00414706294415334,0.0113863993555863
63,0.0072222681342362,0.00422468715177338,0.0116296001511404
64,0.00737369500148351,0.00431121672330736,0.011875089289136
65,0.00752355244768419,0.00439917805191213,0.0121228883705699
66,0.00767738518082433,0.00448789906569845,0.0123875683668859
67,0.00783386451798572,0.00457568342785172,0.0126675879094895
68,0.00798799195920595,0.00466243507227045,0.0129511132280815
69,0.00814708664651487,0.00474982505714755,0.0132382966004327
70,0.00829975258721051,0.00483785807996478,0.0135291852792087
71,0.00846350040117296,0.00492653887277541,0.0138036209624
72,0.008623626364099,0.00501587220245861,0.0140767654760927
73,0.00878429047214217,0.00510586287097585,0.0143531659172616
74,0.00894986074177653,0.00519651571562908,0.0146532090354106
75,0.00911982336888194,0.00528783560932087,0.0149567437288437
76,0.0092849480810556,0.0053798274608164,0.0152640371904628
77,0.00944960752985408,0.00547249621500749,0.0155751359899151
78,0.00961689803279651,0.00556596284710582,0.0158900872740781
79,0.00978643484105527,0.00566014837396025,0.016191473872646
80,0.00995949231039423,0.00575482559281552,0.016495530816409
81,0.0101308248552169,0.00585019789078456,0.0168028238042121
82,0.0103080244086102,0.00594366434251312,0.0171133873033328
83,0.0104857687681639,0.00603957423908956,0.0174272070416178
84,0.0106611347530065,0.00613692338182255,0.0177677989938854
85,0.0108405878021499,0.00623340585544314,0.0181168743120918
86,0.0110136539491937,0.00633130147360145,0.0184699350505794
87,0.0111927936922757,0.0064301890963464,0.0188068258820612
88,0.0113742892932424,0.00653534735433375,0.0191242111531836
89,0.0115564700548135,0.00663881943070331,0.0194442290077216
90,0.011746382531028,0.00673443027095372,0.0197667355946097
91,0.01193604093676,0.00684329166636645,0.0200949958761527
92,0.0121364371624148,0.00694665501867624,0.0204820138491222
93,0.0123405098390727,0.00705077722144686,0.0208743181910328
94,0.0125475317301062,0.00714692705177441,0.0212709572012503
95,0.0127538690218146,0.00724549962086795,0.0216276902554817
96,0.0129592806633056,0.00735074003186087,0.0220236081482564
97,0.0131588843861712,0.00745520540040158,0.0224304539529959
98,0.0133700420511158,0.00756350046046401,0.0228418543783146
99,0.0135712597661945,0.00767101970249269,0.0232580155305274
100,0.0137882088400958,0.007779373564791,0.0236550477417676
