"edna_pct","edna_prop_z","distance_z","lag_z","log_effort","estimate","lower","upper"
0,-2.97197665171803,0,0,5.37527840768417,0.00779393701641648,0.0029758284834248,0.0171254637340704
1,-2.93506385366199,0,0,5.37527840768417,0.00779393701641648,0.0029758284834248,0.0171254637340704
2,-2.89815105560596,0,0,5.37527840768417,0.00771670015873732,0.00307349075597745,0.0152141217556264
3,-2.86123825754993,0,0,5.37527840768417,0.00771670015873732,0.00307349075597745,0.0152141217556264
4,-2.82432545949389,0,0,5.37527840768417,0.00771670015873732,0.00307349075597745,0.0152141217556264
5,-2.78741266143786,0,0,5.37527840768417,0.0076805728453177,0.00307349075597745,0.0134918531885853
6,-2.75049986338183,0,0,5.37527840768417,0.00772542285698431,0.0030685959521819,0.0134918531885853
7,-2.71358706532579,0,0,5.37527840768417,0.00775004702585715,0.0030685959521819,0.0136691547378346
8,-2.67667426726976,0,0,5.37527840768417,0.00775004702585715,0.0030685959521819,0.0136691547378346
9,-2.63976146921373,0,0,5.37527840768417,0.00775004702585715,0.0030685959521819,0.0136691547378346
10,-2.6028486711577,0,0,5.37527840768417,0.00889078886420638,0.0030685959521819,0.0140048910622243
11,-2.56593587310166,0,0,5.37527840768417,0.00889078886420638,0.00321451872587204,0.0140048910622243
12,-2.52902307504563,0,0,5.37527840768417,0.00889078886420638,0.00321996974310389,0.0140048910622243
13,-2.4921102769896,0,0,5.37527840768417,0.00889078886420638,0.00280394629333858,0.0140048910622243
14,-2.45519747893356,0,0,5.37527840768417,0.00886103648830343,0.00280394629333858,0.0140048910622243
15,-2.41828468087753,0,0,5.37527840768417,0.00886103648830343,0.00280394629333858,0.0140048910622243
16,-2.3813718828215,0,0,5.37527840768417,0.00912102725770738,0.00280394629333858,0.0149536806124228
17,-2.34445908476546,0,0,5.37527840768417,0.00912102725770738,0.00280394629333858,0.0149536806124228
18,-2.30754628670943,0,0,5.37527840768417,0.00912102725770738,0.00280394629333858,0.0149536806124228
19,-2.2706334886534,0,0,5.37527840768417,0.00912102725770738,0.00280394629333858,0.0149536806124228
20,-2.23372069059736,0,0,5.37527840768417,0.00912102725770738,0.00280394629333858,0.0149536806124228
21,-2.19680789254133,0,0,5.37527840768417,0.00912102725770738,0.00280394629333858,0.0149536806124228
22,-2.1598950944853,0,0,5.37527840768417,0.00912102725770738,0.00280394629333858,0.0149536806124228
23,-2.12298229642926,0,0,5.37527840768417,0.00912102725770738,0.00280394629333858,0.0149536806124228
24,-2.08606949837323,0,0,5.37527840768417,0.00912102725770738,0.00280394629333858,0.0149536806124228
25,-2.0491567003172,0,0,5.37527840768417,0.00912102725770738,0.00280394629333858,0.0149536806124228
26,-2.01224390226116,0,0,5.37527840768417,0.0121794823143217,0.00386905325921597,0.0201039707219159
27,-1.97533110420513,0,0,5.37527840768417,0.0121794823143217,0.00386905325921597,0.0201039707219159
28,-1.9384183061491,0,0,5.37527840768417,0.0121794823143217,0.00386905325921597,0.0201039707219159
29,-1.90150550809306,0,0,5.37527840768417,0.0121794823143217,0.00386905325921597,0.0201039707219159
30,-1.86459271003703,0,0,5.37527840768417,0.0125320382692196,0.00589266745028672,0.0262100292576684
31,-1.827679911981,0,0,5.37527840768417,0.0125320382692196,0.00589266745028672,0.0262100292576684
32,-1.79076711392496,0,0,5.37527840768417,0.015364111021713,0.00586972669870765,0.029197359085083
33,-1.75385431586893,0,0,5.37527840768417,0.015364111021713,0.00586972669870765,0.029197359085083
34,-1.7169415178129,0,0,5.37527840768417,0.015364111021713,0.00586972669870765,0.029197359085083
35,-1.68002871975686,0,0,5.37527840768417,0.015364111021713,0.00586972669870765,0.029197359085083
36,-1.64311592170083,0,0,5.37527840768417,0.015364111021713,0.00586972669870765,0.029197359085083
37,-1.6062031236448,0,0,5.37527840768417,0.0147382760489428,0.00586972669870765,0.0287218287587166
38,-1.56929032558876,0,0,5.37527840768417,0.0148606752907788,0.00586972669870765,0.0287218287587166
39,-1.53237752753273,0,0,5.37527840768417,0.0148606752907788,0.00586972669870765,0.0287218287587166
40,-1.4954647294767,0,0,5.37527840768417,0.0148606752907788,0.00586972669870765,0.0287218287587166
41,-1.45855193142066,0,0,5.37527840768417,0.0146483939003061,0.00586972669870765,0.0287218287587166
42,-1.42163913336463,0,0,5.37527840768417,0.0147707931421421,0.00586972669870765,0.0287218287587166
43,-1.3847263353086,0,0,5.37527840768417,0.0147707931421421,0.00586972669870765,0.0287218287587166
44,-1.34781353725256,0,0,5.37527840768417,0.0147707931421421,0.00586972669870765,0.0287218287587166
45,-1.31090073919653,0,0,5.37527840768417,0.0149443182680342,0.00738725798825423,0.0287218287587166
46,-1.2739879411405,0,0,5.37527840768417,0.0153884059853024,0.00740637621945805,0.0312937470497908
47,-1.23707514308446,0,0,5.37527840768417,0.0153884059853024,0.00740637621945805,0.0312937470497908
48,-1.20016234502843,0,0,5.37527840768417,0.0153884059853024,0.00740637621945805,0.0312937470497908
49,-1.1632495469724,0,0,5.37527840768417,0.0239354725237246,0.0132416155327249,0.0346182280668506
50,-1.12633674891636,0,0,5.37527840768417,0.0239354725237246,0.0132416155327249,0.0346182280668506
51,-1.08942395086033,0,0,5.37527840768417,0.0239354725237246,0.0132416155327249,0.0346182280668506
52,-1.0525111528043,0,0,5.37527840768417,0.0239003433121575,0.0142617443921389,0.0344241900024591
53,-1.01559835474826,0,0,5.37527840768417,0.0239359195585604,0.0146655675161768,0.0344241900024591
54,-0.978685556692231,0,0,5.37527840768417,0.0239359195585604,0.0146655675161768,0.0344241900024591
55,-0.941772758636198,0,0,5.37527840768417,0.0243866785808846,0.0170055599952186,0.0340491297620314
56,-0.904859960580164,0,0,5.37527840768417,0.0253696088437681,0.0185813620410584,0.0340491297620314
57,-0.867947162524132,0,0,5.37527840768417,0.0253696088437681,0.0185813620410584,0.0340491297620314
58,-0.831034364468098,0,0,5.37527840768417,0.0253696088437681,0.0185813620410584,0.0340491297620314
59,-0.794121566412065,0,0,5.37527840768417,0.0253696088437681,0.0185813620410584,0.0340491297620314
60,-0.757208768356032,0,0,5.37527840768417,0.0267032031659727,0.0193626489352297,0.0342693457448924
61,-0.720295970299998,0,0,5.37527840768417,0.0275463969619186,0.0193626489352297,0.0342693457448924
62,-0.683383172243965,0,0,5.37527840768417,0.0280827703299346,0.0193626489352297,0.0381233080669685
63,-0.646470374187932,0,0,5.37527840768417,0.0289408454188594,0.0193626489352297,0.0410534239477581
64,-0.609557576131898,0,0,5.37527840768417,0.0299704107973311,0.0193068025840653,0.0417135680163348
65,-0.572644778075865,0,0,5.37527840768417,0.0299704107973311,0.0193068025840653,0.0417135680163348
66,-0.535731980019832,0,0,5.37527840768417,0.0299704107973311,0.0189194021953477,0.0417135680163348
67,-0.498819181963798,0,0,5.37527840768417,0.0299704107973311,0.0189194021953477,0.0417135680163348
68,-0.461906383907765,0,0,5.37527840768417,0.0299704107973311,0.0189194021953477,0.0417135680163348
69,-0.424993585851732,0,0,5.37527840768417,0.0299704107973311,0.0189194021953477,0.0417135680163348
70,-0.388080787795699,0,0,5.37527840768417,0.0269397684821376,0.0181852892593101,0.0375314999509741
71,-0.351167989739666,0,0,5.37527840768417,0.026815723489832,0.0181852892593101,0.0370391262350259
72,-0.314255191683632,0,0,5.37527840768417,0.026815723489832,0.0181852892593101,0.0370391262350259
73,-0.277342393627599,0,0,5.37527840768417,0.026815723489832,0.0181852892593101,0.0370391262350259
74,-0.240429595571566,0,0,5.37527840768417,0.026815723489832,0.0181852892593101,0.0370391262350259
75,-0.203516797515532,0,0,5.37527840768417,0.0272088050842285,0.0193721039427651,0.0378701583102897
76,-0.166603999459499,0,0,5.37527840768417,0.0272088050842285,0.0193721039427651,0.0378701583102897
77,-0.129691201403466,0,0,5.37527840768417,0.0272088050842285,0.0193721039427651,0.0378701583102897
78,-0.0927784033474326,0,0,5.37527840768417,0.0271024737093184,0.0193721039427651,0.0378701583102897
79,-0.0558656052913993,0,0,5.37527840768417,0.0271024737093184,0.0193721039427651,0.0378701583102897
80,-0.018952807235366,0,0,5.37527840768417,0.0268738921041842,0.0195926025509834,0.0362240451353567
81,0.0179599908206673,0,0,5.37527840768417,0.0268738921041842,0.0195926025509834,0.0362240451353567
82,0.0548727888767002,0,0,5.37527840768417,0.0266564046895062,0.0183717523184087,0.0359954272155408
83,0.0917855869327335,0,0,5.37527840768417,0.0266564046895062,0.0183717523184087,0.0359954272155408
84,0.128698384988767,0,0,5.37527840768417,0.0266564046895062,0.0183717523184087,0.0359954272155408
85,0.1656111830448,0,0,5.37527840768417,0.0266564046895062,0.0183717523184087,0.0359954272155408
86,0.202523981100833,0,0,5.37527840768417,0.0266564046895062,0.0183717523184087,0.0359954272155408
87,0.239436779156867,0,0,5.37527840768417,0.0333814941070698,0.0193445389469465,0.0458085860367174
88,0.2763495772129,0,0,5.37527840768417,0.0335882824880105,0.020228072669771,0.0458085860367174
89,0.313262375268933,0,0,5.37527840768417,0.0335882824880105,0.020228072669771,0.0458085860367174
90,0.350175173324967,0,0,5.37527840768417,0.0335882824880105,0.020228072669771,0.0458085860367174
91,0.387087971381,0,0,5.37527840768417,0.0336578808448933,0.020228072669771,0.0457083657935813
92,0.424000769437033,0,0,5.37527840768417,0.0336578808448933,0.020228072669771,0.0457083657935813
93,0.460913567493067,0,0,5.37527840768417,0.0448582349000154,0.0226559082115138,0.0620224672335165
94,0.497826365549099,0,0,5.37527840768417,0.0448582349000154,0.0226559082115138,0.0620224672335165
95,0.534739163605133,0,0,5.37527840768417,0.0448582349000154,0.0226559082115138,0.0620224672335165
96,0.571651961661166,0,0,5.37527840768417,0.0462772139796504,0.0259120480329902,0.0626405671790794
97,0.608564759717199,0,0,5.37527840768417,0.0473754494278519,0.0334627746431916,0.0639007193070871
98,0.645477557773233,0,0,5.37527840768417,0.0473754494278519,0.0334627746431916,0.0639007193070871
99,0.682390355829266,0,0,5.37527840768417,0.0473754494278519,0.0334627746431916,0.0639007193070871
100,0.719303153885299,0,0,5.37527840768417,0.0473754494278519,0.0334627746431916,0.0639007193070871
