"cpue_thr","opt_criterion","perc_star","F1_mean","F1_se","F2_mean","F2_se","Acc_mean","Acc_se","Prec_mean","Prec_se","Rec_mean","Rec_se"
0.02,"F1-Optimized (Balanced)",46,0.848277921395946,0.00416450058107453,0.904564503930071,0.00395145620365627,0.799999999885714,0.00567694642729784,0.77686666650268,0.00563807384486395,0.9499999997625,0.0044766148092393
0.02,"F2-Optimized (Recall-Weighted)",28,0.839696969034917,0.00331569408271465,0.92729870108341,0.00160204589748324,0.771428571318367,0.00530451774075286,0.730990476053595,0.00513863327599665,0.99999999975,0
0.02,"High-Recall Constrained (>=95% Recall)",28,0.839696969034917,0.00331569408271465,0.92729870108341,0.00160204589748324,0.771428571318367,0.00530451774075286,0.730990476053595,0.00513863327599665,0.99999999975,0
0.04,"F1-Optimized (Balanced)",61,0.733438094456864,0.00783483870160577,0.817360638986682,0.00778993714052438,0.799999999885714,0.00623979269461609,0.653599999724352,0.00979270059399136,0.89999999955,0.00895322961624029
0.04,"F2-Optimized (Recall-Weighted)",61,0.733438094456864,0.00783483870160577,0.817360638986682,0.00778993714052438,0.799999999885714,0.00623979269461609,0.653599999724352,0.00979270059399136,0.89999999955,0.00895322961624029
0.04,"High-Recall Constrained (>=95% Recall)",48,0.623263491440229,0.0048706759831879,0.799492174170184,0.00309897117479335,0.628571428481633,0.0068401354111278,0.462733333218083,0.00572921564560614,0.9999999995,0
0.08,"F1-Optimized (Balanced)",83,0.483266665977941,0.0188534643640726,0.539261904270973,0.0200264710697366,0.857142857020408,0.00501928716282694,0.430333332980639,0.0183217549947534,0.5999999994,0.0219308440987977
0.08,"F2-Optimized (Recall-Weighted)",48,0.371599999556274,0.00351502493439926,0.590773809168977,0.00341494268249003,0.485714285644898,0.00686401030190662,0.231252380894865,0.00284489798088645,0.999999999,0
0.08,"High-Recall Constrained (>=95% Recall)",48,0.371599999556274,0.00351502493439926,0.590773809168977,0.00341494268249003,0.485714285644898,0.00686401030190662,0.231252380894865,0.00284489798088645,0.999999999,0
